location,total_sqft,bhk,bath,metro_dist,price
Manikonda,2363,3,3.0,4.0,144.16
Uppal,2056,3,4.0,0.1,116.38
Miyapur,2485,3,4.0,0.2,151.62
Kondapur,3200,4,4.0,2.0,262.91
Gachibowli,1306,2,2.0,1.5,121.83
Ameerpet,3872,4,5.0,0.0,268.96
Jubilee Hills,3989,4,4.0,2.5,759.71
Miyapur,2996,4,4.0,0.2,194.52
Miyapur,854,1,1.0,0.2,65.58
Kukatpally,3183,4,4.0,0.5,218.24
Jubilee Hills,1497,2,2.0,2.5,269.51
Kukatpally,1421,2,3.0,0.5,115.57
Jubilee Hills,3090,4,5.0,2.5,540.74
Gachibowli,2697,3,3.0,1.5,248.3
Ameerpet,3897,4,4.0,0.0,277.56
Jubilee Hills,3662,4,5.0,2.5,652.28
Miyapur,2378,3,3.0,0.2,147.96
Madhapur,3181,4,4.0,1.0,342.39
Uppal,2093,3,3.0,0.1,113.27
Kondapur,2097,3,3.0,2.0,174.47
Miyapur,2235,3,3.0,0.2,146.2
Kukatpally,1631,2,2.0,0.5,130.76
Manikonda,3847,4,4.0,4.0,236.96
Miyapur,3584,4,4.0,0.2,202.97
Manikonda,1729,2,2.0,4.0,102.85
Kukatpally,2436,3,3.0,0.5,169.83
Ameerpet,2985,4,4.0,0.0,214.65
Uppal,1619,2,3.0,0.1,87.95
Manikonda,3828,4,4.0,4.0,241.52
Kondapur,3348,4,5.0,2.0,294.23
Kondapur,1676,2,2.0,2.0,140.09
Miyapur,2301,3,3.0,0.2,142.12
Madhapur,2268,3,3.0,1.0,248.09
Gachibowli,1840,3,3.0,1.5,186.14
Manikonda,1263,2,2.0,4.0,88.62
Miyapur,3295,4,4.0,0.2,199.93
Jubilee Hills,2496,3,4.0,2.5,485.94
Madhapur,2433,3,4.0,1.0,243.8
Manikonda,3354,4,5.0,4.0,217.25
Ameerpet,1267,2,2.0,0.0,103.4
Miyapur,2967,4,4.0,0.2,189.16
Kondapur,3412,4,4.0,2.0,271.94
Jubilee Hills,1803,3,3.0,2.5,349.17
Gachibowli,1784,2,2.0,1.5,159.93
Banjara Hills,1239,2,3.0,3.0,184.0
Miyapur,1331,2,2.0,0.2,96.36
Kukatpally,1453,2,2.0,0.5,107.14
Banjara Hills,2991,4,5.0,3.0,499.16
Jubilee Hills,3568,4,4.0,2.5,639.86
Gachibowli,1249,2,2.0,1.5,111.44
Madhapur,872,1,1.0,1.0,84.85
Gachibowli,2343,3,3.0,1.5,222.3
Kukatpally,2422,3,3.0,0.5,169.14
Kukatpally,1983,3,4.0,0.5,137.59
Uppal,1185,2,2.0,0.1,64.62
Banjara Hills,1883,3,4.0,3.0,287.26
Uppal,3634,4,4.0,0.1,167.68
Kondapur,3225,4,5.0,2.0,262.51
Miyapur,1500,2,2.0,0.2,99.83
Gachibowli,1846,3,3.0,1.5,180.04
Manikonda,3042,4,4.0,4.0,192.13
Banjara Hills,2070,3,4.0,3.0,305.38
Manikonda,3522,4,4.0,4.0,233.44
Manikonda,3180,4,4.0,4.0,188.32
Gachibowli,2039,3,3.0,1.5,183.77
Banjara Hills,3201,4,4.0,3.0,514.74
Kondapur,2766,3,3.0,2.0,255.29
Banjara Hills,3072,4,4.0,3.0,415.06
Miyapur,3571,4,4.0,0.2,211.58
Madhapur,3301,4,4.0,1.0,311.2
Kukatpally,3911,4,4.0,0.5,249.3
Manikonda,2663,3,3.0,4.0,162.98
Miyapur,2574,3,4.0,0.2,159.13
Jubilee Hills,3124,4,4.0,2.5,565.28
Ameerpet,2915,4,4.0,0.0,229.03
Uppal,3864,4,4.0,0.1,184.87
Kukatpally,2908,4,4.0,0.5,218.94
Miyapur,1098,2,2.0,0.2,73.8
Miyapur,1457,2,2.0,0.2,87.21
Manikonda,3098,4,4.0,4.0,202.25
Kondapur,2852,4,4.0,2.0,239.49
Ameerpet,1983,3,3.0,0.0,167.53
Jubilee Hills,2907,4,5.0,2.5,549.87
Banjara Hills,3126,4,4.0,3.0,460.63
Kondapur,3901,4,5.0,2.0,327.73
Gachibowli,3403,4,5.0,1.5,340.76
Manikonda,1717,2,2.0,4.0,127.35
Madhapur,2457,3,3.0,1.0,237.37
Manikonda,3712,4,5.0,4.0,260.87
Kondapur,2033,3,3.0,2.0,154.7
Manikonda,2059,3,3.0,4.0,131.75
Banjara Hills,1535,2,3.0,3.0,246.51
Manikonda,825,1,1.0,4.0,60.54
Manikonda,1866,3,3.0,4.0,114.98
Madhapur,2539,3,3.0,1.0,258.83
Miyapur,3590,4,4.0,0.2,225.37
Gachibowli,2314,3,3.0,1.5,188.32
Madhapur,1799,2,2.0,1.0,182.17
Jubilee Hills,1646,2,2.0,2.5,297.81
Manikonda,2871,4,4.0,4.0,165.99
Ameerpet,2178,3,3.0,0.0,174.93
Ameerpet,3356,4,4.0,0.0,269.4
Jubilee Hills,830,1,1.0,2.5,155.32
Banjara Hills,3125,4,4.0,3.0,505.78
Kukatpally,2423,3,3.0,0.5,165.08
Banjara Hills,2496,3,4.0,3.0,400.86
Kukatpally,2857,4,4.0,0.5,193.02
Uppal,932,1,1.0,0.1,65.34
Uppal,2679,3,3.0,0.1,127.04
Manikonda,1533,2,2.0,4.0,93.3
Madhapur,2790,3,3.0,1.0,284.22
Manikonda,3929,4,4.0,4.0,256.98
Miyapur,2465,3,3.0,0.2,141.9
Uppal,2819,4,4.0,0.1,146.25
Banjara Hills,2257,3,4.0,3.0,331.7
Kondapur,2136,3,4.0,2.0,172.59
Gachibowli,2869,4,4.0,1.5,251.95
Madhapur,1949,3,4.0,1.0,212.39
Banjara Hills,3321,4,4.0,3.0,555.26
Uppal,2652,3,3.0,0.1,133.91
Banjara Hills,3328,4,4.0,3.0,514.93
Madhapur,806,1,1.0,1.0,86.01
Gachibowli,1008,2,2.0,1.5,97.09
Miyapur,2060,3,3.0,0.2,137.38
Ameerpet,2795,3,3.0,0.0,202.98
Kukatpally,2264,3,3.0,0.5,164.64
Uppal,982,1,2.0,0.1,52.5
Manikonda,2659,3,3.0,4.0,164.73
Uppal,2114,3,3.0,0.1,128.72
Banjara Hills,2835,4,4.0,3.0,425.27
Kukatpally,2400,3,3.0,0.5,177.16
Kondapur,2067,3,3.0,2.0,170.56
Banjara Hills,1587,2,2.0,3.0,250.36
Miyapur,2995,4,5.0,0.2,185.49
Gachibowli,3652,4,4.0,1.5,367.04
Kukatpally,2650,3,4.0,0.5,182.23
Banjara Hills,1563,2,3.0,3.0,259.14
Madhapur,2994,4,4.0,1.0,310.26
Madhapur,2202,3,3.0,1.0,209.2
Kondapur,1456,2,2.0,2.0,131.45
Banjara Hills,3348,4,5.0,3.0,504.15
Ameerpet,1677,2,3.0,0.0,140.83
Miyapur,1433,2,3.0,0.2,90.06
Kondapur,2532,3,4.0,2.0,223.57
Kondapur,2189,3,4.0,2.0,172.42
Kondapur,1574,2,2.0,2.0,135.63
Banjara Hills,1891,3,3.0,3.0,312.31
Gachibowli,2274,3,3.0,1.5,200.72
Banjara Hills,3943,4,4.0,3.0,542.11
Banjara Hills,3300,4,4.0,3.0,474.9
Miyapur,1612,2,2.0,0.2,103.98
Madhapur,2132,3,3.0,1.0,216.42
Ameerpet,3954,4,4.0,0.0,280.41
Madhapur,3933,4,4.0,1.0,368.51
Miyapur,1931,3,4.0,0.2,126.99
Manikonda,1625,2,3.0,4.0,112.19
Kukatpally,2613,3,3.0,0.5,196.84
Kondapur,1983,3,4.0,2.0,187.5
Kondapur,1765,2,2.0,2.0,142.71
Uppal,3241,4,4.0,0.1,145.1
Kukatpally,3201,4,4.0,0.5,217.5
Ameerpet,3572,4,5.0,0.0,278.22
Gachibowli,1279,2,3.0,1.5,130.32
Gachibowli,1717,2,3.0,1.5,162.99
Manikonda,1867,3,3.0,4.0,123.96
Ameerpet,3764,4,4.0,0.0,280.56
Kondapur,1860,3,3.0,2.0,157.26
Manikonda,1651,2,3.0,4.0,109.24
Madhapur,2383,3,3.0,1.0,237.44
Kondapur,1635,2,2.0,2.0,140.59
Madhapur,3164,4,5.0,1.0,295.7
Kondapur,1886,3,3.0,2.0,177.07
Gachibowli,1576,2,3.0,1.5,134.12
Jubilee Hills,3593,4,4.0,2.5,635.43
Banjara Hills,2946,4,4.0,3.0,471.08
Ameerpet,1001,2,2.0,0.0,84.53
Manikonda,1004,2,2.0,4.0,63.35
Uppal,3115,4,4.0,0.1,160.88
Jubilee Hills,2869,4,4.0,2.5,543.17
Madhapur,3640,4,4.0,1.0,390.91
Gachibowli,1672,2,3.0,1.5,140.6
Ameerpet,2278,3,4.0,0.0,183.04
Uppal,2138,3,4.0,0.1,115.41
Gachibowli,922,1,1.0,1.5,86.95
Banjara Hills,3412,4,4.0,3.0,525.18
Manikonda,3798,4,4.0,4.0,241.61
Miyapur,2596,3,3.0,0.2,161.08
Banjara Hills,2316,3,4.0,3.0,320.15
Kukatpally,3303,4,4.0,0.5,239.66
Ameerpet,3867,4,4.0,0.0,281.56
Kondapur,2171,3,3.0,2.0,179.6
Uppal,2776,3,3.0,0.1,132.84
Manikonda,1132,2,3.0,4.0,80.06
Miyapur,3074,4,5.0,0.2,178.69
Uppal,841,1,2.0,0.1,65.18
Kukatpally,2632,3,3.0,0.5,165.69
Manikonda,3172,4,4.0,4.0,179.16
Madhapur,2356,3,3.0,1.0,253.38
Madhapur,937,1,2.0,1.0,92.03
Gachibowli,845,1,1.0,1.5,84.47
Kukatpally,3743,4,4.0,0.5,262.91
Kukatpally,3958,4,4.0,0.5,286.74
Kukatpally,3229,4,4.0,0.5,213.29
Kondapur,943,1,1.0,2.0,91.45
Kondapur,1635,2,2.0,2.0,150.74
Ameerpet,3416,4,5.0,0.0,257.73
Manikonda,2842,4,4.0,4.0,183.38
Miyapur,2988,4,4.0,0.2,178.76
Kondapur,2081,3,3.0,2.0,171.43
Kukatpally,3096,4,5.0,0.5,220.75
Ameerpet,3076,4,4.0,0.0,210.75
Miyapur,1076,2,3.0,0.2,80.75
Gachibowli,2882,4,4.0,1.5,232.66
Gachibowli,1925,3,3.0,1.5,160.91
Banjara Hills,3729,4,4.0,3.0,561.41
Banjara Hills,1909,3,3.0,3.0,277.31
Miyapur,3128,4,4.0,0.2,173.52
Miyapur,2584,3,3.0,0.2,153.51
Banjara Hills,2540,3,3.0,3.0,409.75
Ameerpet,3306,4,4.0,0.0,249.43
Jubilee Hills,1039,2,3.0,2.5,205.3
Kondapur,3377,4,4.0,2.0,289.08
Uppal,3126,4,4.0,0.1,162.09
Jubilee Hills,1412,2,3.0,2.5,245.29
Jubilee Hills,3238,4,4.0,2.5,591.83
Madhapur,3309,4,4.0,1.0,299.17
Madhapur,1655,2,3.0,1.0,179.82
Kukatpally,2398,3,3.0,0.5,184.33
Manikonda,1650,2,2.0,4.0,117.22
Uppal,3716,4,4.0,0.1,210.18
Madhapur,1361,2,2.0,1.0,152.6
Banjara Hills,2605,3,4.0,3.0,410.56
Madhapur,3864,4,4.0,1.0,386.35
Manikonda,1435,2,2.0,4.0,98.97
Banjara Hills,3567,4,5.0,3.0,538.25
Miyapur,1521,2,2.0,0.2,101.89
Kondapur,2930,4,5.0,2.0,250.73
Gachibowli,2001,3,3.0,1.5,181.75
Uppal,2988,4,4.0,0.1,159.45
Jubilee Hills,900,1,1.0,2.5,181.55
Kondapur,2128,3,3.0,2.0,195.19
Madhapur,1234,2,3.0,1.0,143.95
Miyapur,3616,4,4.0,0.2,205.76
Gachibowli,1215,2,2.0,1.5,129.08
Uppal,2313,3,4.0,0.1,108.86
Kukatpally,806,1,1.0,0.5,71.26
Kukatpally,2852,4,4.0,0.5,210.34
Manikonda,3173,4,4.0,4.0,218.19
Kondapur,2222,3,3.0,2.0,179.18
Uppal,3204,4,5.0,0.1,174.66
Kukatpally,1632,2,2.0,0.5,121.84
Uppal,1664,2,3.0,0.1,90.87
Kukatpally,2443,3,4.0,0.5,178.86
Kondapur,1480,2,3.0,2.0,126.27
Miyapur,2519,3,3.0,0.2,162.76
Jubilee Hills,1029,2,2.0,2.5,201.84
Uppal,2787,3,3.0,0.1,159.49
Madhapur,983,1,1.0,1.0,110.82
Jubilee Hills,1116,2,2.0,2.5,198.17
Uppal,2717,3,4.0,0.1,140.07
Uppal,2894,4,4.0,0.1,141.54
Kukatpally,3736,4,5.0,0.5,245.8
Gachibowli,2278,3,3.0,1.5,198.32
Uppal,2238,3,3.0,0.1,112.75
Uppal,1695,2,2.0,0.1,97.14
Miyapur,990,1,2.0,0.2,62.96
Uppal,2344,3,3.0,0.1,134.89
Kukatpally,1248,2,3.0,0.5,93.74
Ameerpet,3086,4,4.0,0.0,229.41
Kondapur,1412,2,2.0,2.0,135.64
Madhapur,3848,4,4.0,1.0,387.42
Uppal,1374,2,3.0,0.1,85.25
Manikonda,2700,3,3.0,4.0,174.47
Gachibowli,1059,2,2.0,1.5,93.57
Miyapur,3628,4,4.0,0.2,215.63
Ameerpet,2213,3,3.0,0.0,174.97
Ameerpet,994,1,1.0,0.0,90.27
Kondapur,3741,4,5.0,2.0,329.34
Banjara Hills,2924,4,4.0,3.0,444.64
Banjara Hills,3402,4,5.0,3.0,519.14
Manikonda,2691,3,3.0,4.0,172.45
Miyapur,3054,4,4.0,0.2,179.19
Kondapur,1420,2,2.0,2.0,132.28
Miyapur,3089,4,5.0,0.2,179.28
Madhapur,1105,2,3.0,1.0,131.01
Madhapur,1278,2,2.0,1.0,138.56
Uppal,2696,3,3.0,0.1,145.48
Ameerpet,2280,3,3.0,0.0,166.37
Uppal,1627,2,3.0,0.1,89.51
Ameerpet,2727,3,3.0,0.0,209.35
Manikonda,3741,4,5.0,4.0,230.53
Banjara Hills,2548,3,4.0,3.0,379.93
Kondapur,1348,2,2.0,2.0,118.1
Uppal,2735,3,3.0,0.1,133.42
Miyapur,1587,2,3.0,0.2,107.84
Ameerpet,837,1,2.0,0.0,80.73
Kondapur,1009,2,3.0,2.0,94.08
Manikonda,2865,4,4.0,4.0,187.35
Madhapur,1220,2,2.0,1.0,142.29
Kondapur,2313,3,3.0,2.0,219.55
Banjara Hills,3459,4,4.0,3.0,498.42
Manikonda,1740,2,3.0,4.0,110.9
Manikonda,2154,3,4.0,4.0,135.37
Miyapur,2469,3,4.0,0.2,166.82
Manikonda,3280,4,4.0,4.0,197.08
Madhapur,2369,3,3.0,1.0,256.49
Jubilee Hills,3901,4,4.0,2.5,740.57
Uppal,2217,3,3.0,0.1,121.71
Gachibowli,1054,2,3.0,1.5,105.68
Banjara Hills,2549,3,4.0,3.0,406.83
Miyapur,906,1,1.0,0.2,70.45
Manikonda,2565,3,3.0,4.0,182.42
Kukatpally,1885,3,3.0,0.5,134.91
Ameerpet,3492,4,4.0,0.0,272.2
Madhapur,2772,3,3.0,1.0,243.09
Banjara Hills,3335,4,5.0,3.0,553.5
Madhapur,1772,2,2.0,1.0,178.79
Miyapur,3734,4,4.0,0.2,207.13
Gachibowli,3554,4,5.0,1.5,315.75
Banjara Hills,2337,3,4.0,3.0,352.99
Uppal,2460,3,3.0,0.1,140.81
Ameerpet,3777,4,4.0,0.0,268.54
Manikonda,3215,4,4.0,4.0,201.38
Miyapur,3479,4,4.0,0.2,213.33
Madhapur,1510,2,3.0,1.0,161.92
Madhapur,2940,4,4.0,1.0,260.35
Gachibowli,1364,2,3.0,1.5,133.05
Ameerpet,2103,3,3.0,0.0,163.05
Madhapur,1556,2,2.0,1.0,148.03
Gachibowli,3964,4,4.0,1.5,345.29
Kukatpally,2822,4,4.0,0.5,203.38
Uppal,2340,3,4.0,0.1,126.49
Jubilee Hills,953,1,1.0,2.5,171.47
Manikonda,1533,2,2.0,4.0,99.79
Gachibowli,1585,2,2.0,1.5,151.18
Kondapur,1450,2,2.0,2.0,118.15
Manikonda,2697,3,3.0,4.0,177.89
Madhapur,3255,4,4.0,1.0,320.28
Gachibowli,1834,3,3.0,1.5,165.23
Manikonda,3619,4,5.0,4.0,222.89
Kukatpally,1860,3,3.0,0.5,130.66
Jubilee Hills,2196,3,4.0,2.5,347.3
Madhapur,3918,4,4.0,1.0,389.32
Banjara Hills,2427,3,3.0,3.0,384.63
Gachibowli,2505,3,3.0,1.5,220.11
Uppal,2253,3,4.0,0.1,119.46
Madhapur,1786,2,3.0,1.0,191.79
Kondapur,2992,4,4.0,2.0,272.36
Kukatpally,3812,4,5.0,0.5,262.96
Madhapur,3695,4,5.0,1.0,404.23
Ameerpet,2532,3,3.0,0.0,198.48
Uppal,2348,3,3.0,0.1,114.99
Kondapur,1994,3,3.0,2.0,171.12
Banjara Hills,3907,4,4.0,3.0,621.68
Gachibowli,2455,3,4.0,1.5,229.9
Ameerpet,2155,3,3.0,0.0,168.44
Jubilee Hills,2894,4,4.0,2.5,541.91
Ameerpet,956,1,2.0,0.0,82.31
Kukatpally,3086,4,4.0,0.5,210.1
Kondapur,3701,4,4.0,2.0,309.8
Ameerpet,3698,4,4.0,0.0,254.86
Kukatpally,3548,4,4.0,0.5,233.46
Ameerpet,1602,2,3.0,0.0,121.84
Gachibowli,3812,4,4.0,1.5,345.55
Ameerpet,1320,2,2.0,0.0,111.42
Gachibowli,848,1,1.0,1.5,86.24
Madhapur,2886,4,4.0,1.0,290.24
Kukatpally,3684,4,4.0,0.5,272.34
Kondapur,1718,2,2.0,2.0,164.64
Miyapur,2054,3,3.0,0.2,128.08
Miyapur,2567,3,3.0,0.2,165.09
Kukatpally,2898,4,4.0,0.5,209.19
Kukatpally,3362,4,5.0,0.5,237.51
Gachibowli,2498,3,3.0,1.5,219.3
Uppal,935,1,1.0,0.1,51.9
Madhapur,3294,4,4.0,1.0,310.65
Ameerpet,1401,2,2.0,0.0,122.26
Manikonda,2858,4,4.0,4.0,183.95
Uppal,1087,2,3.0,0.1,63.39
Banjara Hills,3268,4,5.0,3.0,463.53
Manikonda,2625,3,3.0,4.0,161.3
Miyapur,3219,4,5.0,0.2,192.94
Jubilee Hills,1645,2,3.0,2.5,292.85
Gachibowli,3801,4,4.0,1.5,337.98
Jubilee Hills,2894,4,5.0,2.5,502.47
Manikonda,3276,4,4.0,4.0,212.79
Madhapur,3089,4,5.0,1.0,284.69
Madhapur,2989,4,4.0,1.0,300.26
Ameerpet,2709,3,4.0,0.0,213.28
Ameerpet,3353,4,4.0,0.0,260.72
Ameerpet,931,1,1.0,0.0,77.34
Banjara Hills,887,1,1.0,3.0,138.85
Kondapur,2122,3,3.0,2.0,180.28
Gachibowli,3505,4,5.0,1.5,307.24
Jubilee Hills,949,1,1.0,2.5,185.95
Gachibowli,2255,3,3.0,1.5,216.99
Madhapur,1220,2,2.0,1.0,128.53
Gachibowli,3334,4,4.0,1.5,283.09
Madhapur,2603,3,3.0,1.0,261.74
Kukatpally,1423,2,2.0,0.5,111.69
Miyapur,3431,4,4.0,0.2,210.75
Uppal,864,1,1.0,0.1,57.18
Manikonda,3536,4,4.0,4.0,242.25
Jubilee Hills,2662,3,4.0,2.5,518.34
Jubilee Hills,2022,3,3.0,2.5,338.85
Kondapur,1358,2,2.0,2.0,132.73
Ameerpet,1050,2,2.0,0.0,95.67
Kukatpally,3327,4,5.0,0.5,232.51
Kukatpally,3055,4,4.0,0.5,204.85
Jubilee Hills,1022,2,2.0,2.5,197.08
Jubilee Hills,3017,4,4.0,2.5,557.73
Kukatpally,2024,3,3.0,0.5,155.43
Jubilee Hills,3313,4,4.0,2.5,553.43
Madhapur,1364,2,2.0,1.0,149.78
Gachibowli,2458,3,3.0,1.5,218.06
Banjara Hills,1403,2,3.0,3.0,231.47
Uppal,2405,3,4.0,0.1,119.02
Ameerpet,2136,3,4.0,0.0,149.8
Madhapur,3918,4,5.0,1.0,405.55
Kukatpally,3535,4,4.0,0.5,265.71
Gachibowli,1284,2,3.0,1.5,120.56
Kukatpally,2009,3,3.0,0.5,134.41
Banjara Hills,3955,4,5.0,3.0,571.81
Kukatpally,3107,4,4.0,0.5,223.44
Uppal,2363,3,3.0,0.1,127.73
Ameerpet,3834,4,4.0,0.0,281.73
Banjara Hills,1436,2,2.0,3.0,227.97
Madhapur,1835,3,3.0,1.0,193.2
Ameerpet,2694,3,4.0,0.0,202.45
Ameerpet,1092,2,3.0,0.0,99.75
Ameerpet,3615,4,5.0,0.0,273.17
Uppal,939,1,1.0,0.1,53.61
Jubilee Hills,892,1,1.0,2.5,179.62
Gachibowli,1545,2,2.0,1.5,143.61
Madhapur,1753,2,2.0,1.0,182.61
Ameerpet,2020,3,4.0,0.0,160.86
Banjara Hills,1309,2,2.0,3.0,206.79
Gachibowli,2267,3,3.0,1.5,215.27
Banjara Hills,850,1,1.0,3.0,142.93
Uppal,2645,3,3.0,0.1,134.21
Kukatpally,2877,4,4.0,0.5,195.69
Kukatpally,1879,3,3.0,0.5,139.62
Banjara Hills,3878,4,5.0,3.0,558.88
Gachibowli,3165,4,4.0,1.5,280.67
Gachibowli,3105,4,5.0,1.5,291.34
Banjara Hills,3925,4,5.0,3.0,566.02
Kukatpally,3697,4,5.0,0.5,271.35
Ameerpet,2745,3,4.0,0.0,231.8
Madhapur,3698,4,4.0,1.0,385.82
Manikonda,3209,4,5.0,4.0,199.72
Gachibowli,3627,4,4.0,1.5,318.93
Jubilee Hills,1304,2,3.0,2.5,264.88
Kukatpally,1644,2,3.0,0.5,114.2
Manikonda,2573,3,3.0,4.0,162.31
Uppal,3197,4,5.0,0.1,171.65
Uppal,2090,3,3.0,0.1,109.46
Jubilee Hills,3512,4,4.0,2.5,626.19
Manikonda,916,1,1.0,4.0,64.36
Kondapur,3849,4,5.0,2.0,310.93
Madhapur,3216,4,4.0,1.0,321.76
Ameerpet,2658,3,3.0,0.0,199.72
Madhapur,2337,3,4.0,1.0,228.71
Kukatpally,2959,4,4.0,0.5,186.1
Miyapur,2897,4,4.0,0.2,173.74
Kondapur,2904,4,4.0,2.0,229.28
Kukatpally,2124,3,3.0,0.5,142.3
Manikonda,2548,3,4.0,4.0,157.86
Ameerpet,1142,2,2.0,0.0,91.4
Kondapur,969,1,1.0,2.0,91.68
Manikonda,3515,4,4.0,4.0,241.42
Manikonda,937,1,1.0,4.0,63.35
Uppal,3711,4,4.0,0.1,175.82
Kondapur,3253,4,4.0,2.0,287.3
Ameerpet,1230,2,2.0,0.0,102.73
Kukatpally,2286,3,4.0,0.5,150.39
Banjara Hills,2403,3,3.0,3.0,373.95
Jubilee Hills,3439,4,4.0,2.5,642.27
Banjara Hills,2677,3,3.0,3.0,424.37
Madhapur,827,1,1.0,1.0,87.55
Kondapur,3011,4,5.0,2.0,245.25
Gachibowli,3664,4,5.0,1.5,326.73
Uppal,1249,2,2.0,0.1,66.09
Banjara Hills,3740,4,4.0,3.0,604.0
Madhapur,2766,3,3.0,1.0,259.21
Ameerpet,2702,3,4.0,0.0,188.6
Banjara Hills,2359,3,3.0,3.0,348.59
Kukatpally,1177,2,2.0,0.5,92.15
Jubilee Hills,1482,2,2.0,2.5,278.96
Ameerpet,3979,4,4.0,0.0,255.63
Miyapur,3175,4,5.0,0.2,211.76
Gachibowli,2978,4,4.0,1.5,265.95
Jubilee Hills,2561,3,4.0,2.5,448.89
Gachibowli,1228,2,3.0,1.5,114.32
Ameerpet,1163,2,3.0,0.0,102.09
Kukatpally,1399,2,2.0,0.5,109.45
Madhapur,1009,2,3.0,1.0,119.34
Gachibowli,3226,4,4.0,1.5,286.77
Miyapur,2519,3,4.0,0.2,146.83
Kukatpally,1799,2,3.0,0.5,133.04
Manikonda,3924,4,4.0,4.0,236.53
Jubilee Hills,2098,3,3.0,2.5,425.64
Manikonda,2614,3,3.0,4.0,165.08
Banjara Hills,1374,2,2.0,3.0,209.27
Banjara Hills,1997,3,3.0,3.0,339.16
Kukatpally,1469,2,2.0,0.5,121.3
Uppal,2799,3,3.0,0.1,141.47
Madhapur,3002,4,4.0,1.0,310.23
Banjara Hills,1804,3,4.0,3.0,287.18
Madhapur,3133,4,4.0,1.0,313.13
Madhapur,1958,3,3.0,1.0,199.24
Banjara Hills,3897,4,4.0,3.0,581.81
Miyapur,1977,3,3.0,0.2,133.98
Kondapur,3228,4,4.0,2.0,255.82
Jubilee Hills,1616,2,3.0,2.5,303.22
Jubilee Hills,2803,4,5.0,2.5,529.72
Jubilee Hills,3670,4,4.0,2.5,721.6
Ameerpet,3459,4,4.0,0.0,257.26
Kukatpally,2827,4,5.0,0.5,198.25
Miyapur,1434,2,2.0,0.2,92.93
Madhapur,2220,3,3.0,1.0,239.42
Banjara Hills,1291,2,3.0,3.0,209.47
Kondapur,3975,4,4.0,2.0,323.39
Uppal,2508,3,3.0,0.1,124.57
Kondapur,1498,2,2.0,2.0,133.43
Kukatpally,1873,3,4.0,0.5,134.01
Banjara Hills,864,1,1.0,3.0,145.57
Kondapur,1241,2,2.0,2.0,107.26
Kondapur,3473,4,4.0,2.0,282.29
Kukatpally,3117,4,4.0,0.5,228.84
Kondapur,1723,2,2.0,2.0,156.7
Banjara Hills,3540,4,4.0,3.0,546.34
Kondapur,2640,3,4.0,2.0,226.91
Miyapur,3439,4,4.0,0.2,225.79
Kondapur,2222,3,4.0,2.0,194.92
Uppal,3453,4,4.0,0.1,163.64
Kondapur,3871,4,4.0,2.0,334.49
Kondapur,3702,4,5.0,2.0,321.35
Ameerpet,2223,3,4.0,0.0,181.01
Jubilee Hills,2325,3,3.0,2.5,454.89
Kondapur,3687,4,4.0,2.0,300.96
Gachibowli,1668,2,2.0,1.5,152.68
Kondapur,1479,2,3.0,2.0,119.07
Uppal,2172,3,4.0,0.1,110.73
Kondapur,1994,3,3.0,2.0,160.63
Jubilee Hills,2094,3,3.0,2.5,385.07
Gachibowli,1873,3,4.0,1.5,162.37
Kondapur,1109,2,2.0,2.0,106.52
Miyapur,2053,3,3.0,0.2,117.2
Kondapur,879,1,1.0,2.0,80.93
Manikonda,1467,2,3.0,4.0,94.23
Kondapur,2608,3,3.0,2.0,220.73
Manikonda,3764,4,4.0,4.0,237.54
Kukatpally,2351,3,3.0,0.5,163.37
Gachibowli,3930,4,4.0,1.5,347.05
Banjara Hills,3947,4,4.0,3.0,606.71
Kukatpally,3452,4,4.0,0.5,234.78
Jubilee Hills,2318,3,3.0,2.5,466.47
Kukatpally,3322,4,4.0,0.5,220.45
Gachibowli,3837,4,4.0,1.5,354.01
Uppal,849,1,1.0,0.1,52.62
Manikonda,2001,3,4.0,4.0,126.73
Banjara Hills,3232,4,5.0,3.0,441.24
Ameerpet,2341,3,3.0,0.0,186.75
Jubilee Hills,2267,3,3.0,2.5,432.6
Ameerpet,1204,2,3.0,0.0,112.52
Manikonda,2838,4,4.0,4.0,173.09
Banjara Hills,903,1,1.0,3.0,149.87
Banjara Hills,2591,3,3.0,3.0,375.28
Miyapur,3768,4,5.0,0.2,223.51
Jubilee Hills,1966,3,3.0,2.5,338.7
Gachibowli,1631,2,2.0,1.5,141.07
Kondapur,3867,4,4.0,2.0,320.86
Madhapur,2764,3,3.0,1.0,245.4
Jubilee Hills,3985,4,4.0,2.5,730.25
Ameerpet,1856,3,4.0,0.0,139.61
Miyapur,956,1,1.0,0.2,71.73
Kondapur,1424,2,2.0,2.0,125.66
Kukatpally,1866,3,4.0,0.5,130.09
Ameerpet,3955,4,4.0,0.0,265.35
Kondapur,2795,3,3.0,2.0,254.24
Ameerpet,2152,3,3.0,0.0,173.94
Gachibowli,3727,4,5.0,1.5,330.36
Kondapur,2335,3,4.0,2.0,202.92
Ameerpet,1724,2,2.0,0.0,133.64
Ameerpet,807,1,2.0,0.0,76.24
Kukatpally,2998,4,4.0,0.5,215.07
Uppal,3322,4,4.0,0.1,162.62
Uppal,1041,2,2.0,0.1,59.82
Kondapur,2926,4,4.0,2.0,255.24
Jubilee Hills,2101,3,3.0,2.5,417.43
Kondapur,3407,4,4.0,2.0,281.99
Uppal,1717,2,3.0,0.1,91.25
Jubilee Hills,3375,4,4.0,2.5,639.47
Miyapur,2282,3,3.0,0.2,129.96
Madhapur,2165,3,3.0,1.0,229.54
Miyapur,1920,3,3.0,0.2,128.66
Ameerpet,2781,3,3.0,0.0,214.41
Manikonda,2281,3,3.0,4.0,141.34
Uppal,3070,4,5.0,0.1,147.86
Kukatpally,1515,2,2.0,0.5,121.39
Gachibowli,2060,3,4.0,1.5,196.47
Ameerpet,2223,3,3.0,0.0,176.45
Gachibowli,3623,4,4.0,1.5,310.26
Manikonda,1184,2,2.0,4.0,70.11
Gachibowli,1998,3,3.0,1.5,186.98
Miyapur,3143,4,4.0,0.2,183.24
Gachibowli,2127,3,3.0,1.5,184.58
Kukatpally,3279,4,4.0,0.5,228.22
Gachibowli,3025,4,4.0,1.5,263.28
Gachibowli,2863,4,4.0,1.5,282.46
Kukatpally,1371,2,3.0,0.5,103.81
Madhapur,1885,3,3.0,1.0,182.12
Uppal,1464,2,2.0,0.1,88.13
Kukatpally,3628,4,5.0,0.5,235.74
Kukatpally,3412,4,4.0,0.5,253.38
Uppal,801,1,2.0,0.1,54.06
Jubilee Hills,1218,2,3.0,2.5,237.04
Manikonda,3902,4,4.0,4.0,262.12
Miyapur,3366,4,4.0,0.2,199.48
Gachibowli,3641,4,4.0,1.5,317.43
Manikonda,2388,3,3.0,4.0,149.1
Gachibowli,1500,2,2.0,1.5,132.58
Manikonda,2270,3,4.0,4.0,155.97
Madhapur,3316,4,4.0,1.0,314.15
Banjara Hills,3078,4,4.0,3.0,492.53
Uppal,1608,2,2.0,0.1,87.1
Miyapur,2913,4,4.0,0.2,175.13
Banjara Hills,1222,2,2.0,3.0,192.93
Madhapur,3639,4,4.0,1.0,376.22
Banjara Hills,1451,2,3.0,3.0,197.71
Kondapur,3089,4,5.0,2.0,271.29
Gachibowli,2564,3,3.0,1.5,246.25
Banjara Hills,879,1,1.0,3.0,138.62
Kondapur,3958,4,4.0,2.0,323.23
Jubilee Hills,2372,3,3.0,2.5,448.72
Kukatpally,2485,3,3.0,0.5,173.57
Miyapur,3769,4,4.0,0.2,225.77
Kondapur,3425,4,4.0,2.0,302.31
Banjara Hills,2217,3,4.0,3.0,325.21
Banjara Hills,1683,2,2.0,3.0,242.81
Ameerpet,3641,4,5.0,0.0,283.4
Gachibowli,2582,3,4.0,1.5,241.87
Kondapur,3637,4,4.0,2.0,303.35
Manikonda,2173,3,4.0,4.0,151.74
Banjara Hills,3397,4,4.0,3.0,519.45
Gachibowli,2052,3,3.0,1.5,182.76
Kukatpally,2838,4,4.0,0.5,209.59
Banjara Hills,3839,4,4.0,3.0,593.04
Uppal,1841,3,4.0,0.1,92.94
Banjara Hills,3613,4,4.0,3.0,574.83
Uppal,2915,4,4.0,0.1,149.21
Gachibowli,1069,2,2.0,1.5,105.42
Banjara Hills,1763,2,3.0,3.0,294.53
Manikonda,2398,3,3.0,4.0,159.25
Banjara Hills,2114,3,3.0,3.0,325.51
Uppal,1639,2,2.0,0.1,94.34
Ameerpet,2491,3,4.0,0.0,195.65
Gachibowli,2140,3,3.0,1.5,194.24
Gachibowli,2293,3,3.0,1.5,223.35
Kukatpally,1738,2,2.0,0.5,125.21
Manikonda,3757,4,4.0,4.0,251.58
Uppal,1100,2,2.0,0.1,65.39
Gachibowli,3588,4,4.0,1.5,312.64
Kondapur,3317,4,4.0,2.0,270.8
Ameerpet,3776,4,4.0,0.0,289.54
Jubilee Hills,3689,4,4.0,2.5,676.35
Jubilee Hills,1590,2,2.0,2.5,273.19
Madhapur,858,1,1.0,1.0,92.27
Uppal,1446,2,2.0,0.1,74.39
Jubilee Hills,2447,3,3.0,2.5,457.48
Manikonda,2866,4,4.0,4.0,173.3
Banjara Hills,3609,4,5.0,3.0,552.8
Uppal,2411,3,3.0,0.1,115.98
Kukatpally,2896,4,4.0,0.5,202.97
Gachibowli,1979,3,3.0,1.5,171.45
Madhapur,2229,3,3.0,1.0,232.11
Ameerpet,3737,4,4.0,0.0,269.58
Kukatpally,1898,3,3.0,0.5,138.19
Miyapur,987,1,1.0,0.2,74.95
Manikonda,1989,3,3.0,4.0,127.74
Manikonda,3216,4,4.0,4.0,192.18
Madhapur,3889,4,5.0,1.0,384.39
Banjara Hills,2203,3,3.0,3.0,353.37
Jubilee Hills,2847,4,4.0,2.5,490.59
Uppal,1627,2,2.0,0.1,100.06
Kukatpally,2213,3,4.0,0.5,153.61
Kukatpally,3800,4,4.0,0.5,239.24
Jubilee Hills,1159,2,2.0,2.5,224.3
Jubilee Hills,1291,2,3.0,2.5,230.95
Kondapur,3355,4,5.0,2.0,259.2
Kondapur,3492,4,5.0,2.0,286.67
Kukatpally,1270,2,2.0,0.5,100.51
Uppal,3509,4,5.0,0.1,177.05
Gachibowli,865,1,1.0,1.5,86.29
Madhapur,1964,3,3.0,1.0,203.0
Manikonda,2151,3,3.0,4.0,145.44
Madhapur,1333,2,2.0,1.0,139.89
Madhapur,3107,4,4.0,1.0,303.92
Kukatpally,2382,3,3.0,0.5,179.26
Uppal,2977,4,4.0,0.1,161.7
Miyapur,1365,2,3.0,0.2,82.23
Miyapur,1245,2,2.0,0.2,81.26
Miyapur,1580,2,2.0,0.2,105.62
Ameerpet,2711,3,4.0,0.0,201.01
Jubilee Hills,2074,3,4.0,2.5,358.35
Madhapur,2702,3,3.0,1.0,251.31
Ameerpet,819,1,1.0,0.0,69.39
Miyapur,933,1,1.0,0.2,59.02
Kukatpally,2575,3,3.0,0.5,180.8
Kondapur,3688,4,4.0,2.0,303.48
Miyapur,2412,3,3.0,0.2,147.8
Kukatpally,3593,4,5.0,0.5,258.85
Miyapur,1292,2,2.0,0.2,82.14
Banjara Hills,1284,2,2.0,3.0,201.47
Uppal,3001,4,4.0,0.1,148.15
Ameerpet,2960,4,4.0,0.0,209.06
Jubilee Hills,1927,3,3.0,2.5,340.63
Miyapur,1154,2,2.0,0.2,86.29
Kondapur,2003,3,3.0,2.0,193.75
Kukatpally,1304,2,2.0,0.5,97.21
Gachibowli,3681,4,4.0,1.5,330.86
Jubilee Hills,3606,4,4.0,2.5,691.33
Kukatpally,2992,4,4.0,0.5,205.8
Miyapur,1270,2,3.0,0.2,77.64
Gachibowli,3876,4,5.0,1.5,306.17
Gachibowli,840,1,2.0,1.5,94.8
Uppal,3367,4,4.0,0.1,170.54
Uppal,1634,2,2.0,0.1,90.35
Jubilee Hills,3523,4,4.0,2.5,657.13
Gachibowli,987,1,1.0,1.5,103.76
Jubilee Hills,1416,2,3.0,2.5,272.77
Gachibowli,1554,2,2.0,1.5,155.31
Manikonda,1211,2,3.0,4.0,85.31
Manikonda,2995,4,4.0,4.0,182.53
Jubilee Hills,3058,4,4.0,2.5,570.0
Banjara Hills,868,1,1.0,3.0,139.09
Kukatpally,2566,3,3.0,0.5,183.83
Banjara Hills,2456,3,4.0,3.0,360.17
Banjara Hills,1529,2,2.0,3.0,253.6
Manikonda,1075,2,3.0,4.0,85.41
Madhapur,2968,4,5.0,1.0,291.84
Miyapur,3843,4,5.0,0.2,218.2
Banjara Hills,2489,3,3.0,3.0,325.95
Kukatpally,2742,3,3.0,0.5,198.26
Gachibowli,3549,4,5.0,1.5,315.38
Kondapur,2621,3,3.0,2.0,224.55
Kukatpally,1839,3,3.0,0.5,120.6
Ameerpet,1280,2,3.0,0.0,110.45
Kukatpally,3985,4,4.0,0.5,299.72
Uppal,1379,2,3.0,0.1,78.21
Miyapur,3869,4,5.0,0.2,237.55
Gachibowli,2426,3,4.0,1.5,206.81
Kondapur,1567,2,2.0,2.0,148.91
Manikonda,2723,3,3.0,4.0,161.68
Miyapur,2863,4,4.0,0.2,175.62
Ameerpet,3844,4,5.0,0.0,285.56
Manikonda,3930,4,4.0,4.0,233.78
Manikonda,3019,4,5.0,4.0,186.24
Gachibowli,1277,2,2.0,1.5,106.97
Uppal,2418,3,4.0,0.1,128.76
Kondapur,1203,2,3.0,2.0,115.91
Kondapur,1687,2,3.0,2.0,158.31
Gachibowli,3003,4,4.0,1.5,254.78
Madhapur,3570,4,4.0,1.0,375.53
Banjara Hills,2721,3,3.0,3.0,416.57
Uppal,1447,2,3.0,0.1,78.79
Madhapur,2503,3,3.0,1.0,252.1
Jubilee Hills,3988,4,4.0,2.5,716.35
Miyapur,3510,4,4.0,0.2,201.66
Madhapur,2447,3,3.0,1.0,230.34
Banjara Hills,3776,4,5.0,3.0,572.08
Gachibowli,1629,2,2.0,1.5,158.02
Kukatpally,3141,4,5.0,0.5,203.95
Miyapur,1787,2,3.0,0.2,119.18
Madhapur,2097,3,3.0,1.0,216.41
Uppal,1723,2,2.0,0.1,98.96
Kukatpally,3359,4,4.0,0.5,229.11
Kukatpally,1864,3,3.0,0.5,142.67
Gachibowli,3838,4,4.0,1.5,338.23
Ameerpet,1880,3,3.0,0.0,141.94
Uppal,1275,2,3.0,0.1,68.1
Jubilee Hills,1410,2,3.0,2.5,264.54
Uppal,2436,3,3.0,0.1,138.14
Miyapur,2590,3,4.0,0.2,179.01
Manikonda,3630,4,4.0,4.0,236.18
Madhapur,1702,2,2.0,1.0,163.57
Gachibowli,2927,4,4.0,1.5,245.88
Miyapur,1941,3,3.0,0.2,111.58
Gachibowli,2544,3,3.0,1.5,223.17
Madhapur,3441,4,4.0,1.0,332.13
Ameerpet,2207,3,3.0,0.0,176.23
Miyapur,2634,3,3.0,0.2,167.79
Uppal,2203,3,4.0,0.1,113.08
Manikonda,3629,4,4.0,4.0,230.73
Manikonda,2888,4,4.0,4.0,185.69
Ameerpet,1337,2,2.0,0.0,105.81
Miyapur,2554,3,4.0,0.2,167.13
Uppal,2741,3,4.0,0.1,140.53
Ameerpet,2315,3,3.0,0.0,171.26
Kukatpally,836,1,1.0,0.5,70.49
Manikonda,3318,4,5.0,4.0,194.8
Jubilee Hills,1300,2,2.0,2.5,241.89
Kukatpally,2254,3,4.0,0.5,152.54
Gachibowli,2194,3,3.0,1.5,183.51
Miyapur,2408,3,4.0,0.2,139.4
Kondapur,1887,3,3.0,2.0,175.39
Uppal,1068,2,3.0,0.1,63.76
Banjara Hills,899,1,1.0,3.0,143.8
Miyapur,3439,4,4.0,0.2,205.39
Uppal,2486,3,4.0,0.1,133.5
Kondapur,2051,3,3.0,2.0,181.32
Gachibowli,2215,3,3.0,1.5,213.12
Miyapur,3289,4,5.0,0.2,201.51
Gachibowli,2069,3,3.0,1.5,192.3
Madhapur,3812,4,4.0,1.0,352.38
Kukatpally,1659,2,2.0,0.5,117.05
Banjara Hills,3661,4,4.0,3.0,574.4
Miyapur,3192,4,4.0,0.2,195.39
Manikonda,3748,4,4.0,4.0,242.5
Manikonda,3091,4,4.0,4.0,193.8
Gachibowli,821,1,1.0,1.5,85.08
Uppal,3937,4,4.0,0.1,191.25
Miyapur,2997,4,4.0,0.2,188.76
Gachibowli,1480,2,2.0,1.5,137.9
Ameerpet,1652,2,2.0,0.0,116.81
Uppal,3931,4,5.0,0.1,188.62
Ameerpet,1755,2,2.0,0.0,129.55
Kukatpally,806,1,2.0,0.5,68.61
Jubilee Hills,2682,3,3.0,2.5,497.43
Uppal,1995,3,3.0,0.1,109.36
Ameerpet,3862,4,4.0,0.0,280.78
Kondapur,1729,2,2.0,2.0,142.29
Uppal,1998,3,4.0,0.1,110.49
Ameerpet,3058,4,5.0,0.0,237.29
Madhapur,3243,4,4.0,1.0,292.26
Jubilee Hills,1686,2,2.0,2.5,302.69
Banjara Hills,897,1,1.0,3.0,141.41
Banjara Hills,1758,2,2.0,3.0,298.99
Kondapur,3459,4,5.0,2.0,297.5
Banjara Hills,3039,4,4.0,3.0,434.27
Kukatpally,1537,2,3.0,0.5,115.78
Kukatpally,2260,3,3.0,0.5,165.44
Kondapur,1315,2,2.0,2.0,118.45
Miyapur,2850,4,5.0,0.2,175.59
Jubilee Hills,2013,3,3.0,2.5,391.35
Uppal,3021,4,4.0,0.1,150.86
Uppal,2172,3,3.0,0.1,104.27
Miyapur,1567,2,3.0,0.2,111.1
Ameerpet,2870,4,5.0,0.0,230.49
Kukatpally,961,1,1.0,0.5,84.24
Madhapur,3273,4,5.0,1.0,320.1
Madhapur,3115,4,5.0,1.0,297.38
Ameerpet,1002,2,2.0,0.0,95.7
Ameerpet,3526,4,4.0,0.0,243.68
Manikonda,1607,2,3.0,4.0,114.39
Uppal,2346,3,3.0,0.1,128.44
Madhapur,1129,2,2.0,1.0,117.52
Kondapur,832,1,1.0,2.0,85.02
Kondapur,3595,4,4.0,2.0,295.33
Kukatpally,3930,4,4.0,0.5,258.13
Kukatpally,3237,4,4.0,0.5,216.7
Gachibowli,1075,2,3.0,1.5,97.98
Kukatpally,3429,4,5.0,0.5,227.77
Kukatpally,3556,4,5.0,0.5,229.5
Miyapur,1179,2,2.0,0.2,81.92
Kukatpally,3289,4,4.0,0.5,245.78
Gachibowli,3035,4,4.0,1.5,274.74
Uppal,2628,3,4.0,0.1,132.69
Uppal,2391,3,4.0,0.1,117.87
Miyapur,3641,4,5.0,0.2,216.77
Kondapur,1310,2,3.0,2.0,118.55
Kondapur,2749,3,4.0,2.0,224.43
Banjara Hills,934,1,2.0,3.0,151.74
Ameerpet,2672,3,4.0,0.0,212.34
Jubilee Hills,2667,3,3.0,2.5,482.02
Ameerpet,3151,4,4.0,0.0,223.97
Miyapur,3178,4,4.0,0.2,180.47
Jubilee Hills,2692,3,3.0,2.5,482.95
Uppal,1989,3,3.0,0.1,109.5
Kondapur,3383,4,4.0,2.0,312.97
Kukatpally,3662,4,4.0,0.5,259.79
Ameerpet,3196,4,5.0,0.0,221.16
Jubilee Hills,1479,2,3.0,2.5,283.94
Uppal,866,1,2.0,0.1,61.07
Miyapur,2530,3,3.0,0.2,159.08
Uppal,3600,4,4.0,0.1,170.2
Ameerpet,3475,4,4.0,0.0,255.45
Manikonda,1908,3,3.0,4.0,127.08
Kondapur,2239,3,4.0,2.0,192.25
Banjara Hills,2486,3,3.0,3.0,381.75
Uppal,3220,4,5.0,0.1,159.42
Miyapur,2125,3,3.0,0.2,155.1
Madhapur,1407,2,2.0,1.0,146.19
Gachibowli,1801,3,3.0,1.5,163.59
Madhapur,3726,4,5.0,1.0,374.34
Miyapur,1919,3,3.0,0.2,116.85
Kondapur,1757,2,2.0,2.0,161.88
Gachibowli,2669,3,4.0,1.5,232.69
Kondapur,3667,4,4.0,2.0,328.71
Banjara Hills,1732,2,2.0,3.0,285.26
Uppal,958,1,1.0,0.1,49.26
Madhapur,2695,3,4.0,1.0,273.11
Kukatpally,2468,3,3.0,0.5,170.95
Gachibowli,1566,2,2.0,1.5,150.52
Uppal,902,1,2.0,0.1,64.13
Kukatpally,2424,3,4.0,0.5,176.77
Banjara Hills,2048,3,3.0,3.0,329.06
Kondapur,1576,2,2.0,2.0,131.79
Banjara Hills,2810,4,5.0,3.0,445.34
Miyapur,1583,2,2.0,0.2,107.3
Manikonda,2458,3,3.0,4.0,155.14
Kondapur,3425,4,4.0,2.0,292.86
Manikonda,2248,3,4.0,4.0,141.14
Kondapur,2997,4,4.0,2.0,268.42
Banjara Hills,3142,4,5.0,3.0,499.23
Gachibowli,3873,4,4.0,1.5,348.13
Madhapur,3266,4,5.0,1.0,314.73
Banjara Hills,3485,4,4.0,3.0,578.44
Jubilee Hills,1608,2,3.0,2.5,301.12
Madhapur,3355,4,5.0,1.0,300.79
Uppal,2779,3,3.0,0.1,147.54
Gachibowli,3785,4,5.0,1.5,359.61
Miyapur,2272,3,3.0,0.2,139.31
Jubilee Hills,1926,3,4.0,2.5,354.61
Madhapur,2112,3,3.0,1.0,213.23
Miyapur,3580,4,4.0,0.2,193.26
Kondapur,949,1,1.0,2.0,77.91
Jubilee Hills,2358,3,3.0,2.5,431.43
Gachibowli,2274,3,3.0,1.5,191.8
Madhapur,1483,2,2.0,1.0,164.61
Kondapur,3995,4,5.0,2.0,342.64
Banjara Hills,2900,4,5.0,3.0,438.03
Ameerpet,1544,2,2.0,0.0,127.54
Uppal,1894,3,4.0,0.1,107.51
Jubilee Hills,3420,4,4.0,2.5,621.76
Kukatpally,3230,4,4.0,0.5,223.37
Manikonda,3910,4,4.0,4.0,247.25
Uppal,3524,4,5.0,0.1,170.81
Banjara Hills,1440,2,2.0,3.0,234.43
Banjara Hills,2137,3,3.0,3.0,311.42
Uppal,1577,2,2.0,0.1,95.96
Ameerpet,1966,3,3.0,0.0,155.96
Banjara Hills,1130,2,2.0,3.0,180.49
Miyapur,3210,4,5.0,0.2,196.33
Manikonda,2984,4,4.0,4.0,180.06
Jubilee Hills,3125,4,4.0,2.5,584.74
Gachibowli,2548,3,4.0,1.5,213.67
Manikonda,1624,2,2.0,4.0,100.14
Manikonda,1434,2,2.0,4.0,90.88
Kondapur,2597,3,3.0,2.0,210.87
Jubilee Hills,1119,2,2.0,2.5,207.49
Jubilee Hills,1269,2,3.0,2.5,237.36
Miyapur,3479,4,4.0,0.2,217.74
Gachibowli,3367,4,4.0,1.5,287.08
Miyapur,3295,4,5.0,0.2,197.99
Miyapur,2226,3,3.0,0.2,138.24
Kondapur,2297,3,4.0,2.0,200.32
Ameerpet,1089,2,3.0,0.0,96.51
Kukatpally,2496,3,3.0,0.5,165.52
Madhapur,2603,3,3.0,1.0,269.69
Gachibowli,3767,4,4.0,1.5,354.85
Ameerpet,1976,3,3.0,0.0,160.91
Kukatpally,3769,4,4.0,0.5,234.22
Uppal,1569,2,3.0,0.1,93.11
Jubilee Hills,2672,3,3.0,2.5,503.62
Kukatpally,3737,4,4.0,0.5,260.29
Miyapur,1454,2,2.0,0.2,82.13
Uppal,1686,2,2.0,0.1,98.37
Ameerpet,811,1,1.0,0.0,81.36
Manikonda,3112,4,4.0,4.0,194.05
Miyapur,2554,3,3.0,0.2,146.22
Uppal,2302,3,4.0,0.1,116.09
Ameerpet,3571,4,4.0,0.0,261.03
Ameerpet,1588,2,3.0,0.0,130.32
Kukatpally,2772,3,3.0,0.5,196.93
Ameerpet,2234,3,3.0,0.0,151.9
Miyapur,1942,3,3.0,0.2,119.15
Gachibowli,2441,3,3.0,1.5,230.87
Manikonda,2941,4,5.0,4.0,181.8
Kondapur,2845,4,4.0,2.0,232.5
Banjara Hills,3917,4,4.0,3.0,598.24
Kondapur,2533,3,4.0,2.0,233.31
Uppal,1852,3,3.0,0.1,88.97
Kukatpally,3738,4,4.0,0.5,252.98
Manikonda,2277,3,4.0,4.0,138.19
Miyapur,2342,3,3.0,0.2,150.71
Kukatpally,3014,4,5.0,0.5,213.9
Kukatpally,1978,3,3.0,0.5,146.33
Manikonda,3558,4,4.0,4.0,209.79
Miyapur,3526,4,4.0,0.2,203.48
Uppal,3156,4,4.0,0.1,150.74
Uppal,1818,3,3.0,0.1,97.72
Kondapur,1156,2,2.0,2.0,104.0
Uppal,3522,4,4.0,0.1,170.7
Kukatpally,3227,4,4.0,0.5,210.18
Kondapur,1006,2,3.0,2.0,96.14
Uppal,883,1,1.0,0.1,51.04
Uppal,1954,3,3.0,0.1,101.55
Kondapur,3774,4,4.0,2.0,322.37
Madhapur,3031,4,5.0,1.0,322.38
Kondapur,1168,2,2.0,2.0,108.31
Madhapur,3188,4,4.0,1.0,327.33
Kondapur,1068,2,2.0,2.0,94.69
Manikonda,2515,3,3.0,4.0,155.09
Madhapur,3402,4,4.0,1.0,329.11
Jubilee Hills,1361,2,2.0,2.5,259.13
Banjara Hills,2557,3,3.0,3.0,405.83
Kondapur,2824,4,5.0,2.0,225.87
Miyapur,2913,4,4.0,0.2,175.09
Uppal,1554,2,3.0,0.1,86.68
Uppal,1218,2,3.0,0.1,77.95
Banjara Hills,3866,4,4.0,3.0,609.44
Jubilee Hills,3463,4,4.0,2.5,567.87
Jubilee Hills,3475,4,4.0,2.5,618.36
Kondapur,3690,4,4.0,2.0,273.68
Ameerpet,1750,2,2.0,0.0,139.52
Madhapur,3032,4,4.0,1.0,303.04
Ameerpet,1529,2,2.0,0.0,117.04
Jubilee Hills,3400,4,5.0,2.5,649.6
Kondapur,2372,3,4.0,2.0,194.45
Manikonda,2474,3,4.0,4.0,145.96
Banjara Hills,3060,4,4.0,3.0,454.65
Kondapur,2441,3,3.0,2.0,221.65
Gachibowli,1699,2,2.0,1.5,161.12
Ameerpet,1501,2,2.0,0.0,122.44
Madhapur,3909,4,4.0,1.0,363.63
Kondapur,2359,3,3.0,2.0,209.87
Kondapur,816,1,1.0,2.0,85.89
Miyapur,3525,4,5.0,0.2,203.64
Banjara Hills,1110,2,3.0,3.0,172.16
Kukatpally,3889,4,4.0,0.5,280.36
Banjara Hills,1066,2,2.0,3.0,167.14
Gachibowli,3773,4,4.0,1.5,329.02
Kukatpally,3200,4,4.0,0.5,218.95
Banjara Hills,1891,3,3.0,3.0,300.5
Banjara Hills,1992,3,3.0,3.0,289.65
Gachibowli,2320,3,3.0,1.5,226.51
Kukatpally,2531,3,4.0,0.5,173.81
Madhapur,1834,3,3.0,1.0,188.14
Uppal,3595,4,4.0,0.1,187.35
Miyapur,3968,4,4.0,0.2,240.65
Banjara Hills,3016,4,5.0,3.0,475.68
Kondapur,926,1,2.0,2.0,86.67
Manikonda,3499,4,4.0,4.0,223.44
Banjara Hills,3235,4,4.0,3.0,512.95
Uppal,3367,4,5.0,0.1,177.31
Gachibowli,2877,4,4.0,1.5,229.59
Uppal,1212,2,2.0,0.1,78.31
Miyapur,2636,3,3.0,0.2,167.55
Manikonda,2409,3,3.0,4.0,146.65
Miyapur,1021,2,2.0,0.2,68.83
Banjara Hills,2524,3,3.0,3.0,407.8
Madhapur,2569,3,4.0,1.0,264.9
Uppal,2421,3,4.0,0.1,129.51
Banjara Hills,3331,4,5.0,3.0,503.85
Manikonda,1256,2,2.0,4.0,77.18
Ameerpet,3039,4,4.0,0.0,280.02
Gachibowli,2185,3,3.0,1.5,187.1
Kukatpally,1632,2,2.0,0.5,130.69
Madhapur,1055,2,2.0,1.0,101.43
Madhapur,2198,3,4.0,1.0,218.23
Kondapur,1303,2,3.0,2.0,116.73
Jubilee Hills,3878,4,4.0,2.5,747.76
Kondapur,1709,2,2.0,2.0,149.34
Manikonda,1344,2,2.0,4.0,93.1
Kondapur,802,1,2.0,2.0,78.92
Manikonda,3100,4,5.0,4.0,186.19
Banjara Hills,3678,4,4.0,3.0,582.61
Madhapur,1025,2,2.0,1.0,105.02
Kondapur,3818,4,5.0,2.0,304.49
Manikonda,958,1,1.0,4.0,69.84
Uppal,1902,3,3.0,0.1,108.18
Ameerpet,1074,2,2.0,0.0,86.23
Ameerpet,2045,3,3.0,0.0,160.33
Gachibowli,2760,3,3.0,1.5,249.17
Miyapur,3041,4,4.0,0.2,189.19
Jubilee Hills,2862,4,5.0,2.5,505.23
Jubilee Hills,1880,3,4.0,2.5,346.79
Madhapur,1646,2,2.0,1.0,163.72
Kondapur,3827,4,4.0,2.0,285.19
Gachibowli,1073,2,2.0,1.5,113.65
Madhapur,3881,4,5.0,1.0,401.07
Miyapur,3681,4,4.0,0.2,193.56
Banjara Hills,1536,2,2.0,3.0,248.07
Kukatpally,1559,2,2.0,0.5,116.65
Kondapur,2873,4,4.0,2.0,230.53
Gachibowli,2992,4,5.0,1.5,257.27
Kukatpally,1763,2,2.0,0.5,141.06
Uppal,3572,4,4.0,0.1,177.87
Banjara Hills,903,1,1.0,3.0,140.29
Banjara Hills,870,1,1.0,3.0,140.21
Kondapur,1247,2,2.0,2.0,117.51
Ameerpet,1227,2,2.0,0.0,106.31
Ameerpet,3476,4,4.0,0.0,253.05
Gachibowli,2943,4,5.0,1.5,271.37
Uppal,1793,2,3.0,0.1,92.09
Jubilee Hills,867,1,1.0,2.5,178.89
Banjara Hills,1033,2,2.0,3.0,178.49
Kukatpally,2751,3,3.0,0.5,196.7
Uppal,1940,3,4.0,0.1,95.89
Uppal,2210,3,3.0,0.1,117.35
Miyapur,3047,4,4.0,0.2,193.86
Madhapur,1150,2,2.0,1.0,121.95
Gachibowli,3949,4,4.0,1.5,335.36
Gachibowli,2546,3,3.0,1.5,246.79
Madhapur,1887,3,3.0,1.0,181.22
Madhapur,2195,3,3.0,1.0,218.93
Ameerpet,1796,2,2.0,0.0,144.76
Ameerpet,1421,2,2.0,0.0,128.55
Jubilee Hills,3296,4,5.0,2.5,653.39
Madhapur,3223,4,5.0,1.0,306.46
Jubilee Hills,1856,3,3.0,2.5,387.21
Banjara Hills,3890,4,4.0,3.0,646.82
Jubilee Hills,3012,4,4.0,2.5,567.8
Manikonda,2891,4,4.0,4.0,180.09
Miyapur,2318,3,3.0,0.2,140.32
Kondapur,1477,2,3.0,2.0,138.73
Gachibowli,2143,3,3.0,1.5,187.81
Jubilee Hills,2208,3,3.0,2.5,404.72
Miyapur,3830,4,4.0,0.2,232.13
Kondapur,1891,3,4.0,2.0,174.13
Banjara Hills,1943,3,3.0,3.0,313.14
Miyapur,1360,2,2.0,0.2,84.4
Kukatpally,2328,3,4.0,0.5,178.93
Kukatpally,980,1,2.0,0.5,78.83
Gachibowli,1266,2,2.0,1.5,132.35
Miyapur,2980,4,4.0,0.2,178.78
Ameerpet,872,1,1.0,0.0,66.14
Uppal,3026,4,4.0,0.1,149.46
Banjara Hills,2179,3,4.0,3.0,344.63
Jubilee Hills,3139,4,4.0,2.5,596.56
Jubilee Hills,2356,3,4.0,2.5,475.27
Gachibowli,3876,4,4.0,1.5,345.72
Ameerpet,1171,2,2.0,0.0,101.12
Uppal,2437,3,3.0,0.1,127.68
Manikonda,1926,3,3.0,4.0,122.78
Jubilee Hills,2268,3,4.0,2.5,390.49
Ameerpet,2736,3,3.0,0.0,205.22
Kukatpally,1007,2,2.0,0.5,88.76
Kondapur,3733,4,4.0,2.0,326.82
Madhapur,2642,3,4.0,1.0,270.63
Madhapur,1771,2,2.0,1.0,182.22
Gachibowli,3361,4,4.0,1.5,288.96
Madhapur,1228,2,3.0,1.0,120.04
Miyapur,1204,2,2.0,0.2,73.79
Ameerpet,1946,3,3.0,0.0,161.53
Madhapur,1768,2,2.0,1.0,167.42
Gachibowli,3587,4,5.0,1.5,315.1
Miyapur,1515,2,2.0,0.2,102.36
Kondapur,2818,4,4.0,2.0,251.87
Ameerpet,1951,3,3.0,0.0,161.11
Miyapur,1412,2,2.0,0.2,84.64
Kukatpally,3412,4,5.0,0.5,238.21
Manikonda,3909,4,4.0,4.0,234.66
Gachibowli,3334,4,4.0,1.5,299.9
Gachibowli,837,1,1.0,1.5,75.63
Miyapur,1464,2,2.0,0.2,86.13
Ameerpet,2229,3,3.0,0.0,171.99
Banjara Hills,1111,2,2.0,3.0,171.54
Kondapur,2190,3,3.0,2.0,183.24
Ameerpet,1240,2,2.0,0.0,105.43
Ameerpet,1121,2,2.0,0.0,102.84
Banjara Hills,1587,2,2.0,3.0,247.8
Kondapur,2567,3,3.0,2.0,216.96
Uppal,2368,3,3.0,0.1,122.54
Miyapur,2159,3,3.0,0.2,137.55
Ameerpet,2316,3,3.0,0.0,174.99
Miyapur,2389,3,4.0,0.2,147.36
Uppal,870,1,2.0,0.1,51.47
Banjara Hills,1678,2,2.0,3.0,285.69
Miyapur,3969,4,4.0,0.2,229.37
Manikonda,2371,3,3.0,4.0,163.66
Gachibowli,1636,2,3.0,1.5,142.29
Madhapur,1177,2,2.0,1.0,117.43
Kondapur,3345,4,4.0,2.0,266.3
Manikonda,1619,2,3.0,4.0,103.68
Jubilee Hills,3561,4,4.0,2.5,648.39
Ameerpet,1219,2,2.0,0.0,99.44
Uppal,3154,4,4.0,0.1,163.95
Miyapur,1772,2,2.0,0.2,125.34
Uppal,1505,2,2.0,0.1,77.62
Madhapur,2158,3,4.0,1.0,214.48
Gachibowli,2784,3,3.0,1.5,244.11
Uppal,1442,2,3.0,0.1,80.99
Ameerpet,2834,4,4.0,0.0,222.0
Madhapur,3031,4,4.0,1.0,321.58
Jubilee Hills,3720,4,4.0,2.5,631.13
Uppal,3955,4,5.0,0.1,211.1
Kondapur,2000,3,3.0,2.0,176.93
Jubilee Hills,3530,4,4.0,2.5,604.68
Kondapur,2148,3,3.0,2.0,169.05
Kukatpally,1214,2,2.0,0.5,97.81
Manikonda,904,1,1.0,4.0,67.8
Ameerpet,3560,4,5.0,0.0,283.41
Ameerpet,1426,2,2.0,0.0,120.18
Ameerpet,2055,3,3.0,0.0,166.66
Kukatpally,3203,4,5.0,0.5,225.6
Banjara Hills,1997,3,3.0,3.0,314.38
Jubilee Hills,3821,4,4.0,2.5,679.84
Gachibowli,889,1,2.0,1.5,86.06
Kukatpally,3602,4,4.0,0.5,242.02
Jubilee Hills,3766,4,4.0,2.5,668.96
Ameerpet,1730,2,2.0,0.0,138.12
Ameerpet,2595,3,3.0,0.0,191.58
Manikonda,2412,3,3.0,4.0,144.76
Banjara Hills,3035,4,4.0,3.0,458.33
Kukatpally,3667,4,4.0,0.5,258.06
Manikonda,3877,4,4.0,4.0,252.55
Banjara Hills,2377,3,3.0,3.0,373.29
Kukatpally,2210,3,4.0,0.5,165.98
Kondapur,3291,4,5.0,2.0,274.46
Ameerpet,1382,2,2.0,0.0,110.49
Jubilee Hills,3422,4,5.0,2.5,566.0
Jubilee Hills,1625,2,3.0,2.5,286.64
Gachibowli,2570,3,3.0,1.5,215.37
Banjara Hills,1495,2,2.0,3.0,252.21
Miyapur,1768,2,2.0,0.2,113.55
Uppal,2435,3,3.0,0.1,124.56
Jubilee Hills,3813,4,5.0,2.5,757.97
Uppal,1984,3,4.0,0.1,107.91
Kukatpally,3364,4,4.0,0.5,238.74
Kondapur,2952,4,5.0,2.0,256.89
Kondapur,2868,4,4.0,2.0,230.9
Jubilee Hills,1769,2,2.0,2.5,340.86
Gachibowli,1803,3,3.0,1.5,175.72
Manikonda,2712,3,4.0,4.0,165.39
Ameerpet,2685,3,4.0,0.0,190.16
Banjara Hills,3452,4,5.0,3.0,510.38
Gachibowli,3793,4,4.0,1.5,355.89
Uppal,2659,3,4.0,0.1,141.99
Madhapur,2003,3,3.0,1.0,213.11
Banjara Hills,3866,4,4.0,3.0,588.08
Uppal,2707,3,4.0,0.1,132.84
Jubilee Hills,1413,2,3.0,2.5,271.59
Kondapur,3352,4,4.0,2.0,285.87
Miyapur,2782,3,3.0,0.2,149.79
Miyapur,3666,4,5.0,0.2,211.29
Kondapur,1213,2,3.0,2.0,95.44
Uppal,2147,3,3.0,0.1,123.13
Madhapur,2160,3,3.0,1.0,218.32
Kondapur,2175,3,3.0,2.0,195.37
Miyapur,1568,2,2.0,0.2,100.09
Ameerpet,3412,4,4.0,0.0,265.12
Jubilee Hills,2351,3,4.0,2.5,426.79
Banjara Hills,1225,2,2.0,3.0,189.94
Uppal,2143,3,4.0,0.1,121.58
Banjara Hills,2422,3,3.0,3.0,366.23
Uppal,1251,2,2.0,0.1,71.88
Manikonda,1458,2,2.0,4.0,92.72
Madhapur,2457,3,4.0,1.0,249.26
Uppal,3876,4,4.0,0.1,194.88
Uppal,3412,4,4.0,0.1,171.21
Kondapur,2309,3,3.0,2.0,207.14
Uppal,853,1,1.0,0.1,50.14
Gachibowli,2886,4,4.0,1.5,248.4
Uppal,1166,2,2.0,0.1,75.46
Kondapur,988,1,2.0,2.0,84.85
Miyapur,1540,2,2.0,0.2,94.05
Ameerpet,965,1,1.0,0.0,84.97
Banjara Hills,1008,2,3.0,3.0,166.0
Banjara Hills,810,1,1.0,3.0,123.46
Madhapur,3575,4,5.0,1.0,329.99
Jubilee Hills,1315,2,2.0,2.5,255.55
Madhapur,3965,4,4.0,1.0,367.54
Miyapur,1908,3,4.0,0.2,114.11
Kondapur,3656,4,4.0,2.0,329.92
Madhapur,983,1,1.0,1.0,101.84
Uppal,3177,4,4.0,0.1,175.94
Jubilee Hills,1061,2,2.0,2.5,217.77
Miyapur,2907,4,4.0,0.2,188.35
Banjara Hills,1546,2,2.0,3.0,227.72
Banjara Hills,2965,4,4.0,3.0,474.97
Gachibowli,1570,2,2.0,1.5,153.74
Madhapur,2429,3,3.0,1.0,247.79
Kondapur,1446,2,2.0,2.0,126.45
Banjara Hills,3977,4,5.0,3.0,622.64
Ameerpet,1629,2,3.0,0.0,137.87
Banjara Hills,3430,4,4.0,3.0,552.49
Ameerpet,1147,2,2.0,0.0,98.23
Madhapur,950,1,1.0,1.0,99.53
Jubilee Hills,2999,4,4.0,2.5,584.04
Ameerpet,3473,4,4.0,0.0,256.8
Miyapur,1902,3,3.0,0.2,116.08
Kondapur,1576,2,2.0,2.0,149.26
Miyapur,3543,4,5.0,0.2,210.14
Manikonda,2865,4,5.0,4.0,178.59
Kondapur,2923,4,5.0,2.0,241.73
Gachibowli,2855,4,4.0,1.5,259.79
Banjara Hills,1166,2,3.0,3.0,191.51
Uppal,2763,3,4.0,0.1,136.15
Uppal,924,1,1.0,0.1,55.48
Miyapur,3963,4,4.0,0.2,243.46
Manikonda,2940,4,4.0,4.0,178.64
Uppal,2652,3,3.0,0.1,141.83
Manikonda,827,1,1.0,4.0,61.4
Gachibowli,2648,3,4.0,1.5,247.51
Gachibowli,3097,4,4.0,1.5,285.31
Manikonda,3033,4,5.0,4.0,192.96
Banjara Hills,3893,4,4.0,3.0,571.93
Uppal,1227,2,3.0,0.1,68.16
Uppal,874,1,2.0,0.1,57.87
Jubilee Hills,1470,2,2.0,2.5,262.74
Uppal,2504,3,3.0,0.1,131.37
Banjara Hills,3325,4,5.0,3.0,534.44
Kukatpally,3726,4,4.0,0.5,254.54
Ameerpet,1282,2,2.0,0.0,100.69
Kondapur,3310,4,4.0,2.0,282.77
Kukatpally,830,1,2.0,0.5,69.22
Jubilee Hills,2227,3,3.0,2.5,388.77
Manikonda,2582,3,4.0,4.0,164.14
Gachibowli,2213,3,4.0,1.5,180.53
Gachibowli,1733,2,3.0,1.5,166.58
Madhapur,2648,3,3.0,1.0,289.98
Kukatpally,1258,2,2.0,0.5,94.68
Kukatpally,1152,2,3.0,0.5,88.44
Jubilee Hills,3373,4,4.0,2.5,554.46
Madhapur,2623,3,3.0,1.0,264.3
Kukatpally,2666,3,4.0,0.5,183.21
Gachibowli,1621,2,3.0,1.5,144.63
Manikonda,1692,2,2.0,4.0,108.75
Jubilee Hills,2345,3,4.0,2.5,453.44
Gachibowli,1318,2,3.0,1.5,123.0
Gachibowli,1341,2,3.0,1.5,136.55
Gachibowli,3181,4,4.0,1.5,275.14
Miyapur,2193,3,3.0,0.2,143.73
Madhapur,3961,4,4.0,1.0,397.26
Gachibowli,870,1,1.0,1.5,78.17
Ameerpet,1932,3,3.0,0.0,147.33
Miyapur,3429,4,5.0,0.2,199.17
Manikonda,2056,3,3.0,4.0,128.06
Gachibowli,2112,3,3.0,1.5,181.33
Banjara Hills,2698,3,3.0,3.0,438.52
Uppal,3663,4,5.0,0.1,169.28
Kondapur,1476,2,2.0,2.0,133.03
Gachibowli,3463,4,4.0,1.5,313.31
Ameerpet,3696,4,4.0,0.0,289.53
Gachibowli,3400,4,4.0,1.5,300.16
Gachibowli,2034,3,3.0,1.5,171.91
Banjara Hills,1736,2,2.0,3.0,267.29
Manikonda,1046,2,3.0,4.0,74.13
Madhapur,1588,2,2.0,1.0,159.46
Kondapur,3128,4,4.0,2.0,270.92
Gachibowli,2613,3,3.0,1.5,231.75
Manikonda,1473,2,3.0,4.0,99.84
Ameerpet,2889,4,4.0,0.0,227.28
Manikonda,1175,2,2.0,4.0,77.8
Uppal,2876,4,5.0,0.1,139.31
Manikonda,1924,3,3.0,4.0,124.62
Manikonda,1071,2,3.0,4.0,78.41
Banjara Hills,838,1,1.0,3.0,137.6
Kukatpally,3069,4,5.0,0.5,212.26
Kukatpally,2369,3,3.0,0.5,159.34
Gachibowli,2034,3,3.0,1.5,192.31
Banjara Hills,3709,4,4.0,3.0,604.43
Madhapur,3400,4,4.0,1.0,312.57
Kondapur,1792,2,2.0,2.0,160.24
Gachibowli,1327,2,2.0,1.5,125.4
Ameerpet,3712,4,4.0,0.0,265.6
Kondapur,3462,4,4.0,2.0,283.8
Banjara Hills,2619,3,3.0,3.0,429.78
Banjara Hills,3273,4,4.0,3.0,499.86
Kukatpally,3368,4,4.0,0.5,238.6
Kukatpally,3734,4,5.0,0.5,249.21
Madhapur,2201,3,3.0,1.0,221.02
Kondapur,1089,2,3.0,2.0,97.88
Gachibowli,989,1,1.0,1.5,91.07
Uppal,2011,3,4.0,0.1,119.76
Kondapur,3462,4,4.0,2.0,298.67
Kukatpally,2414,3,3.0,0.5,173.53
Banjara Hills,2138,3,3.0,3.0,341.84
Kukatpally,1990,3,3.0,0.5,148.25
Kukatpally,2651,3,4.0,0.5,192.97
Kukatpally,1313,2,2.0,0.5,96.34
Kondapur,1058,2,2.0,2.0,93.72
Ameerpet,1740,2,3.0,0.0,129.59
Madhapur,1998,3,3.0,1.0,204.18
Gachibowli,2920,4,4.0,1.5,261.22
Banjara Hills,916,1,1.0,3.0,153.44
Manikonda,2188,3,3.0,4.0,145.34
Kondapur,3663,4,5.0,2.0,290.68
Kukatpally,2518,3,4.0,0.5,191.97
Gachibowli,1619,2,3.0,1.5,154.7
Manikonda,1548,2,2.0,4.0,104.2
Kondapur,2804,4,4.0,2.0,218.93
Ameerpet,1811,3,4.0,0.0,137.27
Miyapur,1249,2,3.0,0.2,88.99
Uppal,1362,2,3.0,0.1,71.86
Gachibowli,1308,2,2.0,1.5,132.62
Uppal,3873,4,4.0,0.1,189.32
Gachibowli,2456,3,4.0,1.5,225.36
Kondapur,2267,3,4.0,2.0,177.96
Jubilee Hills,3344,4,5.0,2.5,613.51
Kondapur,3281,4,4.0,2.0,286.93
Kondapur,3872,4,4.0,2.0,327.63
Manikonda,3292,4,4.0,4.0,213.14
Ameerpet,3431,4,4.0,0.0,249.8
Gachibowli,1429,2,2.0,1.5,136.47
Manikonda,3303,4,4.0,4.0,215.22
Madhapur,1010,2,2.0,1.0,109.77
Gachibowli,1757,2,2.0,1.5,159.26
Kukatpally,3697,4,5.0,0.5,254.18
Ameerpet,3405,4,4.0,0.0,248.47
Ameerpet,3582,4,4.0,0.0,261.66
Madhapur,909,1,1.0,1.0,98.59
Miyapur,3104,4,4.0,0.2,170.71
Madhapur,1498,2,2.0,1.0,157.74
Kondapur,3628,4,4.0,2.0,309.24
Gachibowli,3764,4,5.0,1.5,339.0
Kondapur,3457,4,4.0,2.0,286.2
Ameerpet,3521,4,5.0,0.0,291.17
Miyapur,3399,4,4.0,0.2,193.07
Manikonda,3537,4,5.0,4.0,219.91
Kukatpally,1946,3,3.0,0.5,128.89
Banjara Hills,1288,2,2.0,3.0,219.06
Gachibowli,3535,4,4.0,1.5,304.58
Uppal,1179,2,2.0,0.1,64.43
Ameerpet,1741,2,3.0,0.0,125.83
Kondapur,3849,4,4.0,2.0,321.5
Jubilee Hills,2840,4,5.0,2.5,536.11
Kukatpally,2310,3,4.0,0.5,174.56
Kondapur,2814,4,5.0,2.0,242.25
Banjara Hills,1625,2,2.0,3.0,260.08
Uppal,2674,3,3.0,0.1,135.72
Miyapur,3346,4,4.0,0.2,215.48
Ameerpet,806,1,1.0,0.0,71.06
Miyapur,2480,3,4.0,0.2,165.15
Uppal,2718,3,3.0,0.1,160.65
Manikonda,2958,4,5.0,4.0,167.78
Miyapur,3283,4,4.0,0.2,195.66
Manikonda,2664,3,3.0,4.0,161.33
Jubilee Hills,3779,4,4.0,2.5,648.11
Manikonda,2987,4,4.0,4.0,185.07
Ameerpet,1053,2,2.0,0.0,88.31
Miyapur,1635,2,2.0,0.2,105.45
Gachibowli,2252,3,4.0,1.5,188.98
Miyapur,2175,3,3.0,0.2,137.16
Jubilee Hills,2096,3,3.0,2.5,377.86
Madhapur,3131,4,5.0,1.0,278.56
Kukatpally,3050,4,4.0,0.5,229.83
Madhapur,3088,4,4.0,1.0,335.76
Madhapur,2158,3,3.0,1.0,218.65
Manikonda,2211,3,3.0,4.0,156.91
Miyapur,3211,4,4.0,0.2,195.8
Gachibowli,2018,3,4.0,1.5,194.12
Banjara Hills,3663,4,5.0,3.0,556.82
Madhapur,2355,3,3.0,1.0,243.95
Ameerpet,2444,3,3.0,0.0,190.66
Ameerpet,1305,2,2.0,0.0,104.13
Madhapur,2354,3,3.0,1.0,248.41
Gachibowli,2542,3,3.0,1.5,237.59
Banjara Hills,2984,4,4.0,3.0,399.16
Madhapur,2360,3,4.0,1.0,236.67
Ameerpet,2127,3,4.0,0.0,179.14
Kondapur,1785,2,3.0,2.0,143.34
Miyapur,824,1,2.0,0.2,61.15
Ameerpet,1141,2,2.0,0.0,103.76
Uppal,2474,3,4.0,0.1,127.53
Madhapur,3729,4,4.0,1.0,378.48
Jubilee Hills,859,1,2.0,2.5,143.47
Ameerpet,3218,4,4.0,0.0,234.56
Gachibowli,3470,4,4.0,1.5,314.33
Gachibowli,868,1,1.0,1.5,86.41
Manikonda,2776,3,3.0,4.0,172.74
Gachibowli,3720,4,4.0,1.5,316.95
Ameerpet,2910,4,5.0,0.0,220.56
Madhapur,3195,4,4.0,1.0,332.99
Uppal,3563,4,5.0,0.1,180.29
Gachibowli,1315,2,2.0,1.5,131.73
Kondapur,1916,3,3.0,2.0,160.75
Miyapur,1659,2,2.0,0.2,102.95
Uppal,956,1,1.0,0.1,64.0
Ameerpet,2631,3,3.0,0.0,199.03
Miyapur,2914,4,4.0,0.2,167.45
Uppal,2998,4,4.0,0.1,157.38
Miyapur,3047,4,4.0,0.2,181.06
Kondapur,2478,3,4.0,2.0,201.02
Ameerpet,1746,2,3.0,0.0,140.82
Madhapur,861,1,2.0,1.0,103.89
Miyapur,3488,4,4.0,0.2,196.69
Manikonda,2894,4,4.0,4.0,188.76
Gachibowli,1137,2,2.0,1.5,111.36
Manikonda,2487,3,4.0,4.0,133.72
Banjara Hills,830,1,1.0,3.0,134.76
Madhapur,3869,4,4.0,1.0,370.17
Gachibowli,2021,3,4.0,1.5,193.24
Manikonda,1269,2,2.0,4.0,99.63
Uppal,2821,4,5.0,0.1,162.0
Gachibowli,3922,4,5.0,1.5,373.98
Uppal,2170,3,3.0,0.1,113.35
Kondapur,3705,4,4.0,2.0,307.5
Miyapur,3756,4,4.0,0.2,229.87
Gachibowli,1206,2,2.0,1.5,112.04
Gachibowli,1899,3,3.0,1.5,180.58
Uppal,3044,4,4.0,0.1,151.19
Gachibowli,2913,4,4.0,1.5,251.04
Banjara Hills,1473,2,3.0,3.0,231.49
Kukatpally,1737,2,2.0,0.5,127.04
Manikonda,2759,3,3.0,4.0,186.21
Jubilee Hills,1027,2,3.0,2.5,186.55
Jubilee Hills,3895,4,4.0,2.5,725.72
Kondapur,2990,4,4.0,2.0,263.25
Uppal,3449,4,4.0,0.1,169.6
Madhapur,1084,2,2.0,1.0,121.34
Kukatpally,2915,4,4.0,0.5,201.73
Kukatpally,1099,2,2.0,0.5,82.15
Banjara Hills,1718,2,2.0,3.0,263.28
Manikonda,2927,4,4.0,4.0,191.43
Gachibowli,2545,3,3.0,1.5,227.7
Madhapur,951,1,2.0,1.0,112.63
Banjara Hills,841,1,2.0,3.0,136.01
Uppal,3385,4,4.0,0.1,164.97
Miyapur,2761,3,3.0,0.2,172.89
Kondapur,2910,4,5.0,2.0,229.98
Jubilee Hills,1985,3,3.0,2.5,399.59
Kondapur,1610,2,2.0,2.0,145.33
Gachibowli,2544,3,4.0,1.5,241.8
Miyapur,1084,2,3.0,0.2,69.42
Madhapur,887,1,2.0,1.0,103.67
Kukatpally,2045,3,3.0,0.5,136.23
Uppal,1660,2,3.0,0.1,94.53
Gachibowli,2664,3,4.0,1.5,243.08
Ameerpet,1301,2,2.0,0.0,107.87
Miyapur,3558,4,4.0,0.2,210.15
Kondapur,2425,3,3.0,2.0,217.88
Gachibowli,3438,4,4.0,1.5,292.72
Ameerpet,1314,2,3.0,0.0,101.04
Kondapur,2359,3,3.0,2.0,192.48
Ameerpet,2453,3,3.0,0.0,195.64
Uppal,3857,4,5.0,0.1,188.4
Jubilee Hills,1143,2,2.0,2.5,217.81
Miyapur,1712,2,2.0,0.2,105.88
Kukatpally,2729,3,3.0,0.5,196.89
Kondapur,3120,4,5.0,2.0,267.75
Banjara Hills,3988,4,4.0,3.0,560.47
Ameerpet,1555,2,2.0,0.0,131.01
Ameerpet,3563,4,4.0,0.0,267.69
Banjara Hills,1725,2,2.0,3.0,272.3
Manikonda,1544,2,2.0,4.0,93.74
Uppal,1109,2,2.0,0.1,73.6
Banjara Hills,1336,2,2.0,3.0,205.9
Miyapur,1213,2,3.0,0.2,85.61
Jubilee Hills,1132,2,3.0,2.5,210.04
Ameerpet,3082,4,4.0,0.0,253.08
Ameerpet,852,1,2.0,0.0,79.56
Madhapur,2518,3,4.0,1.0,252.3
Miyapur,1728,2,2.0,0.2,122.35
Jubilee Hills,1453,2,3.0,2.5,261.48
Jubilee Hills,2354,3,4.0,2.5,444.12
Miyapur,1643,2,3.0,0.2,111.95
Gachibowli,2209,3,3.0,1.5,220.17
Manikonda,3404,4,4.0,4.0,235.43
Banjara Hills,2357,3,4.0,3.0,386.89
Jubilee Hills,2057,3,3.0,2.5,393.31
Manikonda,2700,3,3.0,4.0,173.55
Banjara Hills,3715,4,4.0,3.0,580.01
Kondapur,2788,3,4.0,2.0,233.25
Jubilee Hills,1196,2,2.0,2.5,212.67
Banjara Hills,1790,2,2.0,3.0,276.09
Madhapur,2812,4,4.0,1.0,291.63
Gachibowli,2792,3,3.0,1.5,240.84
Manikonda,1986,3,3.0,4.0,120.28
Manikonda,2439,3,3.0,4.0,169.81
Kukatpally,1751,2,2.0,0.5,132.47
Kondapur,2355,3,4.0,2.0,207.85
Miyapur,2716,3,3.0,0.2,160.93
Jubilee Hills,2916,4,5.0,2.5,497.95
Manikonda,1688,2,2.0,4.0,118.29
Manikonda,2016,3,3.0,4.0,126.63
Madhapur,2815,4,5.0,1.0,278.88
Uppal,3797,4,4.0,0.1,171.62
Kukatpally,891,1,2.0,0.5,77.92
Kondapur,2656,3,3.0,2.0,222.03
Ameerpet,2229,3,3.0,0.0,175.85
Kondapur,3457,4,5.0,2.0,284.07
Ameerpet,3225,4,5.0,0.0,235.95
Kondapur,2375,3,3.0,2.0,200.92
Banjara Hills,881,1,1.0,3.0,155.62
Jubilee Hills,2119,3,3.0,2.5,397.79
Jubilee Hills,2464,3,3.0,2.5,484.87
Gachibowli,2613,3,3.0,1.5,229.76
Jubilee Hills,3637,4,4.0,2.5,688.6
Jubilee Hills,2875,4,5.0,2.5,532.5
Miyapur,3820,4,5.0,0.2,233.91
Uppal,3878,4,5.0,0.1,200.55
Kondapur,1620,2,2.0,2.0,146.1
Ameerpet,2499,3,3.0,0.0,189.02
Banjara Hills,1928,3,3.0,3.0,300.64
Gachibowli,1814,3,3.0,1.5,174.8
Miyapur,2948,4,4.0,0.2,193.38
Gachibowli,1524,2,2.0,1.5,155.32
Uppal,3709,4,5.0,0.1,174.87
Kondapur,2054,3,3.0,2.0,197.89
Gachibowli,3101,4,4.0,1.5,283.51
Ameerpet,1153,2,2.0,0.0,83.31
Gachibowli,3703,4,4.0,1.5,327.73
Manikonda,3367,4,4.0,4.0,213.84
Ameerpet,994,1,1.0,0.0,87.92
Gachibowli,1346,2,2.0,1.5,130.41
Kondapur,2337,3,3.0,2.0,207.36
Manikonda,3554,4,5.0,4.0,224.51
Ameerpet,2031,3,3.0,0.0,164.61
Banjara Hills,1099,2,3.0,3.0,162.51
Manikonda,1499,2,2.0,4.0,98.42
Gachibowli,1333,2,3.0,1.5,119.18
Ameerpet,1331,2,2.0,0.0,109.11
Madhapur,3903,4,5.0,1.0,414.43
Uppal,3362,4,4.0,0.1,186.47
Kukatpally,3110,4,4.0,0.5,196.46
Miyapur,2397,3,4.0,0.2,148.14
Miyapur,1275,2,2.0,0.2,82.45
Kukatpally,1898,3,3.0,0.5,152.12
Madhapur,3946,4,4.0,1.0,403.27
Banjara Hills,2071,3,3.0,3.0,343.69
Jubilee Hills,2573,3,3.0,2.5,474.61
Miyapur,2960,4,5.0,0.2,191.22
Manikonda,1277,2,2.0,4.0,82.48
Banjara Hills,2746,3,4.0,3.0,434.95
Banjara Hills,1703,2,3.0,3.0,261.06
Uppal,2508,3,3.0,0.1,136.57
Madhapur,1944,3,4.0,1.0,218.03
Jubilee Hills,913,1,1.0,2.5,184.46
Kondapur,2123,3,3.0,2.0,182.86
Jubilee Hills,1750,2,2.0,2.5,334.56
Uppal,3464,4,4.0,0.1,175.66
Madhapur,3008,4,4.0,1.0,282.36
Miyapur,3149,4,5.0,0.2,174.31
Madhapur,2718,3,3.0,1.0,261.54
Banjara Hills,1272,2,2.0,3.0,220.32
Jubilee Hills,1110,2,3.0,2.5,193.72
Miyapur,2912,4,5.0,0.2,158.05
Miyapur,1468,2,2.0,0.2,101.73
Manikonda,1802,3,3.0,4.0,110.4
Manikonda,858,1,2.0,4.0,52.87
Ameerpet,2452,3,4.0,0.0,181.34
Gachibowli,2921,4,4.0,1.5,265.59
Banjara Hills,2069,3,3.0,3.0,316.61
Manikonda,2477,3,3.0,4.0,158.94
Miyapur,3273,4,4.0,0.2,183.14
Banjara Hills,2474,3,3.0,3.0,375.64
Kondapur,2028,3,3.0,2.0,183.8
Uppal,979,1,1.0,0.1,65.53
Miyapur,3124,4,4.0,0.2,187.53
Banjara Hills,929,1,2.0,3.0,151.39
Miyapur,955,1,2.0,0.2,63.79
Banjara Hills,1366,2,2.0,3.0,212.14
Miyapur,3606,4,5.0,0.2,225.09
Madhapur,3663,4,5.0,1.0,369.63
Kondapur,1136,2,2.0,2.0,108.8
Kukatpally,2879,4,4.0,0.5,204.96
Gachibowli,902,1,2.0,1.5,94.2
Jubilee Hills,3090,4,4.0,2.5,549.47
Kondapur,1361,2,2.0,2.0,116.54
Miyapur,1603,2,3.0,0.2,109.98
Ameerpet,2658,3,3.0,0.0,177.64
Ameerpet,1161,2,2.0,0.0,91.64
Madhapur,3889,4,4.0,1.0,378.46
Uppal,3300,4,4.0,0.1,170.75
Kukatpally,3927,4,5.0,0.5,281.71
Gachibowli,863,1,2.0,1.5,89.22
Manikonda,926,1,2.0,4.0,55.08
Manikonda,3796,4,5.0,4.0,248.46
Uppal,3907,4,5.0,0.1,178.65
Manikonda,1895,3,4.0,4.0,116.1
Madhapur,1301,2,2.0,1.0,133.73
Uppal,1401,2,2.0,0.1,79.53
Kondapur,3396,4,5.0,2.0,272.06
Gachibowli,3411,4,4.0,1.5,308.77
Uppal,3497,4,5.0,0.1,161.43
Banjara Hills,2447,3,3.0,3.0,400.93
Manikonda,2476,3,3.0,4.0,154.39
Jubilee Hills,1470,2,3.0,2.5,264.8
Kukatpally,2596,3,3.0,0.5,179.29
Manikonda,3288,4,4.0,4.0,202.29
Uppal,2387,3,3.0,0.1,126.58
Kondapur,1101,2,2.0,2.0,103.19
Jubilee Hills,1283,2,2.0,2.5,228.29
Miyapur,1388,2,2.0,0.2,96.64
Miyapur,2453,3,4.0,0.2,146.66
Manikonda,2766,3,3.0,4.0,172.28
Ameerpet,3157,4,5.0,0.0,249.37
Kukatpally,2016,3,3.0,0.5,147.36
Manikonda,1533,2,2.0,4.0,102.33
Jubilee Hills,3944,4,4.0,2.5,684.1
Kukatpally,2719,3,3.0,0.5,187.17
Kondapur,2456,3,3.0,2.0,214.33
Gachibowli,3871,4,4.0,1.5,312.73
Jubilee Hills,3052,4,4.0,2.5,512.49
Banjara Hills,3322,4,4.0,3.0,517.06
Kondapur,3457,4,5.0,2.0,301.08
Uppal,2564,3,4.0,0.1,140.43
Jubilee Hills,3294,4,5.0,2.5,566.84
Miyapur,1337,2,2.0,0.2,89.59
Jubilee Hills,3536,4,4.0,2.5,668.12
Banjara Hills,3797,4,4.0,3.0,570.15
Ameerpet,3281,4,4.0,0.0,237.45
Miyapur,1728,2,3.0,0.2,106.36
Uppal,1636,2,2.0,0.1,78.04
Jubilee Hills,3387,4,4.0,2.5,615.28
Uppal,2339,3,3.0,0.1,112.79
Jubilee Hills,2023,3,3.0,2.5,354.23
Ameerpet,1446,2,3.0,0.0,126.05
Jubilee Hills,1957,3,3.0,2.5,360.4
Ameerpet,1305,2,2.0,0.0,105.17
Kondapur,3977,4,4.0,2.0,335.03
Miyapur,2538,3,3.0,0.2,133.07
Kondapur,2948,4,5.0,2.0,229.23
Kondapur,3284,4,4.0,2.0,265.15
Gachibowli,3207,4,4.0,1.5,288.23
Kondapur,3385,4,4.0,2.0,269.02
Manikonda,2762,3,4.0,4.0,162.87
Gachibowli,3178,4,5.0,1.5,272.15
Ameerpet,1085,2,3.0,0.0,98.04
Ameerpet,1990,3,3.0,0.0,151.05
Miyapur,3860,4,4.0,0.2,243.55
Uppal,3603,4,4.0,0.1,183.79
Manikonda,3489,4,5.0,4.0,212.22
Kukatpally,3328,4,4.0,0.5,253.73
Manikonda,1673,2,2.0,4.0,108.73
Ameerpet,3269,4,4.0,0.0,246.49
Ameerpet,3527,4,4.0,0.0,262.27
Jubilee Hills,1284,2,2.0,2.5,237.57
Jubilee Hills,1694,2,2.0,2.5,296.79
Gachibowli,2001,3,3.0,1.5,181.13
Miyapur,3145,4,5.0,0.2,191.63
Manikonda,2409,3,4.0,4.0,160.77
Banjara Hills,3600,4,4.0,3.0,577.72
Ameerpet,3704,4,5.0,0.0,283.77
Manikonda,3313,4,4.0,4.0,218.45
Jubilee Hills,846,1,2.0,2.5,149.64
Gachibowli,1943,3,3.0,1.5,179.97
Gachibowli,2864,4,4.0,1.5,281.72
Kondapur,1872,3,3.0,2.0,173.04
Uppal,3936,4,4.0,0.1,176.31
Kukatpally,872,1,1.0,0.5,78.95
Manikonda,1928,3,3.0,4.0,112.15
Kukatpally,3501,4,4.0,0.5,255.03
Ameerpet,1720,2,2.0,0.0,138.14
Uppal,1307,2,2.0,0.1,81.4
Banjara Hills,1094,2,2.0,3.0,169.57
Uppal,3921,4,5.0,0.1,210.75
Miyapur,2674,3,3.0,0.2,161.7
Kondapur,1703,2,2.0,2.0,149.15
Madhapur,3412,4,4.0,1.0,316.02
Manikonda,1530,2,3.0,4.0,101.34
Gachibowli,2984,4,5.0,1.5,268.21
Gachibowli,2176,3,3.0,1.5,209.16
Madhapur,3120,4,4.0,1.0,305.15
Banjara Hills,1875,3,3.0,3.0,318.46
Kukatpally,1650,2,2.0,0.5,121.56
Manikonda,1516,2,2.0,4.0,94.41
Uppal,1041,2,2.0,0.1,65.8
Kukatpally,1372,2,2.0,0.5,101.43
Jubilee Hills,2153,3,3.0,2.5,417.34
Madhapur,1991,3,3.0,1.0,204.05
Uppal,3413,4,4.0,0.1,188.83
Madhapur,2478,3,3.0,1.0,260.13
Uppal,2839,4,5.0,0.1,144.48
Miyapur,1276,2,3.0,0.2,86.59
Madhapur,3277,4,4.0,1.0,322.03
Gachibowli,2463,3,4.0,1.5,245.23
Banjara Hills,3557,4,4.0,3.0,527.18
Banjara Hills,3250,4,5.0,3.0,467.98
Kondapur,1540,2,2.0,2.0,134.91
Jubilee Hills,3013,4,4.0,2.5,531.07
Banjara Hills,876,1,1.0,3.0,151.42
Madhapur,3179,4,4.0,1.0,329.4
Kukatpally,3066,4,4.0,0.5,216.95
Banjara Hills,1451,2,2.0,3.0,232.89
Banjara Hills,3684,4,4.0,3.0,557.03
Miyapur,3018,4,5.0,0.2,175.33
Madhapur,2238,3,3.0,1.0,225.95
Uppal,3855,4,4.0,0.1,175.28
Ameerpet,1553,2,2.0,0.0,132.02
Uppal,2211,3,4.0,0.1,107.73
Gachibowli,2057,3,3.0,1.5,192.91
Jubilee Hills,1401,2,2.0,2.5,227.49
Manikonda,2773,3,4.0,4.0,195.21
Miyapur,970,1,2.0,0.2,64.4
Banjara Hills,2181,3,3.0,3.0,331.75
Banjara Hills,859,1,1.0,3.0,134.88
Gachibowli,1927,3,4.0,1.5,190.09
Kukatpally,2374,3,3.0,0.5,154.24
Jubilee Hills,2170,3,3.0,2.5,410.92
Uppal,2548,3,3.0,0.1,141.67
Ameerpet,2314,3,3.0,0.0,180.57
Uppal,2399,3,3.0,0.1,133.47
Manikonda,2191,3,4.0,4.0,145.95
Kondapur,1911,3,3.0,2.0,164.79
Manikonda,1243,2,2.0,4.0,85.01
Jubilee Hills,1148,2,2.0,2.5,220.36
Kukatpally,3077,4,4.0,0.5,201.27
Madhapur,2174,3,4.0,1.0,239.27
Miyapur,1443,2,2.0,0.2,94.43
Kondapur,3167,4,4.0,2.0,281.3
Uppal,3954,4,5.0,0.1,208.29
Jubilee Hills,2168,3,3.0,2.5,376.42
Manikonda,1314,2,3.0,4.0,84.82
Miyapur,2246,3,3.0,0.2,138.52
Kondapur,3641,4,4.0,2.0,313.66
Ameerpet,1604,2,2.0,0.0,130.8
Kukatpally,923,1,2.0,0.5,65.28
Manikonda,2452,3,3.0,4.0,156.94
Ameerpet,2728,3,4.0,0.0,223.97
Kukatpally,3664,4,4.0,0.5,231.51
Banjara Hills,1770,2,3.0,3.0,300.08
Madhapur,2636,3,3.0,1.0,270.29
Manikonda,2328,3,3.0,4.0,131.6
Madhapur,980,1,1.0,1.0,93.97
Kukatpally,2069,3,4.0,0.5,150.67
Kukatpally,913,1,2.0,0.5,69.86
Gachibowli,3887,4,4.0,1.5,348.5
Miyapur,3215,4,5.0,0.2,206.9
Madhapur,1242,2,3.0,1.0,141.43
Ameerpet,2057,3,3.0,0.0,176.54
Miyapur,1883,3,3.0,0.2,137.12
Ameerpet,1703,2,3.0,0.0,134.68
Madhapur,2956,4,5.0,1.0,307.5
Banjara Hills,3194,4,4.0,3.0,490.54
Miyapur,1787,2,2.0,0.2,122.87
Ameerpet,3594,4,4.0,0.0,280.07
Kondapur,2522,3,4.0,2.0,222.44
Madhapur,1605,2,2.0,1.0,174.15
Madhapur,1542,2,3.0,1.0,151.57
Gachibowli,886,1,1.0,1.5,103.18
Kondapur,1345,2,2.0,2.0,130.51
Uppal,1436,2,3.0,0.1,90.91
Jubilee Hills,2540,3,4.0,2.5,452.99
Madhapur,3095,4,4.0,1.0,326.59
Kondapur,3018,4,4.0,2.0,240.88
Ameerpet,3427,4,4.0,0.0,251.41
Miyapur,2488,3,3.0,0.2,170.51
Gachibowli,2012,3,3.0,1.5,183.38
Gachibowli,3652,4,4.0,1.5,340.11
Kondapur,3348,4,4.0,2.0,277.61
Kukatpally,1210,2,2.0,0.5,85.29
Uppal,1600,2,3.0,0.1,88.39
Uppal,3343,4,4.0,0.1,177.35
Banjara Hills,1329,2,2.0,3.0,220.26
Kukatpally,1762,2,2.0,0.5,134.37
Miyapur,3091,4,4.0,0.2,189.8
Uppal,3959,4,4.0,0.1,190.09
Banjara Hills,3104,4,4.0,3.0,436.22
Ameerpet,1664,2,2.0,0.0,140.89
Kukatpally,3169,4,5.0,0.5,223.7
Madhapur,3065,4,4.0,1.0,289.22
Banjara Hills,2874,4,4.0,3.0,414.69
Kondapur,2586,3,4.0,2.0,220.43
Kondapur,1517,2,2.0,2.0,132.93
Jubilee Hills,2738,3,4.0,2.5,462.4
Miyapur,3424,4,4.0,0.2,191.11
Uppal,2136,3,4.0,0.1,110.39
Banjara Hills,1612,2,3.0,3.0,263.77
Miyapur,2901,4,4.0,0.2,162.46
Jubilee Hills,2897,4,4.0,2.5,527.35
Miyapur,3510,4,5.0,0.2,228.45
Madhapur,1265,2,2.0,1.0,141.61
Jubilee Hills,3989,4,5.0,2.5,721.13
Gachibowli,2219,3,4.0,1.5,200.13
Jubilee Hills,1485,2,2.0,2.5,272.82
Banjara Hills,2633,3,3.0,3.0,435.64
Ameerpet,2108,3,3.0,0.0,156.21
Madhapur,3738,4,4.0,1.0,360.58
Miyapur,2662,3,4.0,0.2,151.32
Kukatpally,1967,3,4.0,0.5,140.21
Gachibowli,3377,4,4.0,1.5,300.52
Gachibowli,3401,4,4.0,1.5,297.34
Miyapur,1121,2,3.0,0.2,76.27
Kondapur,2392,3,4.0,2.0,176.41
Kondapur,2582,3,3.0,2.0,223.99
Jubilee Hills,2687,3,4.0,2.5,503.12
Kondapur,823,1,1.0,2.0,70.02
Kondapur,2975,4,4.0,2.0,250.09
Jubilee Hills,3867,4,4.0,2.5,632.66
Miyapur,3693,4,4.0,0.2,235.33
Kondapur,2576,3,3.0,2.0,220.73
Miyapur,2005,3,3.0,0.2,123.11
Kondapur,1722,2,2.0,2.0,142.89
Kukatpally,2237,3,3.0,0.5,162.78
Madhapur,1186,2,2.0,1.0,134.93
Ameerpet,803,1,2.0,0.0,75.0
Kukatpally,3564,4,5.0,0.5,231.43
Jubilee Hills,2058,3,4.0,2.5,418.19
Madhapur,3806,4,5.0,1.0,391.24
Miyapur,2285,3,3.0,0.2,140.3
Uppal,1204,2,3.0,0.1,74.84
Manikonda,3981,4,4.0,4.0,250.68
Banjara Hills,1531,2,2.0,3.0,250.73
Gachibowli,851,1,1.0,1.5,91.54
Miyapur,3500,4,5.0,0.2,219.07
Kukatpally,3601,4,5.0,0.5,235.79
Miyapur,1872,3,3.0,0.2,111.27
Miyapur,1481,2,2.0,0.2,94.83
Madhapur,3430,4,5.0,1.0,331.63
Banjara Hills,2003,3,4.0,3.0,303.35
Banjara Hills,3097,4,5.0,3.0,459.85
Madhapur,3899,4,5.0,1.0,373.74
Gachibowli,1778,2,2.0,1.5,168.42
Miyapur,3356,4,4.0,0.2,202.53
Uppal,1141,2,2.0,0.1,70.28
Banjara Hills,2987,4,4.0,3.0,442.44
Uppal,1358,2,2.0,0.1,70.69
Miyapur,1122,2,2.0,0.2,74.56
Ameerpet,2652,3,3.0,0.0,210.33
Madhapur,986,1,1.0,1.0,110.84
Kondapur,3056,4,4.0,2.0,240.36
Uppal,1834,3,4.0,0.1,91.26
Kondapur,2318,3,3.0,2.0,179.01
Gachibowli,910,1,2.0,1.5,86.79
Manikonda,2800,4,5.0,4.0,175.53
Manikonda,2684,3,4.0,4.0,148.25
Kukatpally,3624,4,4.0,0.5,259.08
Ameerpet,3155,4,5.0,0.0,243.06
Jubilee Hills,2265,3,4.0,2.5,462.64
Uppal,817,1,1.0,0.1,58.98
Ameerpet,2488,3,3.0,0.0,186.06
Uppal,1737,2,3.0,0.1,90.13
Banjara Hills,2935,4,4.0,3.0,451.6
Kukatpally,3381,4,4.0,0.5,236.52
Gachibowli,3520,4,4.0,1.5,346.95
Gachibowli,2733,3,4.0,1.5,239.53
Kondapur,3725,4,4.0,2.0,306.83
Banjara Hills,822,1,1.0,3.0,136.52
Gachibowli,2752,3,3.0,1.5,241.27
Jubilee Hills,3392,4,4.0,2.5,610.66
Ameerpet,3101,4,4.0,0.0,238.25
Uppal,1927,3,3.0,0.1,113.94
Madhapur,2642,3,3.0,1.0,293.56
Kukatpally,2715,3,3.0,0.5,193.89
Manikonda,2867,4,4.0,4.0,180.6
Kukatpally,1921,3,3.0,0.5,146.55
Madhapur,3194,4,4.0,1.0,318.79
Uppal,2504,3,3.0,0.1,128.09
Ameerpet,2890,4,4.0,0.0,223.47
Kukatpally,1540,2,2.0,0.5,112.4
Miyapur,2194,3,3.0,0.2,122.74
Jubilee Hills,1192,2,2.0,2.5,215.49
Kukatpally,1075,2,2.0,0.5,91.42
Uppal,3435,4,4.0,0.1,176.01
Uppal,1755,2,2.0,0.1,96.1
Kukatpally,1648,2,3.0,0.5,123.36
Madhapur,1142,2,2.0,1.0,119.99
Manikonda,2900,4,5.0,4.0,180.11
Madhapur,991,1,1.0,1.0,106.72
Jubilee Hills,869,1,1.0,2.5,176.69
Manikonda,895,1,1.0,4.0,68.91
Manikonda,869,1,1.0,4.0,62.48
Ameerpet,848,1,2.0,0.0,74.23
Madhapur,1090,2,2.0,1.0,119.11
Ameerpet,1312,2,2.0,0.0,116.68
Gachibowli,1803,3,4.0,1.5,178.17
Uppal,2849,4,4.0,0.1,153.35
Ameerpet,1459,2,2.0,0.0,129.51
Madhapur,3798,4,4.0,1.0,410.47
Kondapur,809,1,1.0,2.0,80.12
Gachibowli,2543,3,4.0,1.5,243.68
Kukatpally,3179,4,5.0,0.5,218.5
Kukatpally,3777,4,5.0,0.5,271.5
Banjara Hills,952,1,2.0,3.0,174.71
Manikonda,3461,4,4.0,4.0,215.12
Kukatpally,896,1,1.0,0.5,72.17
Uppal,3574,4,5.0,0.1,184.57
Kukatpally,1440,2,2.0,0.5,104.31
Miyapur,1249,2,2.0,0.2,79.41
Kukatpally,3163,4,4.0,0.5,218.32
Jubilee Hills,2434,3,3.0,2.5,477.84
Jubilee Hills,824,1,1.0,2.5,167.9
Kondapur,1848,3,4.0,2.0,141.7
Kukatpally,3735,4,5.0,0.5,260.36
Banjara Hills,1204,2,2.0,3.0,205.08
Banjara Hills,2813,4,4.0,3.0,428.4
Kukatpally,2627,3,3.0,0.5,181.93
Uppal,2686,3,3.0,0.1,135.31
Madhapur,3044,4,4.0,1.0,317.7
Banjara Hills,2228,3,3.0,3.0,359.77
Jubilee Hills,982,1,1.0,2.5,178.57
Manikonda,900,1,2.0,4.0,60.36
Miyapur,1736,2,3.0,0.2,114.84
Uppal,3763,4,4.0,0.1,180.18
Banjara Hills,839,1,1.0,3.0,140.16
Manikonda,1299,2,2.0,4.0,88.98
Miyapur,3099,4,4.0,0.2,190.71
Ameerpet,1071,2,3.0,0.0,85.35
Kukatpally,2687,3,3.0,0.5,207.61
Miyapur,3984,4,4.0,0.2,224.09
Miyapur,3582,4,4.0,0.2,200.98
Kukatpally,2826,4,5.0,0.5,193.07
Madhapur,1386,2,2.0,1.0,146.41
Madhapur,903,1,2.0,1.0,98.53
Kondapur,1081,2,2.0,2.0,98.52
Madhapur,1355,2,3.0,1.0,149.71
Miyapur,1522,2,2.0,0.2,91.58
Madhapur,2016,3,4.0,1.0,215.81
Kondapur,2852,4,5.0,2.0,241.61
Miyapur,2975,4,4.0,0.2,185.25
Uppal,3657,4,4.0,0.1,168.72
Uppal,1324,2,3.0,0.1,78.62
Jubilee Hills,2008,3,3.0,2.5,321.81
Jubilee Hills,1250,2,2.0,2.5,247.74
Madhapur,1872,3,3.0,1.0,189.34
Madhapur,2227,3,3.0,1.0,217.78
Ameerpet,3884,4,4.0,0.0,294.47
Banjara Hills,3113,4,4.0,3.0,456.15
Miyapur,2058,3,3.0,0.2,135.3
Kukatpally,2155,3,3.0,0.5,150.23
Jubilee Hills,1552,2,2.0,2.5,300.16
Uppal,1481,2,2.0,0.1,84.34
Banjara Hills,3260,4,4.0,3.0,552.53
Gachibowli,3385,4,4.0,1.5,297.53
Gachibowli,2405,3,3.0,1.5,225.68
Kukatpally,2349,3,3.0,0.5,159.38
Manikonda,3821,4,4.0,4.0,245.56
Jubilee Hills,3760,4,4.0,2.5,660.42
Gachibowli,1092,2,2.0,1.5,109.46
Uppal,2371,3,4.0,0.1,135.79
Banjara Hills,2599,3,4.0,3.0,394.91
Madhapur,3982,4,4.0,1.0,377.95
Miyapur,1578,2,2.0,0.2,91.86
Jubilee Hills,2838,4,5.0,2.5,533.64
Madhapur,2675,3,4.0,1.0,283.26
Banjara Hills,1851,3,3.0,3.0,261.03
Manikonda,2969,4,4.0,4.0,180.47
Uppal,1924,3,3.0,0.1,110.61
Manikonda,1119,2,2.0,4.0,75.28
Kondapur,3510,4,4.0,2.0,271.46
Kukatpally,1727,2,3.0,0.5,138.11
Madhapur,1195,2,3.0,1.0,135.99
Madhapur,1742,2,2.0,1.0,190.09
Uppal,1754,2,2.0,0.1,99.91
Ameerpet,2205,3,3.0,0.0,158.18
Banjara Hills,2221,3,3.0,3.0,369.68
Kondapur,3912,4,4.0,2.0,307.56
Madhapur,2246,3,3.0,1.0,220.37
Gachibowli,3711,4,4.0,1.5,354.21
Banjara Hills,3983,4,4.0,3.0,569.2
Miyapur,1663,2,3.0,0.2,118.34
Madhapur,2120,3,4.0,1.0,206.19
Gachibowli,3175,4,4.0,1.5,260.01
Miyapur,2734,3,3.0,0.2,164.71
Miyapur,1478,2,2.0,0.2,107.76
Miyapur,1317,2,3.0,0.2,88.76
Uppal,3799,4,4.0,0.1,167.5
Banjara Hills,866,1,1.0,3.0,140.24
Banjara Hills,1762,2,3.0,3.0,252.51
Miyapur,2605,3,4.0,0.2,173.82
Madhapur,1496,2,2.0,1.0,155.13
Madhapur,1889,3,3.0,1.0,196.82
Kukatpally,2237,3,3.0,0.5,161.27
Kondapur,3662,4,5.0,2.0,299.2
Ameerpet,1858,3,4.0,0.0,144.21
Gachibowli,2144,3,4.0,1.5,198.52
Kukatpally,1014,2,2.0,0.5,87.31
Ameerpet,810,1,2.0,0.0,73.09
Miyapur,3428,4,4.0,0.2,192.58
Gachibowli,1171,2,3.0,1.5,109.03
Miyapur,831,1,1.0,0.2,66.21
Kukatpally,1509,2,2.0,0.5,112.28
Uppal,2865,4,5.0,0.1,147.09
Madhapur,1812,3,4.0,1.0,183.55
Ameerpet,1602,2,2.0,0.0,122.52
Banjara Hills,2452,3,3.0,3.0,386.33
Gachibowli,2123,3,4.0,1.5,200.58
Gachibowli,1754,2,2.0,1.5,168.25
Ameerpet,3897,4,4.0,0.0,305.63
Miyapur,2843,4,4.0,0.2,158.11
Miyapur,3948,4,4.0,0.2,216.04
Miyapur,1058,2,2.0,0.2,71.44
Jubilee Hills,3393,4,4.0,2.5,623.12
Banjara Hills,2632,3,3.0,3.0,428.09
Gachibowli,3251,4,4.0,1.5,301.68
Jubilee Hills,2960,4,4.0,2.5,592.92
Kondapur,821,1,1.0,2.0,76.54
Madhapur,3374,4,5.0,1.0,355.4
Miyapur,1861,3,3.0,0.2,114.4
Madhapur,1838,3,4.0,1.0,178.09
Kondapur,1132,2,2.0,2.0,96.09
Gachibowli,2465,3,3.0,1.5,212.19
Gachibowli,2461,3,3.0,1.5,217.73
Kukatpally,3679,4,4.0,0.5,264.11
Miyapur,2361,3,4.0,0.2,146.85
Ameerpet,2422,3,3.0,0.0,179.14
Kondapur,2222,3,3.0,2.0,191.5
Kukatpally,2667,3,4.0,0.5,198.92
Jubilee Hills,1848,3,4.0,2.5,355.34
Manikonda,3274,4,4.0,4.0,203.08
Madhapur,3060,4,5.0,1.0,285.11
Uppal,1075,2,3.0,0.1,60.76
Banjara Hills,3805,4,4.0,3.0,619.39
Uppal,914,1,2.0,0.1,52.3
Gachibowli,2543,3,4.0,1.5,204.87
Manikonda,3691,4,5.0,4.0,227.4
Jubilee Hills,1289,2,2.0,2.5,243.19
Gachibowli,1395,2,2.0,1.5,125.94
Gachibowli,2272,3,3.0,1.5,222.78
Gachibowli,3992,4,4.0,1.5,369.77
Manikonda,1382,2,3.0,4.0,86.87
Gachibowli,888,1,1.0,1.5,96.57
Kukatpally,3286,4,4.0,0.5,211.32
Kondapur,3400,4,4.0,2.0,283.99
Madhapur,2380,3,4.0,1.0,238.04
Jubilee Hills,3365,4,5.0,2.5,594.42
Madhapur,2421,3,3.0,1.0,258.91
Gachibowli,2555,3,3.0,1.5,247.23
Miyapur,1819,3,3.0,0.2,109.46
Banjara Hills,2814,4,5.0,3.0,437.24
Madhapur,3514,4,4.0,1.0,361.24
Manikonda,1758,2,2.0,4.0,115.11
Madhapur,3069,4,4.0,1.0,341.94
Uppal,2987,4,5.0,0.1,149.73
Miyapur,2616,3,4.0,0.2,151.74
Madhapur,3481,4,4.0,1.0,367.01
Kukatpally,3509,4,4.0,0.5,249.42
Miyapur,3538,4,5.0,0.2,208.96
Gachibowli,3602,4,4.0,1.5,342.8
Miyapur,3673,4,5.0,0.2,231.36
Kondapur,2275,3,4.0,2.0,180.92
Ameerpet,1113,2,2.0,0.0,91.49
Manikonda,2566,3,4.0,4.0,154.96
Kondapur,1068,2,2.0,2.0,94.9
Ameerpet,2291,3,3.0,0.0,161.32
Ameerpet,2511,3,3.0,0.0,188.71
Kondapur,1323,2,2.0,2.0,120.95
Kukatpally,2628,3,4.0,0.5,200.81
Uppal,3670,4,4.0,0.1,183.88
Kondapur,1267,2,3.0,2.0,109.52
Madhapur,3591,4,4.0,1.0,322.77
Banjara Hills,2357,3,4.0,3.0,341.19
Madhapur,1921,3,3.0,1.0,177.8
Manikonda,3096,4,5.0,4.0,201.37
Gachibowli,1559,2,2.0,1.5,148.55
Banjara Hills,2849,4,4.0,3.0,436.61
Kondapur,1796,2,3.0,2.0,157.2
Manikonda,3508,4,4.0,4.0,201.58
Manikonda,834,1,2.0,4.0,56.04
Miyapur,926,1,1.0,0.2,66.11
Uppal,2074,3,3.0,0.1,106.77
Banjara Hills,2069,3,4.0,3.0,333.52
Manikonda,2805,4,5.0,4.0,160.75
Kukatpally,2270,3,3.0,0.5,163.48
Kukatpally,1060,2,2.0,0.5,90.32
Gachibowli,3474,4,4.0,1.5,257.07
Gachibowli,1525,2,2.0,1.5,148.19
Kondapur,3777,4,4.0,2.0,327.63
Banjara Hills,1184,2,2.0,3.0,180.28
Kukatpally,3079,4,4.0,0.5,210.5
Gachibowli,3386,4,4.0,1.5,292.59
Kukatpally,3176,4,4.0,0.5,212.62
Madhapur,2368,3,4.0,1.0,249.69
Manikonda,2572,3,4.0,4.0,160.08
Jubilee Hills,1353,2,2.0,2.5,253.45
Jubilee Hills,3344,4,5.0,2.5,667.03
Miyapur,2803,4,4.0,0.2,170.45
Miyapur,1278,2,2.0,0.2,87.65
Banjara Hills,1768,2,3.0,3.0,277.99
Kukatpally,1962,3,3.0,0.5,150.81
Kukatpally,3471,4,4.0,0.5,224.69
Ameerpet,1352,2,2.0,0.0,115.76
Gachibowli,869,1,2.0,1.5,86.34
Ameerpet,3815,4,4.0,0.0,272.86
Miyapur,3520,4,4.0,0.2,208.56
Ameerpet,3658,4,4.0,0.0,283.35
Gachibowli,2651,3,4.0,1.5,239.1
Kukatpally,2307,3,3.0,0.5,170.28
Kondapur,2443,3,3.0,2.0,205.15
Kondapur,2179,3,3.0,2.0,172.97
Manikonda,3051,4,4.0,4.0,187.96
Ameerpet,2934,4,4.0,0.0,213.21
Manikonda,2835,4,4.0,4.0,181.34
Banjara Hills,917,1,2.0,3.0,138.57
Uppal,975,1,1.0,0.1,61.29
Madhapur,1359,2,3.0,1.0,152.37
Miyapur,1909,3,3.0,0.2,115.64
Gachibowli,2145,3,4.0,1.5,207.54
Ameerpet,2955,4,4.0,0.0,227.24
Madhapur,2216,3,3.0,1.0,235.79
Madhapur,3605,4,4.0,1.0,371.1
Madhapur,3902,4,5.0,1.0,400.75
Banjara Hills,1997,3,3.0,3.0,328.88
Banjara Hills,1837,3,3.0,3.0,305.47
Madhapur,2673,3,3.0,1.0,267.27
Uppal,2431,3,3.0,0.1,133.31
Manikonda,2401,3,3.0,4.0,147.46
Gachibowli,2227,3,3.0,1.5,211.72
Uppal,2896,4,4.0,0.1,142.02
Kondapur,2741,3,4.0,2.0,229.89
Kukatpally,3038,4,5.0,0.5,207.38
Miyapur,2062,3,4.0,0.2,129.42
Kondapur,3894,4,4.0,2.0,318.99
Manikonda,901,1,1.0,4.0,59.67
Kondapur,3976,4,4.0,2.0,310.17
Manikonda,1336,2,2.0,4.0,87.27
Jubilee Hills,2525,3,3.0,2.5,472.31
Kondapur,3268,4,4.0,2.0,284.67
Banjara Hills,1886,3,3.0,3.0,295.96
Kukatpally,1589,2,3.0,0.5,110.15
Madhapur,3157,4,4.0,1.0,286.8
Madhapur,2098,3,4.0,1.0,221.84
Kondapur,3462,4,5.0,2.0,290.64
Kondapur,2458,3,3.0,2.0,217.01
Kukatpally,3265,4,4.0,0.5,223.55
Miyapur,2966,4,4.0,0.2,178.36
Uppal,2889,4,4.0,0.1,146.62
Ameerpet,2168,3,3.0,0.0,164.86
Ameerpet,855,1,2.0,0.0,80.52
Ameerpet,3231,4,4.0,0.0,255.51
Ameerpet,1791,2,3.0,0.0,137.29
Miyapur,2593,3,3.0,0.2,158.44
Gachibowli,2715,3,4.0,1.5,253.4
Ameerpet,3068,4,4.0,0.0,222.3
Gachibowli,1576,2,3.0,1.5,154.67
Madhapur,2286,3,3.0,1.0,218.51
Kondapur,2533,3,3.0,2.0,225.96
Gachibowli,3969,4,5.0,1.5,390.76
Ameerpet,1187,2,2.0,0.0,108.98
Jubilee Hills,1921,3,4.0,2.5,382.11
Kukatpally,2844,4,4.0,0.5,199.68
Uppal,2858,4,4.0,0.1,132.32
Miyapur,2882,4,5.0,0.2,163.2
Ameerpet,1411,2,2.0,0.0,119.31
Uppal,3699,4,5.0,0.1,179.46
Kukatpally,1863,3,3.0,0.5,124.1
Uppal,3473,4,5.0,0.1,175.77
Gachibowli,3727,4,4.0,1.5,317.96
Manikonda,2867,4,5.0,4.0,190.74
Miyapur,2249,3,3.0,0.2,156.3
Kukatpally,3804,4,4.0,0.5,280.62
Kondapur,1374,2,2.0,2.0,117.27
Kondapur,3965,4,4.0,2.0,340.23
Ameerpet,2137,3,3.0,0.0,152.91
Jubilee Hills,2187,3,4.0,2.5,392.29
Manikonda,1476,2,2.0,4.0,89.0
Uppal,2881,4,4.0,0.1,153.22
Gachibowli,3201,4,5.0,1.5,297.69
Gachibowli,3453,4,4.0,1.5,297.4
Uppal,869,1,1.0,0.1,45.15
Manikonda,2634,3,3.0,4.0,151.35
Uppal,1997,3,3.0,0.1,100.8
Uppal,1763,2,2.0,0.1,106.01
Uppal,3625,4,5.0,0.1,172.36
Kondapur,1477,2,2.0,2.0,130.06
Ameerpet,3536,4,4.0,0.0,285.33
Banjara Hills,3288,4,4.0,3.0,481.24
Jubilee Hills,994,1,1.0,2.5,199.6
Kondapur,3905,4,4.0,2.0,338.52
Gachibowli,3757,4,4.0,1.5,326.53
Kukatpally,3612,4,4.0,0.5,239.34
Ameerpet,1179,2,2.0,0.0,107.57
Kondapur,945,1,1.0,2.0,81.98
Uppal,1030,2,3.0,0.1,60.97
Miyapur,2676,3,4.0,0.2,160.45
Miyapur,1987,3,4.0,0.2,117.94
Ameerpet,1206,2,2.0,0.0,117.56
Ameerpet,1583,2,2.0,0.0,131.23
Kukatpally,889,1,1.0,0.5,71.58
Jubilee Hills,2460,3,3.0,2.5,488.14
Manikonda,2483,3,3.0,4.0,159.0
Gachibowli,3332,4,4.0,1.5,290.93
Gachibowli,2439,3,3.0,1.5,224.8
Miyapur,3127,4,4.0,0.2,186.97
Manikonda,1815,3,4.0,4.0,111.89
Ameerpet,3277,4,4.0,0.0,238.41
Uppal,3485,4,4.0,0.1,170.38
Miyapur,2838,4,4.0,0.2,185.3
Gachibowli,3765,4,4.0,1.5,350.17
Kukatpally,1761,2,2.0,0.5,141.1
Kukatpally,1139,2,3.0,0.5,82.68
Jubilee Hills,2328,3,3.0,2.5,426.85
Jubilee Hills,2474,3,3.0,2.5,399.74
Madhapur,2572,3,3.0,1.0,279.38
Jubilee Hills,3465,4,4.0,2.5,637.28
Gachibowli,983,1,2.0,1.5,92.58
Madhapur,1436,2,2.0,1.0,150.19
Banjara Hills,2362,3,3.0,3.0,363.15
Uppal,3610,4,4.0,0.1,168.39
Jubilee Hills,2695,3,3.0,2.5,512.9
Gachibowli,3480,4,5.0,1.5,289.32
Kondapur,2142,3,3.0,2.0,184.35
Madhapur,1883,3,3.0,1.0,205.1
Ameerpet,3358,4,4.0,0.0,255.41
Miyapur,3601,4,4.0,0.2,208.52
Manikonda,2609,3,4.0,4.0,187.24
Gachibowli,3880,4,5.0,1.5,335.55
Kukatpally,1406,2,2.0,0.5,110.74
Uppal,1702,2,2.0,0.1,96.55
Miyapur,1622,2,2.0,0.2,110.34
Jubilee Hills,1501,2,2.0,2.5,266.05
Banjara Hills,3370,4,4.0,3.0,555.41
Gachibowli,3868,4,4.0,1.5,354.18
Kukatpally,2639,3,4.0,0.5,182.53
Madhapur,3020,4,4.0,1.0,313.84
Kukatpally,3116,4,4.0,0.5,225.12
Kondapur,2250,3,3.0,2.0,187.76
Gachibowli,1050,2,3.0,1.5,93.13
Miyapur,2289,3,3.0,0.2,147.48
Ameerpet,2942,4,4.0,0.0,206.97
Madhapur,3121,4,4.0,1.0,320.45
Kondapur,1942,3,3.0,2.0,164.25
Uppal,2962,4,4.0,0.1,155.88
Uppal,2567,3,4.0,0.1,134.81
Miyapur,3044,4,4.0,0.2,166.86
Kukatpally,3087,4,5.0,0.5,227.71
Madhapur,1729,2,3.0,1.0,166.3
Banjara Hills,2221,3,3.0,3.0,312.87
Miyapur,2349,3,3.0,0.2,132.3
Miyapur,880,1,1.0,0.2,68.7
Kukatpally,3780,4,4.0,0.5,241.11
Banjara Hills,3537,4,4.0,3.0,547.21
Miyapur,3757,4,4.0,0.2,223.93
Madhapur,2774,3,4.0,1.0,295.07
Kukatpally,2908,4,4.0,0.5,202.59
Miyapur,828,1,1.0,0.2,57.27
Kondapur,1894,3,3.0,2.0,175.77
Gachibowli,1760,2,2.0,1.5,166.99
Jubilee Hills,2842,4,5.0,2.5,522.31
Manikonda,3619,4,4.0,4.0,239.9
Madhapur,2899,4,4.0,1.0,313.78
Manikonda,2198,3,3.0,4.0,131.8
Jubilee Hills,3459,4,4.0,2.5,598.36
Kukatpally,3769,4,4.0,0.5,263.49
Ameerpet,1410,2,3.0,0.0,111.74
Banjara Hills,2007,3,4.0,3.0,322.66
Kukatpally,3250,4,5.0,0.5,230.62
Uppal,3862,4,4.0,0.1,199.0
Jubilee Hills,1143,2,2.0,2.5,215.21
Miyapur,2211,3,3.0,0.2,149.11
Jubilee Hills,1758,2,3.0,2.5,348.87
Banjara Hills,3887,4,4.0,3.0,603.6
Banjara Hills,1992,3,3.0,3.0,296.72
Gachibowli,3225,4,4.0,1.5,301.36
Miyapur,1828,3,3.0,0.2,125.82
Kukatpally,3566,4,5.0,0.5,279.3
Manikonda,1399,2,3.0,4.0,102.72
Banjara Hills,2433,3,3.0,3.0,373.34
Gachibowli,3542,4,4.0,1.5,329.72
Gachibowli,1505,2,2.0,1.5,143.35
Gachibowli,2628,3,3.0,1.5,233.99
Kukatpally,853,1,2.0,0.5,73.02
Madhapur,2855,4,5.0,1.0,289.34
Gachibowli,2208,3,3.0,1.5,208.06
Uppal,3584,4,4.0,0.1,178.82
Miyapur,883,1,1.0,0.2,72.97
Ameerpet,1628,2,3.0,0.0,129.94
Ameerpet,1444,2,2.0,0.0,113.79
Jubilee Hills,1710,2,3.0,2.5,341.9
Kondapur,2746,3,3.0,2.0,220.94
Manikonda,866,1,2.0,4.0,60.24
Miyapur,1208,2,3.0,0.2,83.69
Kukatpally,1617,2,3.0,0.5,124.83
Gachibowli,1946,3,3.0,1.5,186.49
Uppal,2821,4,5.0,0.1,157.92
Kondapur,1772,2,2.0,2.0,151.83
Jubilee Hills,1924,3,4.0,2.5,329.74
Jubilee Hills,3387,4,4.0,2.5,698.1
Manikonda,3937,4,4.0,4.0,237.47
Jubilee Hills,3475,4,5.0,2.5,689.05
Miyapur,3767,4,4.0,0.2,225.67
Banjara Hills,2689,3,3.0,3.0,439.98
Madhapur,2238,3,3.0,1.0,232.61
Madhapur,2472,3,3.0,1.0,236.24
Banjara Hills,2037,3,3.0,3.0,297.27
Kukatpally,3145,4,5.0,0.5,213.37
Miyapur,1679,2,3.0,0.2,108.79
Ameerpet,3753,4,5.0,0.0,284.18
Jubilee Hills,2933,4,4.0,2.5,565.21
Jubilee Hills,2410,3,3.0,2.5,455.24
Banjara Hills,1420,2,2.0,3.0,222.86
Kukatpally,1756,2,3.0,0.5,124.64
Kondapur,1953,3,3.0,2.0,177.48
Gachibowli,2380,3,4.0,1.5,205.42
Kukatpally,2209,3,3.0,0.5,162.53
Jubilee Hills,3668,4,4.0,2.5,672.14
Madhapur,1672,2,3.0,1.0,174.33
Miyapur,1487,2,2.0,0.2,96.85
Banjara Hills,3092,4,4.0,3.0,464.41
Miyapur,3249,4,4.0,0.2,178.72
Uppal,3153,4,5.0,0.1,156.13
Kondapur,3346,4,4.0,2.0,292.88
Banjara Hills,3166,4,4.0,3.0,465.22
Manikonda,3064,4,4.0,4.0,200.19
Jubilee Hills,3198,4,4.0,2.5,530.56
Ameerpet,3272,4,4.0,0.0,259.9
Manikonda,875,1,1.0,4.0,62.65
Banjara Hills,1385,2,2.0,3.0,210.76
Madhapur,856,1,1.0,1.0,102.31
Madhapur,1730,2,2.0,1.0,169.59
Ameerpet,1032,2,3.0,0.0,92.58
Jubilee Hills,2487,3,3.0,2.5,434.38
Madhapur,3660,4,5.0,1.0,350.78
Jubilee Hills,1189,2,2.0,2.5,238.4
Gachibowli,2752,3,3.0,1.5,251.17
Kondapur,2173,3,4.0,2.0,195.55
Kondapur,1340,2,2.0,2.0,121.8
Kondapur,2878,4,4.0,2.0,249.91
Kondapur,3701,4,4.0,2.0,321.68
Ameerpet,1692,2,2.0,0.0,122.96
Miyapur,3056,4,5.0,0.2,197.73
Manikonda,3375,4,4.0,4.0,198.48
Kukatpally,3647,4,5.0,0.5,248.4
Gachibowli,1205,2,3.0,1.5,114.1
Kondapur,2694,3,4.0,2.0,230.67
Madhapur,2768,3,3.0,1.0,256.69
Uppal,2240,3,3.0,0.1,121.4
Kukatpally,1517,2,2.0,0.5,122.4
Uppal,3405,4,4.0,0.1,168.95
Jubilee Hills,2022,3,3.0,2.5,382.81
Manikonda,1003,2,2.0,4.0,72.93
Uppal,1880,3,3.0,0.1,97.67
Kukatpally,2886,4,4.0,0.5,220.61
Jubilee Hills,1328,2,2.0,2.5,265.75
Miyapur,3437,4,4.0,0.2,202.78
Miyapur,2623,3,3.0,0.2,159.78
Ameerpet,1376,2,3.0,0.0,129.08
Jubilee Hills,2018,3,3.0,2.5,392.65
Manikonda,3707,4,4.0,4.0,242.23
Manikonda,2707,3,3.0,4.0,169.83
Banjara Hills,1314,2,2.0,3.0,190.98
Gachibowli,1213,2,3.0,1.5,117.73
Manikonda,3353,4,4.0,4.0,214.64
Madhapur,3323,4,4.0,1.0,323.47
Uppal,3992,4,4.0,0.1,200.4
Gachibowli,2398,3,3.0,1.5,232.63
Manikonda,1497,2,2.0,4.0,88.43
Banjara Hills,2284,3,3.0,3.0,357.97
Manikonda,1306,2,3.0,4.0,80.81
Banjara Hills,1207,2,2.0,3.0,191.15
Ameerpet,817,1,1.0,0.0,81.07
Banjara Hills,2557,3,3.0,3.0,379.98
Uppal,3718,4,5.0,0.1,174.64
Gachibowli,3609,4,4.0,1.5,335.84
Miyapur,871,1,1.0,0.2,65.13
Gachibowli,1623,2,2.0,1.5,155.66
Madhapur,2658,3,3.0,1.0,251.59
Gachibowli,1001,2,2.0,1.5,100.46
Jubilee Hills,2604,3,3.0,2.5,438.88
Uppal,3070,4,4.0,0.1,167.82
Jubilee Hills,2165,3,3.0,2.5,429.52
Banjara Hills,1943,3,3.0,3.0,314.58
Kondapur,3036,4,5.0,2.0,226.85
Ameerpet,3703,4,4.0,0.0,284.09
Gachibowli,3495,4,4.0,1.5,308.78
Ameerpet,820,1,1.0,0.0,78.69
Gachibowli,3958,4,5.0,1.5,334.45
Ameerpet,803,1,1.0,0.0,83.49
Kondapur,3008,4,4.0,2.0,243.07
Madhapur,2643,3,4.0,1.0,278.86
Kondapur,1808,3,4.0,2.0,163.73
Madhapur,1370,2,2.0,1.0,146.26
Manikonda,2205,3,4.0,4.0,135.21
Banjara Hills,1318,2,2.0,3.0,220.67
Kukatpally,3346,4,4.0,0.5,221.63
Miyapur,1841,3,3.0,0.2,120.38
Kukatpally,1386,2,2.0,0.5,102.81
Kukatpally,3191,4,5.0,0.5,231.98
Miyapur,2706,3,3.0,0.2,172.59
Kondapur,1471,2,3.0,2.0,131.08
Kondapur,1948,3,3.0,2.0,155.55
Kondapur,1701,2,3.0,2.0,144.08
Miyapur,3987,4,4.0,0.2,233.74
Banjara Hills,3147,4,5.0,3.0,488.83
Gachibowli,3656,4,5.0,1.5,348.03
Madhapur,3137,4,5.0,1.0,319.84
Kondapur,2178,3,3.0,2.0,201.58
Miyapur,1590,2,2.0,0.2,105.48
Kondapur,2520,3,3.0,2.0,202.19
Ameerpet,3142,4,5.0,0.0,231.84
Jubilee Hills,1758,2,2.0,2.5,334.63
Kondapur,911,1,1.0,2.0,78.23
Gachibowli,1728,2,2.0,1.5,176.96
Ameerpet,1880,3,4.0,0.0,155.97
Kukatpally,3408,4,5.0,0.5,234.17
Manikonda,3312,4,4.0,4.0,188.67
Jubilee Hills,1645,2,3.0,2.5,296.9
Kukatpally,2565,3,3.0,0.5,187.37
Miyapur,2268,3,3.0,0.2,144.93
Ameerpet,1236,2,2.0,0.0,104.98
Banjara Hills,2992,4,4.0,3.0,413.39
Uppal,2372,3,3.0,0.1,123.09
Ameerpet,1995,3,3.0,0.0,152.13
Kondapur,3466,4,4.0,2.0,296.32
Jubilee Hills,1723,2,3.0,2.5,309.03
Banjara Hills,3446,4,4.0,3.0,522.06
Miyapur,2268,3,4.0,0.2,145.29
Kukatpally,2107,3,3.0,0.5,140.24
Gachibowli,1771,2,2.0,1.5,163.19
Gachibowli,3778,4,5.0,1.5,352.54
Kukatpally,3794,4,4.0,0.5,256.37
Kondapur,2697,3,3.0,2.0,215.12
Madhapur,2017,3,4.0,1.0,212.79
Miyapur,1201,2,2.0,0.2,79.71
Ameerpet,3300,4,4.0,0.0,246.53
Jubilee Hills,3081,4,4.0,2.5,562.55
Jubilee Hills,2836,4,4.0,2.5,505.53
Gachibowli,1554,2,2.0,1.5,146.32
Jubilee Hills,3602,4,5.0,2.5,744.21
Manikonda,3255,4,4.0,4.0,200.09
Miyapur,1944,3,3.0,0.2,119.97
Gachibowli,1736,2,2.0,1.5,149.81
Gachibowli,1907,3,4.0,1.5,173.28
Ameerpet,1910,3,3.0,0.0,148.95
Ameerpet,1000,2,2.0,0.0,97.38
Miyapur,1467,2,2.0,0.2,86.13
Kondapur,1685,2,2.0,2.0,148.14
Manikonda,2158,3,3.0,4.0,125.62
Manikonda,1263,2,3.0,4.0,91.7
Kondapur,2997,4,4.0,2.0,271.76
Ameerpet,1876,3,3.0,0.0,155.97
Gachibowli,994,1,1.0,1.5,93.66
Banjara Hills,2019,3,3.0,3.0,302.23
Banjara Hills,2767,3,4.0,3.0,373.79
Kukatpally,1704,2,2.0,0.5,133.12
Kondapur,2183,3,3.0,2.0,185.32
Jubilee Hills,3567,4,4.0,2.5,665.22
Ameerpet,3432,4,4.0,0.0,280.26
Madhapur,3723,4,4.0,1.0,366.08
Madhapur,3793,4,4.0,1.0,380.44
Kondapur,1703,2,3.0,2.0,153.38
Madhapur,2304,3,3.0,1.0,242.55
Kondapur,3646,4,5.0,2.0,281.68
Ameerpet,2904,4,5.0,0.0,236.05
Manikonda,3606,4,4.0,4.0,247.9
Uppal,3201,4,5.0,0.1,166.48
Madhapur,2547,3,3.0,1.0,252.17
Jubilee Hills,2029,3,3.0,2.5,392.24
Kukatpally,1401,2,3.0,0.5,107.07
Ameerpet,3205,4,5.0,0.0,252.68
Kukatpally,3531,4,5.0,0.5,236.63
Manikonda,1416,2,2.0,4.0,81.91
Gachibowli,2995,4,4.0,1.5,264.64
Kondapur,1317,2,2.0,2.0,112.75
Manikonda,3654,4,4.0,4.0,228.59
Madhapur,3286,4,5.0,1.0,318.06
Banjara Hills,1687,2,3.0,3.0,260.7
Ameerpet,1690,2,3.0,0.0,124.79
Manikonda,3140,4,4.0,4.0,207.0
Madhapur,2514,3,4.0,1.0,281.24
Jubilee Hills,1604,2,3.0,2.5,292.78
Kukatpally,2949,4,4.0,0.5,203.09
Madhapur,2739,3,4.0,1.0,266.34
Banjara Hills,3159,4,5.0,3.0,447.78
Ameerpet,2802,4,4.0,0.0,208.81
Gachibowli,2433,3,4.0,1.5,241.77
Kukatpally,3851,4,4.0,0.5,270.93
Uppal,3461,4,5.0,0.1,171.42
Uppal,3196,4,5.0,0.1,176.43
Madhapur,2378,3,3.0,1.0,262.87
Jubilee Hills,1668,2,2.0,2.5,311.11
Jubilee Hills,1584,2,2.0,2.5,284.79
Gachibowli,1232,2,3.0,1.5,118.58
Uppal,2258,3,4.0,0.1,117.47
Uppal,2548,3,3.0,0.1,127.95
Kukatpally,2085,3,4.0,0.5,156.56
Ameerpet,2340,3,4.0,0.0,168.67
Kukatpally,1560,2,3.0,0.5,116.92
Kondapur,2937,4,4.0,2.0,255.25
Manikonda,3830,4,4.0,4.0,228.59
Gachibowli,1634,2,3.0,1.5,149.05
Ameerpet,2134,3,3.0,0.0,169.25
Gachibowli,2226,3,3.0,1.5,219.79
Banjara Hills,1435,2,3.0,3.0,226.85
Uppal,3506,4,4.0,0.1,171.18
Banjara Hills,2807,4,5.0,3.0,485.24
Miyapur,1608,2,2.0,0.2,104.92
Banjara Hills,963,1,1.0,3.0,170.53
Manikonda,1883,3,3.0,4.0,121.57
Manikonda,1416,2,2.0,4.0,95.02
Manikonda,2470,3,3.0,4.0,144.65
Manikonda,3789,4,5.0,4.0,245.75
Jubilee Hills,1579,2,2.0,2.5,295.84
Uppal,1899,3,3.0,0.1,107.65
Uppal,3898,4,5.0,0.1,167.69
Kukatpally,2971,4,4.0,0.5,201.51
Uppal,3450,4,5.0,0.1,164.22
Manikonda,3119,4,5.0,4.0,186.68
Gachibowli,3345,4,4.0,1.5,265.98
Gachibowli,2853,4,5.0,1.5,243.93
Miyapur,922,1,1.0,0.2,69.22
Jubilee Hills,3608,4,4.0,2.5,661.22
Gachibowli,2254,3,4.0,1.5,208.28
Uppal,1962,3,3.0,0.1,95.74
Jubilee Hills,3875,4,4.0,2.5,715.73
Kukatpally,3245,4,4.0,0.5,227.82
Uppal,2409,3,4.0,0.1,121.52
Miyapur,3375,4,4.0,0.2,190.73
Manikonda,2844,4,4.0,4.0,173.96
Banjara Hills,2200,3,3.0,3.0,345.18
Jubilee Hills,3467,4,4.0,2.5,681.08
Gachibowli,2650,3,3.0,1.5,252.23
Ameerpet,1668,2,2.0,0.0,136.05
Kukatpally,2002,3,3.0,0.5,137.86
Uppal,1171,2,3.0,0.1,67.27
Jubilee Hills,2249,3,4.0,2.5,416.62
Madhapur,1334,2,2.0,1.0,150.06
Gachibowli,1709,2,2.0,1.5,179.43
Banjara Hills,3085,4,4.0,3.0,484.29
Uppal,3149,4,4.0,0.1,150.91
Ameerpet,1660,2,2.0,0.0,132.35
Kukatpally,2814,4,5.0,0.5,196.74
Banjara Hills,1371,2,2.0,3.0,208.09
Madhapur,3382,4,5.0,1.0,326.49
Banjara Hills,3974,4,5.0,3.0,581.68
Gachibowli,2746,3,3.0,1.5,267.89
Miyapur,1180,2,2.0,0.2,78.51
Kondapur,2733,3,4.0,2.0,253.02
Madhapur,1388,2,2.0,1.0,153.47
Jubilee Hills,2613,3,3.0,2.5,475.78
Kondapur,1446,2,2.0,2.0,129.92
Manikonda,3698,4,4.0,4.0,215.34
Jubilee Hills,3372,4,4.0,2.5,602.46
Ameerpet,1033,2,2.0,0.0,90.29
Madhapur,3414,4,4.0,1.0,319.58
Banjara Hills,1591,2,2.0,3.0,233.28
Madhapur,2510,3,4.0,1.0,271.71
Kukatpally,3744,4,4.0,0.5,249.49
Gachibowli,961,1,2.0,1.5,93.07
Miyapur,2497,3,3.0,0.2,161.06
Manikonda,3382,4,5.0,4.0,216.56
Jubilee Hills,2526,3,4.0,2.5,456.67
Uppal,2366,3,4.0,0.1,125.04
Kukatpally,3182,4,4.0,0.5,202.48
Uppal,3828,4,5.0,0.1,202.34
Kukatpally,3206,4,4.0,0.5,235.87
Miyapur,3452,4,4.0,0.2,201.83
Jubilee Hills,3740,4,4.0,2.5,713.09
Miyapur,3738,4,4.0,0.2,221.23
Jubilee Hills,2221,3,4.0,2.5,400.45
Jubilee Hills,2563,3,4.0,2.5,474.59
Madhapur,2928,4,4.0,1.0,292.74
Miyapur,3441,4,4.0,0.2,216.66
Ameerpet,1622,2,3.0,0.0,137.71
Uppal,3599,4,5.0,0.1,185.59
Madhapur,883,1,2.0,1.0,98.81
Gachibowli,3428,4,4.0,1.5,291.67
Kondapur,2610,3,3.0,2.0,230.79
Manikonda,1205,2,3.0,4.0,78.29
Kondapur,1187,2,3.0,2.0,109.73
Banjara Hills,3932,4,4.0,3.0,607.97
Manikonda,2678,3,3.0,4.0,159.49
Gachibowli,1361,2,2.0,1.5,136.4
Gachibowli,2674,3,3.0,1.5,240.03
Madhapur,2335,3,4.0,1.0,233.19
Uppal,1508,2,2.0,0.1,81.97
Gachibowli,2002,3,4.0,1.5,182.86
Miyapur,1238,2,3.0,0.2,90.08
Banjara Hills,2805,4,4.0,3.0,436.3
Gachibowli,3418,4,4.0,1.5,345.25
Ameerpet,1181,2,2.0,0.0,96.73
Kondapur,2436,3,4.0,2.0,212.67
Madhapur,1012,2,2.0,1.0,116.34
Kondapur,2648,3,3.0,2.0,213.31
Jubilee Hills,906,1,2.0,2.5,190.29
Manikonda,3099,4,5.0,4.0,197.36
Kondapur,1587,2,2.0,2.0,132.92
Banjara Hills,2500,3,4.0,3.0,373.53
Madhapur,1317,2,3.0,1.0,143.32
Kondapur,1739,2,2.0,2.0,150.77
Kondapur,2395,3,3.0,2.0,208.78
Miyapur,1694,2,3.0,0.2,113.83
Manikonda,1966,3,3.0,4.0,117.82
Kondapur,1425,2,3.0,2.0,127.11
Ameerpet,3867,4,5.0,0.0,260.39
Jubilee Hills,3670,4,4.0,2.5,623.12
Ameerpet,2781,3,3.0,0.0,220.71
Kukatpally,3840,4,4.0,0.5,279.47
Manikonda,1393,2,2.0,4.0,97.93
Ameerpet,1698,2,2.0,0.0,131.08
Miyapur,3363,4,4.0,0.2,184.97
Gachibowli,1461,2,2.0,1.5,135.7
Kukatpally,3452,4,5.0,0.5,222.73
Manikonda,3940,4,4.0,4.0,230.81
Manikonda,2720,3,3.0,4.0,177.28
Manikonda,3623,4,4.0,4.0,234.57
Gachibowli,1606,2,3.0,1.5,156.57
Uppal,3058,4,5.0,0.1,162.72
Madhapur,2556,3,3.0,1.0,264.53
Uppal,3549,4,4.0,0.1,165.8
Uppal,3766,4,4.0,0.1,189.62
Jubilee Hills,954,1,1.0,2.5,190.29
Madhapur,861,1,1.0,1.0,89.53
Uppal,2655,3,3.0,0.1,133.82
Jubilee Hills,925,1,1.0,2.5,183.67
Banjara Hills,3499,4,5.0,3.0,530.62
Gachibowli,2807,4,4.0,1.5,263.38
Banjara Hills,3257,4,4.0,3.0,498.16
Kukatpally,865,1,2.0,0.5,72.17
Ameerpet,2665,3,3.0,0.0,202.95
Jubilee Hills,3800,4,4.0,2.5,706.58
Kukatpally,3305,4,5.0,0.5,229.49
Madhapur,3372,4,4.0,1.0,371.64
Kukatpally,821,1,1.0,0.5,65.62
Kukatpally,1141,2,2.0,0.5,95.24
Kukatpally,2439,3,3.0,0.5,159.03
Jubilee Hills,2341,3,3.0,2.5,471.55
Banjara Hills,2899,4,4.0,3.0,451.04
Madhapur,3226,4,4.0,1.0,361.24
Miyapur,1942,3,4.0,0.2,130.6
Kukatpally,1684,2,3.0,0.5,127.73
Kukatpally,1812,3,3.0,0.5,135.33
Uppal,3519,4,5.0,0.1,174.39
Kondapur,3682,4,5.0,2.0,327.69
Banjara Hills,3320,4,4.0,3.0,500.09
Kukatpally,2615,3,3.0,0.5,193.17
Kondapur,3633,4,4.0,2.0,305.13
Gachibowli,3515,4,5.0,1.5,297.2
Banjara Hills,3686,4,5.0,3.0,567.97
Gachibowli,1738,2,2.0,1.5,167.51
Kukatpally,906,1,2.0,0.5,68.62
Banjara Hills,934,1,1.0,3.0,162.27
Kondapur,3900,4,5.0,2.0,308.67
Gachibowli,2402,3,3.0,1.5,206.86
Madhapur,1296,2,3.0,1.0,134.26
Gachibowli,2610,3,3.0,1.5,231.08
Kukatpally,2308,3,3.0,0.5,172.56
Uppal,3197,4,4.0,0.1,147.94
Kondapur,3503,4,4.0,2.0,293.68
Kondapur,1323,2,2.0,2.0,127.76
Banjara Hills,3873,4,4.0,3.0,595.38
Uppal,3278,4,4.0,0.1,171.9
Manikonda,2349,3,3.0,4.0,133.42
Gachibowli,1813,3,3.0,1.5,165.62
Kondapur,1955,3,3.0,2.0,176.27
Jubilee Hills,950,1,1.0,2.5,189.96
Kondapur,1295,2,2.0,2.0,106.32
Madhapur,3154,4,4.0,1.0,298.02
Jubilee Hills,1901,3,3.0,2.5,349.5
Miyapur,3489,4,5.0,0.2,190.14
Gachibowli,2662,3,4.0,1.5,227.64
Ameerpet,3577,4,5.0,0.0,268.76
Uppal,1053,2,3.0,0.1,72.3
Madhapur,2085,3,4.0,1.0,206.18
Miyapur,2181,3,3.0,0.2,120.24
Jubilee Hills,3427,4,4.0,2.5,647.29
Madhapur,1051,2,2.0,1.0,119.82
Ameerpet,3725,4,4.0,0.0,273.39
Ameerpet,891,1,1.0,0.0,67.34
Kondapur,1871,3,4.0,2.0,145.04
Gachibowli,1412,2,3.0,1.5,127.67
Gachibowli,3944,4,5.0,1.5,352.48
Kukatpally,843,1,1.0,0.5,67.39
Manikonda,1875,3,4.0,4.0,107.39
Madhapur,2510,3,4.0,1.0,262.35
Gachibowli,3222,4,4.0,1.5,295.19
Miyapur,1457,2,3.0,0.2,96.14
Uppal,1822,3,4.0,0.1,91.67
Banjara Hills,3156,4,4.0,3.0,502.76
Ameerpet,3767,4,4.0,0.0,288.75
Uppal,1117,2,2.0,0.1,69.94
Kondapur,2200,3,3.0,2.0,177.2
Jubilee Hills,2197,3,3.0,2.5,409.66
Jubilee Hills,2834,4,4.0,2.5,562.1
Ameerpet,2752,3,3.0,0.0,215.84
Jubilee Hills,3810,4,4.0,2.5,705.24
Miyapur,1377,2,3.0,0.2,92.33
Kukatpally,1340,2,2.0,0.5,105.56
Gachibowli,2611,3,3.0,1.5,248.47
Ameerpet,1596,2,2.0,0.0,130.27
Manikonda,2495,3,3.0,4.0,170.55
Gachibowli,956,1,2.0,1.5,109.83
Kondapur,3649,4,4.0,2.0,342.91
Kukatpally,1465,2,2.0,0.5,110.89
Jubilee Hills,2516,3,4.0,2.5,451.18
Gachibowli,3220,4,4.0,1.5,294.89
Kukatpally,1598,2,2.0,0.5,124.72
Banjara Hills,2464,3,3.0,3.0,437.45
Kukatpally,1204,2,2.0,0.5,94.91
Ameerpet,1785,2,3.0,0.0,143.54
Kondapur,1541,2,2.0,2.0,144.53
Miyapur,2457,3,4.0,0.2,145.03
Ameerpet,3153,4,5.0,0.0,219.3
Jubilee Hills,1268,2,2.0,2.5,244.15
Kukatpally,1852,3,3.0,0.5,128.38
Gachibowli,1810,3,4.0,1.5,167.43
Banjara Hills,3673,4,5.0,3.0,543.22
Uppal,1547,2,2.0,0.1,81.62
Ameerpet,1551,2,3.0,0.0,123.58
Kondapur,2150,3,4.0,2.0,170.13
Jubilee Hills,3593,4,4.0,2.5,635.59
Manikonda,2587,3,3.0,4.0,168.92
Miyapur,2554,3,3.0,0.2,154.27
Miyapur,3553,4,5.0,0.2,223.37
Gachibowli,1042,2,2.0,1.5,98.71
Uppal,3994,4,4.0,0.1,187.32
Gachibowli,2278,3,3.0,1.5,179.64
Ameerpet,2053,3,3.0,0.0,161.65
Madhapur,3667,4,4.0,1.0,374.71
Jubilee Hills,1800,3,3.0,2.5,339.6
Kondapur,3277,4,4.0,2.0,290.53
Kondapur,3810,4,4.0,2.0,334.69
Kondapur,1357,2,2.0,2.0,125.52
Manikonda,2590,3,3.0,4.0,164.49
Kukatpally,2137,3,3.0,0.5,149.71
Miyapur,1620,2,2.0,0.2,101.12
Ameerpet,884,1,2.0,0.0,85.1
Uppal,3909,4,4.0,0.1,193.75
Manikonda,1849,3,3.0,4.0,120.72
Ameerpet,3265,4,4.0,0.0,244.45
Gachibowli,1886,3,3.0,1.5,166.46
Miyapur,1214,2,2.0,0.2,79.93
Jubilee Hills,3310,4,5.0,2.5,603.86
Kondapur,1347,2,2.0,2.0,131.42
Uppal,2634,3,3.0,0.1,138.87
Kondapur,3571,4,5.0,2.0,307.47
Miyapur,3266,4,4.0,0.2,213.31
Miyapur,836,1,1.0,0.2,62.56
Miyapur,2809,4,5.0,0.2,175.81
Kukatpally,1031,2,3.0,0.5,89.64
Manikonda,3283,4,5.0,4.0,226.9
Ameerpet,2026,3,4.0,0.0,157.57
Gachibowli,1553,2,2.0,1.5,156.25
Miyapur,2706,3,3.0,0.2,178.6
Banjara Hills,2393,3,3.0,3.0,336.61
Kukatpally,3679,4,5.0,0.5,229.05
Madhapur,1934,3,4.0,1.0,214.8
Kukatpally,2017,3,3.0,0.5,148.26
Uppal,1441,2,2.0,0.1,80.51
Ameerpet,2904,4,4.0,0.0,215.68
Ameerpet,3001,4,4.0,0.0,209.21
Kondapur,3429,4,5.0,2.0,291.06
Banjara Hills,957,1,2.0,3.0,145.16
Kondapur,3379,4,4.0,2.0,275.9
Banjara Hills,3997,4,5.0,3.0,591.42
Kukatpally,2189,3,3.0,0.5,167.7
Banjara Hills,2663,3,3.0,3.0,409.72
Uppal,1156,2,2.0,0.1,74.71
Jubilee Hills,3493,4,4.0,2.5,687.97
Miyapur,2920,4,5.0,0.2,192.37
Miyapur,3370,4,4.0,0.2,193.83
Kondapur,1401,2,2.0,2.0,121.89
Ameerpet,2228,3,3.0,0.0,179.93
Jubilee Hills,906,1,1.0,2.5,170.79
Kukatpally,3610,4,4.0,0.5,247.8
Uppal,1495,2,3.0,0.1,85.52
Banjara Hills,3782,4,4.0,3.0,564.07
Kondapur,1173,2,2.0,2.0,103.35
Madhapur,2453,3,3.0,1.0,233.8
Madhapur,2400,3,3.0,1.0,248.28
Ameerpet,2913,4,5.0,0.0,208.01
Gachibowli,3870,4,5.0,1.5,382.52
Manikonda,2113,3,4.0,4.0,123.1
Kukatpally,3026,4,5.0,0.5,207.71
Jubilee Hills,866,1,1.0,2.5,158.63
Kondapur,2611,3,4.0,2.0,205.79
Jubilee Hills,1878,3,3.0,2.5,338.97
Ameerpet,3813,4,5.0,0.0,276.77
Jubilee Hills,1537,2,3.0,2.5,297.57
Manikonda,901,1,2.0,4.0,69.1
Kukatpally,848,1,1.0,0.5,75.48
Gachibowli,1166,2,2.0,1.5,118.93
Kukatpally,3852,4,4.0,0.5,280.65
Kukatpally,1223,2,2.0,0.5,93.67
Kukatpally,940,1,2.0,0.5,83.15
Uppal,2613,3,3.0,0.1,140.42
Banjara Hills,3290,4,4.0,3.0,496.01
Miyapur,2504,3,3.0,0.2,159.04
Gachibowli,2986,4,4.0,1.5,252.27
Madhapur,3902,4,4.0,1.0,372.82
Banjara Hills,2394,3,3.0,3.0,356.61
Uppal,1310,2,2.0,0.1,75.95
Uppal,3508,4,4.0,0.1,176.13
Banjara Hills,2651,3,3.0,3.0,422.29
Miyapur,2373,3,4.0,0.2,157.95
Kondapur,2884,4,4.0,2.0,251.15
Jubilee Hills,3084,4,4.0,2.5,573.72
Gachibowli,2225,3,4.0,1.5,223.41
Manikonda,3893,4,4.0,4.0,236.08
Kukatpally,3338,4,5.0,0.5,234.02
Ameerpet,3858,4,4.0,0.0,307.61
Madhapur,1334,2,2.0,1.0,152.64
Kondapur,2296,3,4.0,2.0,189.12
Kukatpally,2483,3,4.0,0.5,192.24
Jubilee Hills,1001,2,3.0,2.5,200.28
Jubilee Hills,2550,3,3.0,2.5,488.79
Madhapur,994,1,1.0,1.0,106.7
Kondapur,2282,3,4.0,2.0,207.86
Kondapur,814,1,1.0,2.0,81.36
Jubilee Hills,1627,2,2.0,2.5,297.67
Ameerpet,1742,2,2.0,0.0,140.82
Madhapur,896,1,2.0,1.0,92.32
Banjara Hills,3497,4,5.0,3.0,539.01
Banjara Hills,3340,4,4.0,3.0,493.38
Banjara Hills,2018,3,3.0,3.0,318.6
Jubilee Hills,3705,4,4.0,2.5,668.45
Manikonda,3572,4,4.0,4.0,218.69
Uppal,2489,3,3.0,0.1,123.21
Kondapur,1123,2,2.0,2.0,102.08
Uppal,843,1,2.0,0.1,64.38
Kondapur,1883,3,4.0,2.0,151.9
Kondapur,2952,4,5.0,2.0,245.94
Miyapur,2431,3,4.0,0.2,153.18
Jubilee Hills,2898,4,4.0,2.5,501.33
Gachibowli,3274,4,5.0,1.5,291.45
Banjara Hills,2005,3,3.0,3.0,313.72
Uppal,2274,3,3.0,0.1,119.33
Kukatpally,3927,4,5.0,0.5,266.64
Kondapur,1894,3,3.0,2.0,163.92
Manikonda,2800,4,5.0,4.0,177.86
Gachibowli,2198,3,3.0,1.5,198.65
Banjara Hills,3815,4,4.0,3.0,572.32
Banjara Hills,1008,2,3.0,3.0,153.1
Madhapur,3816,4,4.0,1.0,373.57
Banjara Hills,1066,2,2.0,3.0,168.08
Banjara Hills,3965,4,4.0,3.0,645.81
Manikonda,2412,3,3.0,4.0,138.73
Banjara Hills,2317,3,4.0,3.0,357.52
Banjara Hills,3951,4,4.0,3.0,636.1
Gachibowli,974,1,2.0,1.5,104.95
Uppal,1904,3,3.0,0.1,97.66
Madhapur,3648,4,4.0,1.0,369.82
Ameerpet,3876,4,5.0,0.0,316.45
Kondapur,3265,4,4.0,2.0,273.84
Kukatpally,2108,3,3.0,0.5,144.56
Uppal,3963,4,4.0,0.1,203.52
Ameerpet,864,1,1.0,0.0,70.09
Gachibowli,2558,3,3.0,1.5,211.5
Banjara Hills,3041,4,5.0,3.0,493.97
Miyapur,2455,3,3.0,0.2,132.8
Madhapur,1711,2,3.0,1.0,173.85
Uppal,1713,2,2.0,0.1,89.75
Gachibowli,1891,3,3.0,1.5,168.15
Banjara Hills,3603,4,4.0,3.0,566.58
Miyapur,3756,4,4.0,0.2,206.2
Gachibowli,2330,3,3.0,1.5,191.96
Manikonda,1910,3,3.0,4.0,113.63
Uppal,1329,2,2.0,0.1,78.59
Manikonda,1647,2,2.0,4.0,102.3
Ameerpet,2350,3,3.0,0.0,183.97
Kondapur,2971,4,4.0,2.0,271.98
Kondapur,2301,3,3.0,2.0,191.71
Uppal,3086,4,4.0,0.1,145.68
Kukatpally,1270,2,2.0,0.5,103.37
Uppal,3585,4,4.0,0.1,171.06
Manikonda,1703,2,3.0,4.0,115.29
Madhapur,1734,2,2.0,1.0,175.74
Gachibowli,3925,4,5.0,1.5,354.99
Banjara Hills,1079,2,2.0,3.0,184.61
Madhapur,1732,2,2.0,1.0,154.93
Ameerpet,1919,3,3.0,0.0,141.1
Ameerpet,2858,4,4.0,0.0,196.49
Kukatpally,2412,3,3.0,0.5,185.33
Madhapur,967,1,1.0,1.0,109.08
Kondapur,1543,2,2.0,2.0,134.37
Madhapur,1099,2,3.0,1.0,121.48
Miyapur,892,1,1.0,0.2,71.09
Gachibowli,882,1,1.0,1.5,90.29
Manikonda,2398,3,4.0,4.0,144.16
Kondapur,1209,2,3.0,2.0,92.52
Madhapur,3570,4,5.0,1.0,344.17
Manikonda,1702,2,3.0,4.0,105.85
Miyapur,3039,4,4.0,0.2,183.72
Miyapur,1770,2,3.0,0.2,118.58
Miyapur,1641,2,2.0,0.2,101.85
Manikonda,1263,2,2.0,4.0,90.33
Ameerpet,2611,3,3.0,0.0,186.11
Uppal,3389,4,4.0,0.1,170.53
Banjara Hills,1185,2,2.0,3.0,179.34
Gachibowli,2655,3,3.0,1.5,239.13
Madhapur,1344,2,2.0,1.0,149.78
Madhapur,2451,3,4.0,1.0,267.87
Banjara Hills,2087,3,4.0,3.0,342.25
Madhapur,2136,3,3.0,1.0,240.8
Ameerpet,1893,3,3.0,0.0,152.39
Jubilee Hills,3641,4,5.0,2.5,663.5
Miyapur,1629,2,3.0,0.2,104.04
Miyapur,1473,2,3.0,0.2,95.76
Jubilee Hills,2274,3,3.0,2.5,417.64
Miyapur,2308,3,4.0,0.2,161.2
Miyapur,1040,2,3.0,0.2,76.8
Miyapur,2762,3,3.0,0.2,167.03
Manikonda,1537,2,2.0,4.0,107.57
Madhapur,1484,2,2.0,1.0,161.37
Banjara Hills,1209,2,3.0,3.0,187.15
Ameerpet,809,1,1.0,0.0,66.79
Manikonda,1065,2,2.0,4.0,68.67
Ameerpet,988,1,1.0,0.0,96.46
Ameerpet,2489,3,3.0,0.0,195.34
Uppal,3387,4,4.0,0.1,166.37
Uppal,825,1,1.0,0.1,48.06
Manikonda,3632,4,5.0,4.0,241.52
Banjara Hills,2272,3,3.0,3.0,350.88
Jubilee Hills,1049,2,2.0,2.5,199.79
Jubilee Hills,3158,4,4.0,2.5,603.99
Jubilee Hills,2396,3,4.0,2.5,432.69
Gachibowli,3753,4,5.0,1.5,307.35
Uppal,3813,4,5.0,0.1,179.9
Kondapur,2938,4,5.0,2.0,252.01
Banjara Hills,3921,4,4.0,3.0,591.11
Kondapur,2915,4,4.0,2.0,259.12
Kondapur,2381,3,3.0,2.0,213.48
Ameerpet,2207,3,3.0,0.0,168.26
Banjara Hills,939,1,2.0,3.0,142.75
Uppal,3321,4,5.0,0.1,161.3
Banjara Hills,1475,2,2.0,3.0,233.21
Manikonda,3411,4,4.0,4.0,212.59
Kondapur,1770,2,3.0,2.0,146.5
Gachibowli,1496,2,2.0,1.5,141.79
Jubilee Hills,3650,4,4.0,2.5,618.02
Madhapur,2073,3,3.0,1.0,212.46
Kukatpally,2525,3,3.0,0.5,189.04
Kukatpally,1487,2,2.0,0.5,106.67
Jubilee Hills,3224,4,4.0,2.5,566.29
Banjara Hills,2132,3,4.0,3.0,302.55
Kondapur,1289,2,3.0,2.0,124.13
Kondapur,898,1,1.0,2.0,76.39
Ameerpet,2233,3,4.0,0.0,169.35
Miyapur,1251,2,3.0,0.2,81.55
Ameerpet,1503,2,3.0,0.0,111.05
Jubilee Hills,3435,4,4.0,2.5,622.76
Miyapur,2090,3,4.0,0.2,141.51
Ameerpet,2300,3,3.0,0.0,159.36
Madhapur,2816,4,4.0,1.0,258.99
Miyapur,1272,2,3.0,0.2,91.05
Manikonda,1456,2,2.0,4.0,97.47
Miyapur,2201,3,3.0,0.2,140.39
Uppal,2305,3,3.0,0.1,118.01
Manikonda,3247,4,4.0,4.0,213.61
Banjara Hills,3311,4,5.0,3.0,513.87
Manikonda,831,1,1.0,4.0,57.47
Manikonda,3076,4,4.0,4.0,199.92
Miyapur,3441,4,4.0,0.2,215.75
Miyapur,1064,2,2.0,0.2,66.3
Jubilee Hills,2489,3,3.0,2.5,463.72
Kondapur,2832,4,4.0,2.0,258.03
Kukatpally,3729,4,5.0,0.5,251.43
Jubilee Hills,1560,2,2.0,2.5,307.56
Uppal,2164,3,3.0,0.1,105.09
Kondapur,3351,4,4.0,2.0,276.21
Kukatpally,2424,3,3.0,0.5,178.49
Madhapur,2826,4,5.0,1.0,271.86
Kukatpally,1530,2,2.0,0.5,109.8
Miyapur,1777,2,2.0,0.2,123.02
Gachibowli,3644,4,4.0,1.5,316.61
Gachibowli,3117,4,4.0,1.5,282.14
Madhapur,3386,4,4.0,1.0,353.36
Madhapur,1637,2,2.0,1.0,159.3
Uppal,1795,2,2.0,0.1,105.23
Kukatpally,1841,3,3.0,0.5,127.56
Uppal,3111,4,5.0,0.1,155.26
Uppal,1285,2,2.0,0.1,68.83
Uppal,1929,3,3.0,0.1,101.0
Kukatpally,1286,2,3.0,0.5,103.19
Kondapur,2334,3,4.0,2.0,187.47
Jubilee Hills,3187,4,4.0,2.5,553.09
Uppal,3219,4,4.0,0.1,163.09
Banjara Hills,2403,3,3.0,3.0,348.62
Uppal,2371,3,3.0,0.1,128.46
Manikonda,2516,3,3.0,4.0,162.91
Jubilee Hills,1394,2,2.0,2.5,257.21
Banjara Hills,1796,2,2.0,3.0,288.53
Uppal,3177,4,4.0,0.1,174.08
Madhapur,3342,4,4.0,1.0,337.96
Miyapur,1027,2,3.0,0.2,77.81
Kondapur,3047,4,4.0,2.0,255.59
Banjara Hills,2974,4,4.0,3.0,487.36
Uppal,2542,3,3.0,0.1,129.21
Banjara Hills,3029,4,5.0,3.0,518.36
Uppal,1751,2,2.0,0.1,96.77
Kukatpally,1717,2,3.0,0.5,122.61
Kukatpally,2845,4,4.0,0.5,210.4
Uppal,859,1,1.0,0.1,48.47
Uppal,3453,4,4.0,0.1,176.16
Manikonda,2285,3,4.0,4.0,152.19
Gachibowli,1341,2,2.0,1.5,126.94
Jubilee Hills,3222,4,4.0,2.5,597.88
Kukatpally,3232,4,4.0,0.5,235.06
Madhapur,911,1,2.0,1.0,97.04
Manikonda,3691,4,5.0,4.0,233.65
Manikonda,3067,4,5.0,4.0,198.65
Kukatpally,1477,2,2.0,0.5,105.75
Kondapur,1164,2,2.0,2.0,103.07
Jubilee Hills,2039,3,3.0,2.5,402.32
Uppal,2480,3,3.0,0.1,131.98
Madhapur,1209,2,2.0,1.0,120.75
Madhapur,3061,4,5.0,1.0,320.55
Uppal,1167,2,3.0,0.1,78.15
Manikonda,1893,3,3.0,4.0,117.6
Madhapur,2176,3,3.0,1.0,226.64
Kondapur,1300,2,2.0,2.0,104.33
Uppal,3765,4,5.0,0.1,189.62
Jubilee Hills,3353,4,4.0,2.5,589.21
Jubilee Hills,2253,3,4.0,2.5,400.93
Banjara Hills,933,1,1.0,3.0,155.35
Miyapur,2022,3,3.0,0.2,116.9
Madhapur,1732,2,2.0,1.0,176.74
Ameerpet,3406,4,4.0,0.0,271.74
Jubilee Hills,3138,4,5.0,2.5,538.36
Miyapur,2688,3,3.0,0.2,163.73
Banjara Hills,3317,4,4.0,3.0,512.55
Miyapur,1836,3,4.0,0.2,126.31
Miyapur,2312,3,3.0,0.2,140.31
Manikonda,2142,3,3.0,4.0,143.96
Ameerpet,1697,2,2.0,0.0,136.9
Kondapur,887,1,2.0,2.0,82.79
Banjara Hills,1960,3,3.0,3.0,290.24
Miyapur,2532,3,4.0,0.2,150.0
Miyapur,2356,3,4.0,0.2,142.13
Miyapur,1303,2,2.0,0.2,90.98
Uppal,1682,2,3.0,0.1,97.39
Ameerpet,2223,3,3.0,0.0,181.13
Gachibowli,1371,2,2.0,1.5,128.6
Gachibowli,3278,4,4.0,1.5,260.9
Banjara Hills,3995,4,4.0,3.0,644.69
Madhapur,3226,4,5.0,1.0,338.88
Gachibowli,3343,4,4.0,1.5,305.23
Madhapur,3261,4,5.0,1.0,329.57
Manikonda,3709,4,5.0,4.0,243.51
Ameerpet,2016,3,3.0,0.0,143.42
Ameerpet,3073,4,5.0,0.0,230.1
Banjara Hills,3398,4,4.0,3.0,525.71
Kondapur,2210,3,3.0,2.0,184.87
Uppal,3061,4,4.0,0.1,157.84
Uppal,2387,3,3.0,0.1,118.51
Banjara Hills,1868,3,4.0,3.0,309.3
Gachibowli,3000,4,4.0,1.5,267.59
Manikonda,917,1,1.0,4.0,65.63
Kukatpally,886,1,1.0,0.5,75.4
Jubilee Hills,3658,4,5.0,2.5,698.32
Kukatpally,2821,4,4.0,0.5,196.53
Manikonda,3156,4,4.0,4.0,193.71
Uppal,3403,4,5.0,0.1,164.75
Kondapur,3194,4,5.0,2.0,275.3
Uppal,3748,4,5.0,0.1,181.31
Uppal,2052,3,3.0,0.1,97.58
Miyapur,876,1,1.0,0.2,64.7
Banjara Hills,2743,3,3.0,3.0,395.39
Jubilee Hills,855,1,1.0,2.5,180.07
Miyapur,1811,3,4.0,0.2,121.05
Miyapur,1983,3,3.0,0.2,121.67
Banjara Hills,3726,4,4.0,3.0,524.23
Manikonda,2417,3,3.0,4.0,169.61
Jubilee Hills,2813,4,5.0,2.5,521.19
Kondapur,3632,4,4.0,2.0,338.75
Miyapur,1819,3,3.0,0.2,113.18
Miyapur,1277,2,3.0,0.2,87.67
Uppal,994,1,1.0,0.1,61.74
Madhapur,1028,2,3.0,1.0,119.73
Banjara Hills,3079,4,4.0,3.0,480.2
Ameerpet,3413,4,4.0,0.0,276.55
Manikonda,3426,4,4.0,4.0,208.34
Ameerpet,1426,2,3.0,0.0,120.81
Ameerpet,2361,3,3.0,0.0,195.56
Uppal,1005,2,3.0,0.1,60.91
Kondapur,2289,3,3.0,2.0,193.68
Madhapur,1455,2,3.0,1.0,146.02
Kukatpally,3418,4,4.0,0.5,238.77
Ameerpet,2592,3,4.0,0.0,198.59
Kondapur,1870,3,3.0,2.0,175.24
Banjara Hills,1620,2,2.0,3.0,233.09
Miyapur,1078,2,3.0,0.2,81.26
Kondapur,1698,2,2.0,2.0,150.1
Jubilee Hills,3657,4,4.0,2.5,713.65
Jubilee Hills,2077,3,3.0,2.5,367.56
Miyapur,1227,2,2.0,0.2,77.74
Kondapur,2371,3,3.0,2.0,203.85
Miyapur,3766,4,5.0,0.2,218.26
Madhapur,2455,3,4.0,1.0,253.35
Madhapur,2797,3,4.0,1.0,254.87
Madhapur,2298,3,3.0,1.0,234.06
Jubilee Hills,2962,4,4.0,2.5,490.78
Miyapur,3257,4,4.0,0.2,194.87
Manikonda,984,1,1.0,4.0,61.34
Kukatpally,1735,2,2.0,0.5,124.28
Miyapur,3185,4,4.0,0.2,194.81
Ameerpet,2359,3,3.0,0.0,177.97
Manikonda,1168,2,2.0,4.0,75.53
Jubilee Hills,3855,4,5.0,2.5,669.85
Uppal,1525,2,2.0,0.1,83.73
Ameerpet,1273,2,3.0,0.0,111.87
Ameerpet,3302,4,4.0,0.0,234.71
Madhapur,2637,3,3.0,1.0,241.28
Kukatpally,1725,2,3.0,0.5,121.96
Banjara Hills,934,1,1.0,3.0,149.93
Jubilee Hills,3521,4,5.0,2.5,665.85
Gachibowli,918,1,1.0,1.5,98.39
Ameerpet,988,1,1.0,0.0,85.87
Manikonda,1323,2,2.0,4.0,91.63
Banjara Hills,2021,3,3.0,3.0,341.06
Ameerpet,1572,2,3.0,0.0,127.29
Kondapur,1572,2,2.0,2.0,136.67
Ameerpet,1031,2,2.0,0.0,81.88
Banjara Hills,842,1,1.0,3.0,132.61
Madhapur,3704,4,4.0,1.0,371.4
Ameerpet,2784,3,3.0,0.0,179.86
Gachibowli,1961,3,3.0,1.5,178.5
Miyapur,2952,4,5.0,0.2,178.76
Kukatpally,1496,2,2.0,0.5,102.56
Uppal,2355,3,3.0,0.1,135.21
Jubilee Hills,1560,2,2.0,2.5,284.86
Kondapur,1404,2,2.0,2.0,134.55
Banjara Hills,1250,2,2.0,3.0,214.3
Kukatpally,2949,4,4.0,0.5,193.62
Manikonda,2072,3,4.0,4.0,138.38
Gachibowli,3541,4,5.0,1.5,300.59
Kukatpally,3311,4,5.0,0.5,230.88
Gachibowli,2590,3,4.0,1.5,244.02
Uppal,3545,4,4.0,0.1,158.59
Manikonda,3471,4,4.0,4.0,221.87
Kondapur,3806,4,4.0,2.0,332.13
Uppal,3862,4,4.0,0.1,181.67
Jubilee Hills,1474,2,2.0,2.5,301.56
Jubilee Hills,1241,2,2.0,2.5,227.16
Kukatpally,3217,4,5.0,0.5,221.74
Miyapur,3381,4,4.0,0.2,177.41
Kukatpally,1587,2,2.0,0.5,113.88
Jubilee Hills,1046,2,2.0,2.5,199.18
Madhapur,1530,2,3.0,1.0,146.95
Gachibowli,2731,3,3.0,1.5,251.19
Uppal,2226,3,3.0,0.1,115.24
Jubilee Hills,2241,3,3.0,2.5,367.65
Jubilee Hills,3702,4,4.0,2.5,700.12
Madhapur,2800,4,5.0,1.0,261.42
Gachibowli,1308,2,2.0,1.5,122.06
Gachibowli,1465,2,2.0,1.5,140.13
Gachibowli,2024,3,3.0,1.5,183.31
Kondapur,1920,3,3.0,2.0,158.98
Gachibowli,1159,2,2.0,1.5,118.91
Manikonda,1179,2,2.0,4.0,72.59
Kukatpally,2021,3,4.0,0.5,160.92
Kukatpally,3717,4,4.0,0.5,254.54
Gachibowli,1847,3,3.0,1.5,175.49
Madhapur,1496,2,2.0,1.0,157.26
Banjara Hills,1428,2,2.0,3.0,228.97
Banjara Hills,3512,4,5.0,3.0,538.84
Madhapur,2471,3,3.0,1.0,259.28
Miyapur,2443,3,3.0,0.2,151.8
Banjara Hills,938,1,1.0,3.0,149.65
Gachibowli,3239,4,5.0,1.5,285.43
Kondapur,1117,2,2.0,2.0,96.34
Kondapur,3319,4,5.0,2.0,272.23
Ameerpet,3509,4,5.0,0.0,219.77
Kondapur,3252,4,4.0,2.0,284.75
Kondapur,3533,4,5.0,2.0,301.8
Banjara Hills,1525,2,2.0,3.0,244.07
Jubilee Hills,1951,3,3.0,2.5,365.55
Kukatpally,3568,4,4.0,0.5,246.39
Ameerpet,2206,3,3.0,0.0,167.03
Miyapur,2925,4,4.0,0.2,179.93
Banjara Hills,3657,4,5.0,3.0,526.79
Kukatpally,3554,4,4.0,0.5,276.09
Gachibowli,1157,2,3.0,1.5,115.56
Ameerpet,901,1,2.0,0.0,66.75
Miyapur,2541,3,3.0,0.2,149.68
Uppal,3391,4,5.0,0.1,178.01
Uppal,2378,3,3.0,0.1,121.67
Kukatpally,3956,4,4.0,0.5,290.18
Ameerpet,1249,2,2.0,0.0,108.55
Banjara Hills,1210,2,2.0,3.0,180.36
Ameerpet,2825,4,4.0,0.0,224.38
Miyapur,877,1,1.0,0.2,60.03
Uppal,1546,2,2.0,0.1,87.86
Gachibowli,1602,2,2.0,1.5,163.64
Ameerpet,3208,4,4.0,0.0,247.99
Banjara Hills,1983,3,3.0,3.0,291.91
Uppal,2457,3,3.0,0.1,131.13
Madhapur,2983,4,5.0,1.0,293.75
Miyapur,3530,4,5.0,0.2,212.03
Miyapur,3300,4,4.0,0.2,202.16
Madhapur,2855,4,5.0,1.0,290.29
Ameerpet,3012,4,4.0,0.0,234.06
Gachibowli,1077,2,2.0,1.5,103.4
Miyapur,1014,2,3.0,0.2,75.52
Miyapur,826,1,1.0,0.2,58.61
Kukatpally,2986,4,4.0,0.5,210.73
Kukatpally,2753,3,3.0,0.5,181.52
Kondapur,1637,2,2.0,2.0,149.46
Kondapur,3101,4,4.0,2.0,279.49
Jubilee Hills,3342,4,4.0,2.5,669.18
Gachibowli,3779,4,4.0,1.5,324.78
Gachibowli,2439,3,3.0,1.5,215.16
Kondapur,1062,2,2.0,2.0,98.58
Kondapur,2305,3,4.0,2.0,185.31
Banjara Hills,3225,4,4.0,3.0,521.26
Manikonda,2360,3,4.0,4.0,145.24
Miyapur,2204,3,4.0,0.2,146.6
Banjara Hills,3117,4,5.0,3.0,474.73
Manikonda,810,1,1.0,4.0,56.82
Manikonda,3276,4,4.0,4.0,209.28
Kukatpally,2103,3,3.0,0.5,140.43
Kondapur,3711,4,4.0,2.0,322.33
Jubilee Hills,1467,2,2.0,2.5,298.59
Miyapur,2907,4,5.0,0.2,159.04
Manikonda,3770,4,4.0,4.0,224.17
Banjara Hills,1644,2,2.0,3.0,271.19
Uppal,3185,4,4.0,0.1,159.8
Kondapur,1593,2,2.0,2.0,143.13
Kondapur,1858,3,4.0,2.0,160.65
Uppal,1333,2,2.0,0.1,75.5
Gachibowli,3298,4,4.0,1.5,283.75
Kondapur,3276,4,4.0,2.0,294.2
Manikonda,1512,2,3.0,4.0,108.86
Jubilee Hills,2771,3,3.0,2.5,456.04
Madhapur,3602,4,4.0,1.0,336.22
Gachibowli,3789,4,4.0,1.5,314.27
Ameerpet,2739,3,4.0,0.0,220.88
Kukatpally,3606,4,4.0,0.5,261.51
Kondapur,808,1,1.0,2.0,78.71
Kukatpally,2183,3,3.0,0.5,141.54
Kukatpally,2401,3,3.0,0.5,154.84
Ameerpet,3781,4,5.0,0.0,270.76
Manikonda,1204,2,2.0,4.0,70.79
Miyapur,1169,2,2.0,0.2,78.05
Uppal,3900,4,4.0,0.1,167.33
Kukatpally,3681,4,4.0,0.5,252.78
Kondapur,3996,4,5.0,2.0,351.26
Kukatpally,3352,4,4.0,0.5,236.97
Jubilee Hills,2543,3,3.0,2.5,442.84
Kukatpally,1591,2,2.0,0.5,115.83
Banjara Hills,2963,4,4.0,3.0,410.98
Kukatpally,1933,3,3.0,0.5,141.12
Kondapur,3046,4,4.0,2.0,265.55
Kukatpally,1948,3,3.0,0.5,139.03
Jubilee Hills,1863,3,3.0,2.5,349.01
Kondapur,1727,2,3.0,2.0,156.94
Kondapur,2941,4,4.0,2.0,260.56
Uppal,3129,4,4.0,0.1,166.58
Kondapur,3530,4,4.0,2.0,276.95
Banjara Hills,3703,4,4.0,3.0,575.82
Gachibowli,806,1,2.0,1.5,88.27
Uppal,2644,3,4.0,0.1,131.71
Manikonda,3326,4,5.0,4.0,186.28
Manikonda,3297,4,4.0,4.0,201.33
Banjara Hills,3412,4,5.0,3.0,513.51
Ameerpet,3180,4,5.0,0.0,245.83
Jubilee Hills,3574,4,4.0,2.5,621.11
Kondapur,3301,4,4.0,2.0,279.95
Manikonda,2754,3,3.0,4.0,183.26
Gachibowli,3435,4,4.0,1.5,306.41
Kukatpally,1734,2,3.0,0.5,124.55
Gachibowli,1693,2,2.0,1.5,157.35
Uppal,1002,2,2.0,0.1,60.9
Madhapur,1205,2,3.0,1.0,118.7
Manikonda,1274,2,2.0,4.0,85.4
Banjara Hills,1061,2,3.0,3.0,165.24
Kukatpally,2586,3,4.0,0.5,174.25
Kondapur,2537,3,3.0,2.0,221.27
Banjara Hills,1999,3,3.0,3.0,291.42
Kondapur,1915,3,3.0,2.0,171.43
Banjara Hills,1338,2,2.0,3.0,225.61
Kukatpally,1875,3,3.0,0.5,142.57
Ameerpet,1785,2,2.0,0.0,148.04
Gachibowli,2558,3,3.0,1.5,225.3
Uppal,3217,4,4.0,0.1,163.18
Madhapur,2792,3,3.0,1.0,300.42
Kukatpally,1702,2,3.0,0.5,133.34
Kukatpally,2997,4,4.0,0.5,221.37
Kukatpally,2550,3,4.0,0.5,176.69
Gachibowli,1360,2,3.0,1.5,122.79
Ameerpet,3490,4,5.0,0.0,264.48
Madhapur,3869,4,4.0,1.0,390.24
Kondapur,3715,4,4.0,2.0,317.96
Banjara Hills,3550,4,4.0,3.0,563.7
Miyapur,3318,4,5.0,0.2,197.95
Ameerpet,2915,4,4.0,0.0,234.51
Miyapur,1273,2,3.0,0.2,95.34
Uppal,3084,4,4.0,0.1,166.23
Madhapur,1811,3,3.0,1.0,194.74
Kukatpally,2463,3,4.0,0.5,169.22
Miyapur,3369,4,4.0,0.2,218.61
Manikonda,3323,4,4.0,4.0,200.2
Kukatpally,3169,4,4.0,0.5,220.78
Kukatpally,1007,2,3.0,0.5,77.03
Banjara Hills,3694,4,4.0,3.0,570.01
Kondapur,3299,4,4.0,2.0,304.1
Manikonda,3677,4,4.0,4.0,227.07
Uppal,830,1,1.0,0.1,45.89
Miyapur,3275,4,4.0,0.2,183.99
Kondapur,2915,4,5.0,2.0,242.58
Kukatpally,1726,2,2.0,0.5,116.43
Kukatpally,1587,2,3.0,0.5,119.64
Kondapur,1123,2,2.0,2.0,104.95
Kondapur,1788,2,2.0,2.0,142.41
Manikonda,2062,3,3.0,4.0,123.2
Jubilee Hills,1722,2,3.0,2.5,324.02
Banjara Hills,3139,4,4.0,3.0,543.85
Kukatpally,1593,2,2.0,0.5,113.33
Miyapur,2595,3,3.0,0.2,155.24
Jubilee Hills,3302,4,4.0,2.5,641.8
Manikonda,2076,3,4.0,4.0,129.7
Gachibowli,1607,2,2.0,1.5,147.56
Jubilee Hills,2361,3,4.0,2.5,428.17
Kondapur,3847,4,5.0,2.0,330.69
Miyapur,3844,4,4.0,0.2,236.38
Jubilee Hills,2372,3,4.0,2.5,411.74
Banjara Hills,3840,4,4.0,3.0,570.59
Kondapur,2673,3,3.0,2.0,237.77
Uppal,3073,4,4.0,0.1,134.79
Jubilee Hills,3698,4,4.0,2.5,696.33
Kukatpally,1216,2,3.0,0.5,95.71
Madhapur,1348,2,3.0,1.0,141.65
Madhapur,1027,2,3.0,1.0,115.74
Banjara Hills,3202,4,4.0,3.0,527.83
Ameerpet,3495,4,4.0,0.0,278.27
Gachibowli,3481,4,5.0,1.5,310.12
Jubilee Hills,3679,4,4.0,2.5,641.9
Miyapur,2637,3,3.0,0.2,146.06
Kondapur,2872,4,5.0,2.0,240.21
Kukatpally,3313,4,4.0,0.5,232.94
Banjara Hills,1048,2,2.0,3.0,159.42
Kukatpally,1858,3,3.0,0.5,143.95
Gachibowli,1836,3,3.0,1.5,161.93
Kondapur,2698,3,4.0,2.0,238.07
Miyapur,3515,4,4.0,0.2,199.99
Banjara Hills,1297,2,3.0,3.0,194.57
Banjara Hills,3114,4,4.0,3.0,510.41
Kukatpally,3300,4,4.0,0.5,220.33
Kondapur,2420,3,3.0,2.0,202.94
Banjara Hills,3857,4,4.0,3.0,575.97
Banjara Hills,1123,2,3.0,3.0,175.8
Miyapur,2380,3,4.0,0.2,131.81
Madhapur,3862,4,4.0,1.0,376.59
Jubilee Hills,948,1,2.0,2.5,184.86
Miyapur,3022,4,5.0,0.2,185.97
Uppal,1202,2,3.0,0.1,66.98
Miyapur,2410,3,4.0,0.2,147.97
Gachibowli,2819,4,4.0,1.5,251.26
Uppal,2889,4,5.0,0.1,150.85
Madhapur,3257,4,5.0,1.0,334.39
Banjara Hills,1595,2,2.0,3.0,247.69
Uppal,1783,2,2.0,0.1,86.63
Gachibowli,3467,4,4.0,1.5,311.09
Ameerpet,2020,3,3.0,0.0,162.79
Uppal,2578,3,3.0,0.1,146.7
Madhapur,2776,3,3.0,1.0,263.26
Banjara Hills,3674,4,5.0,3.0,599.5
Gachibowli,3678,4,4.0,1.5,290.85
Manikonda,3585,4,5.0,4.0,218.62
Gachibowli,2496,3,3.0,1.5,212.81
Banjara Hills,897,1,1.0,3.0,143.14
Gachibowli,1552,2,2.0,1.5,140.99
Madhapur,1298,2,2.0,1.0,137.52
Ameerpet,2734,3,4.0,0.0,220.65
Kondapur,3832,4,4.0,2.0,324.23
Kukatpally,1354,2,2.0,0.5,114.69
Jubilee Hills,2931,4,4.0,2.5,539.27
Jubilee Hills,1600,2,3.0,2.5,297.77
Gachibowli,3247,4,4.0,1.5,275.78
Gachibowli,1307,2,2.0,1.5,130.21
Miyapur,3631,4,5.0,0.2,218.24
Manikonda,1603,2,2.0,4.0,111.8
Banjara Hills,3830,4,4.0,3.0,589.03
Kondapur,1863,3,3.0,2.0,141.55
Kukatpally,3080,4,4.0,0.5,210.82
Ameerpet,3064,4,4.0,0.0,234.67
Uppal,1286,2,2.0,0.1,82.3
Manikonda,2607,3,4.0,4.0,173.96
Jubilee Hills,3683,4,4.0,2.5,672.47
Jubilee Hills,1065,2,2.0,2.5,202.09
Kukatpally,3745,4,4.0,0.5,247.16
Ameerpet,3476,4,4.0,0.0,268.55
Manikonda,1828,3,3.0,4.0,105.18
Manikonda,1720,2,2.0,4.0,109.22
Kondapur,1904,3,3.0,2.0,157.63
Kukatpally,1576,2,3.0,0.5,120.14
Uppal,1216,2,2.0,0.1,70.4
Kukatpally,3199,4,4.0,0.5,240.28
Madhapur,1880,3,4.0,1.0,195.77
Uppal,2859,4,4.0,0.1,148.14
Kukatpally,3495,4,4.0,0.5,261.58
Manikonda,3505,4,4.0,4.0,231.92
Gachibowli,2251,3,4.0,1.5,209.67
Banjara Hills,1435,2,2.0,3.0,220.73
Kondapur,2886,4,4.0,2.0,263.01
Kukatpally,1734,2,3.0,0.5,139.53
Uppal,923,1,1.0,0.1,51.8
Kondapur,1739,2,2.0,2.0,155.48
Gachibowli,2649,3,3.0,1.5,238.06
Miyapur,2234,3,3.0,0.2,139.41
Manikonda,1425,2,3.0,4.0,96.36
Madhapur,1552,2,3.0,1.0,156.95
Kondapur,1751,2,2.0,2.0,161.22
Banjara Hills,2141,3,3.0,3.0,346.01
Ameerpet,2567,3,3.0,0.0,196.38
Gachibowli,3263,4,4.0,1.5,302.44
Uppal,1031,2,2.0,0.1,57.35
Jubilee Hills,1655,2,2.0,2.5,325.74
Manikonda,1532,2,2.0,4.0,97.29
Ameerpet,3760,4,4.0,0.0,287.97
Kukatpally,1797,2,2.0,0.5,131.29
Kukatpally,3870,4,4.0,0.5,274.07
Ameerpet,1668,2,2.0,0.0,130.13
Manikonda,3680,4,4.0,4.0,221.27
Manikonda,3890,4,5.0,4.0,245.67
Madhapur,1607,2,3.0,1.0,163.42
Manikonda,1879,3,3.0,4.0,122.48
Kukatpally,3268,4,4.0,0.5,229.96
Manikonda,2092,3,3.0,4.0,125.93
Banjara Hills,3921,4,5.0,3.0,607.87
Manikonda,2027,3,3.0,4.0,136.05
Miyapur,3314,4,4.0,0.2,196.11
Jubilee Hills,3583,4,4.0,2.5,605.43
Kondapur,1909,3,3.0,2.0,162.89
Madhapur,3820,4,4.0,1.0,380.12
Gachibowli,3869,4,4.0,1.5,340.04
Kondapur,979,1,1.0,2.0,94.56
Banjara Hills,1508,2,2.0,3.0,234.63
Banjara Hills,1479,2,3.0,3.0,252.92
Jubilee Hills,3820,4,5.0,2.5,697.6
Manikonda,3013,4,5.0,4.0,192.39
Banjara Hills,3512,4,4.0,3.0,544.7
Manikonda,1507,2,2.0,4.0,108.42
Ameerpet,3528,4,4.0,0.0,261.22
Madhapur,2274,3,3.0,1.0,229.71
Gachibowli,1188,2,2.0,1.5,111.64
Uppal,3743,4,4.0,0.1,192.2
Kondapur,3965,4,5.0,2.0,308.96
Jubilee Hills,2691,3,4.0,2.5,461.09
Gachibowli,873,1,2.0,1.5,90.38
Uppal,1280,2,2.0,0.1,73.18
Manikonda,2857,4,4.0,4.0,175.02
Miyapur,3926,4,4.0,0.2,236.02
Banjara Hills,3517,4,4.0,3.0,499.33
Kondapur,2758,3,3.0,2.0,229.57
Ameerpet,1824,3,4.0,0.0,141.82
Manikonda,3574,4,4.0,4.0,235.95
Uppal,1681,2,2.0,0.1,89.93
Manikonda,1031,2,2.0,4.0,77.39
Ameerpet,3334,4,4.0,0.0,260.3
Kukatpally,2788,3,3.0,0.5,188.5
Ameerpet,2533,3,3.0,0.0,181.75
Ameerpet,1110,2,2.0,0.0,89.23
Jubilee Hills,1769,2,3.0,2.5,352.0
Manikonda,2907,4,4.0,4.0,194.11
Gachibowli,3970,4,5.0,1.5,309.78
Madhapur,1609,2,2.0,1.0,169.88
Banjara Hills,1423,2,2.0,3.0,229.59
Uppal,3964,4,4.0,0.1,189.24
Kukatpally,2917,4,4.0,0.5,223.16
Kukatpally,1120,2,2.0,0.5,92.78
Uppal,2448,3,3.0,0.1,127.2
Kukatpally,2838,4,4.0,0.5,194.7
Madhapur,3582,4,4.0,1.0,370.28
Miyapur,2709,3,3.0,0.2,171.6
Uppal,817,1,1.0,0.1,46.81
Gachibowli,3238,4,5.0,1.5,295.62
Kondapur,1510,2,2.0,2.0,126.88
Gachibowli,3768,4,4.0,1.5,354.01
Kukatpally,1644,2,3.0,0.5,120.92
Ameerpet,1832,3,3.0,0.0,136.73
Jubilee Hills,3362,4,4.0,2.5,631.48
Kukatpally,1840,3,4.0,0.5,142.61
Manikonda,1499,2,2.0,4.0,100.04
Banjara Hills,2893,4,4.0,3.0,411.15
Uppal,1393,2,2.0,0.1,89.24
Madhapur,2542,3,4.0,1.0,255.82
Jubilee Hills,3104,4,4.0,2.5,555.93
Miyapur,3594,4,4.0,0.2,225.52
Manikonda,2569,3,4.0,4.0,167.86
Kondapur,3847,4,5.0,2.0,323.89
Miyapur,2074,3,3.0,0.2,124.68
Manikonda,2127,3,3.0,4.0,136.82
Kukatpally,2174,3,4.0,0.5,164.4
Manikonda,3478,4,4.0,4.0,221.43
Miyapur,3609,4,4.0,0.2,212.26
Kukatpally,3555,4,4.0,0.5,249.1
Ameerpet,1925,3,3.0,0.0,156.42
Manikonda,1502,2,2.0,4.0,84.02
Kondapur,2640,3,3.0,2.0,241.82
Uppal,1135,2,3.0,0.1,73.28
Uppal,2208,3,3.0,0.1,106.33
Miyapur,1970,3,3.0,0.2,127.07
Manikonda,3069,4,4.0,4.0,185.84
Uppal,2984,4,5.0,0.1,150.78
Manikonda,3190,4,4.0,4.0,206.2
Kondapur,2377,3,3.0,2.0,220.47
Manikonda,3237,4,4.0,4.0,202.76
Banjara Hills,3557,4,5.0,3.0,526.87
Kondapur,2926,4,4.0,2.0,228.05
Kukatpally,846,1,2.0,0.5,74.61
Manikonda,2626,3,3.0,4.0,186.68
Kukatpally,3331,4,4.0,0.5,238.86
Uppal,2691,3,3.0,0.1,130.39
Kukatpally,2387,3,3.0,0.5,176.98
Gachibowli,912,1,2.0,1.5,102.32
Uppal,2521,3,3.0,0.1,124.64
Madhapur,2934,4,4.0,1.0,308.43
Uppal,3697,4,4.0,0.1,173.61
Uppal,1402,2,2.0,0.1,73.82
Kondapur,2937,4,4.0,2.0,249.35
Uppal,2582,3,3.0,0.1,127.29
Uppal,2000,3,4.0,0.1,104.93
Miyapur,1476,2,2.0,0.2,97.79
Miyapur,1828,3,3.0,0.2,124.02
Uppal,915,1,2.0,0.1,52.42
Jubilee Hills,1487,2,3.0,2.5,295.76
Jubilee Hills,1633,2,2.0,2.5,322.05
Gachibowli,3119,4,5.0,1.5,264.72
Miyapur,3461,4,5.0,0.2,194.95
Ameerpet,3535,4,5.0,0.0,286.66
Gachibowli,2963,4,5.0,1.5,286.16
Kondapur,2042,3,3.0,2.0,181.01
Miyapur,1235,2,2.0,0.2,91.29
Miyapur,2950,4,4.0,0.2,164.87
Ameerpet,2189,3,4.0,0.0,186.64
Kondapur,2575,3,3.0,2.0,224.79
Uppal,3764,4,4.0,0.1,187.82
Ameerpet,1928,3,3.0,0.0,146.38
Uppal,1793,2,2.0,0.1,97.42
Gachibowli,3727,4,4.0,1.5,314.46
Gachibowli,1273,2,2.0,1.5,125.07
Madhapur,3198,4,4.0,1.0,332.17
Banjara Hills,1900,3,3.0,3.0,270.35
Banjara Hills,1327,2,2.0,3.0,207.65
Uppal,3226,4,5.0,0.1,164.31
Uppal,1061,2,3.0,0.1,65.05
Kukatpally,1470,2,3.0,0.5,111.46
Banjara Hills,3738,4,4.0,3.0,583.54
Uppal,1248,2,2.0,0.1,64.47
Jubilee Hills,1558,2,2.0,2.5,288.49
Banjara Hills,3480,4,4.0,3.0,504.44
Madhapur,2786,3,3.0,1.0,249.09
Banjara Hills,2977,4,4.0,3.0,435.37
Jubilee Hills,941,1,1.0,2.5,185.33
Kondapur,3882,4,4.0,2.0,330.75
Miyapur,2218,3,3.0,0.2,142.26
Jubilee Hills,2757,3,3.0,2.5,520.73
Manikonda,2146,3,3.0,4.0,132.4
Kondapur,3141,4,4.0,2.0,262.93
Banjara Hills,3680,4,5.0,3.0,550.48
Uppal,3175,4,4.0,0.1,146.85
Miyapur,3482,4,4.0,0.2,193.27
Miyapur,2500,3,3.0,0.2,145.2
Madhapur,1222,2,2.0,1.0,124.6
Uppal,835,1,2.0,0.1,52.22
Banjara Hills,1798,2,2.0,3.0,262.46
Jubilee Hills,3032,4,4.0,2.5,539.3
Gachibowli,2921,4,5.0,1.5,283.42
Jubilee Hills,1424,2,2.0,2.5,266.24
Uppal,1990,3,3.0,0.1,106.14
Manikonda,2738,3,4.0,4.0,163.73
Banjara Hills,1456,2,3.0,3.0,232.87
Manikonda,3341,4,4.0,4.0,210.37
Kondapur,3183,4,5.0,2.0,253.02
Jubilee Hills,2386,3,3.0,2.5,468.68
Uppal,1845,3,3.0,0.1,91.89
Ameerpet,3859,4,4.0,0.0,274.58
Kukatpally,1063,2,3.0,0.5,88.49
Gachibowli,1945,3,3.0,1.5,192.89
Kondapur,830,1,1.0,2.0,79.54
Manikonda,1668,2,2.0,4.0,110.42
Uppal,2015,3,4.0,0.1,103.23
Banjara Hills,3658,4,5.0,3.0,528.11
Kukatpally,1154,2,3.0,0.5,94.29
Miyapur,3485,4,4.0,0.2,217.63
Madhapur,3062,4,4.0,1.0,295.2
Madhapur,2511,3,3.0,1.0,253.34
Jubilee Hills,3479,4,4.0,2.5,634.02
Gachibowli,2742,3,3.0,1.5,243.42
Ameerpet,1780,2,2.0,0.0,137.51
Banjara Hills,2539,3,3.0,3.0,385.81
Madhapur,3432,4,4.0,1.0,310.67
Uppal,875,1,1.0,0.1,61.33
Kondapur,2674,3,4.0,2.0,223.85
Kondapur,2670,3,4.0,2.0,237.87
Miyapur,3498,4,5.0,0.2,205.26
Gachibowli,927,1,2.0,1.5,104.13
Miyapur,2933,4,4.0,0.2,171.66
Miyapur,1025,2,2.0,0.2,75.75
Miyapur,1449,2,2.0,0.2,95.76
Banjara Hills,3635,4,4.0,3.0,573.9
Kondapur,2432,3,3.0,2.0,211.57
Uppal,3919,4,5.0,0.1,196.58
Kondapur,3225,4,4.0,2.0,268.62
Ameerpet,1876,3,3.0,0.0,155.2
Kondapur,2788,3,3.0,2.0,248.97
Gachibowli,3686,4,4.0,1.5,299.17
Kondapur,1440,2,2.0,2.0,112.98
Ameerpet,2448,3,3.0,0.0,190.04
Manikonda,3157,4,5.0,4.0,194.73
Kukatpally,3456,4,4.0,0.5,221.32
Banjara Hills,1676,2,2.0,3.0,244.16
Manikonda,2426,3,4.0,4.0,154.69
Ameerpet,1037,2,2.0,0.0,91.53
Miyapur,2309,3,3.0,0.2,152.99
Ameerpet,1452,2,2.0,0.0,131.97
Kondapur,1812,3,4.0,2.0,162.06
Banjara Hills,3706,4,4.0,3.0,580.77
Jubilee Hills,3848,4,4.0,2.5,700.85
Ameerpet,1127,2,2.0,0.0,99.17
Banjara Hills,3531,4,4.0,3.0,542.88
Jubilee Hills,2589,3,3.0,2.5,472.03
Jubilee Hills,1977,3,4.0,2.5,390.49
Madhapur,3533,4,4.0,1.0,336.24
Madhapur,3457,4,4.0,1.0,319.06
Manikonda,2431,3,4.0,4.0,147.99
Kondapur,1674,2,3.0,2.0,149.28
Kondapur,2374,3,3.0,2.0,201.64
Manikonda,812,1,1.0,4.0,57.36
Miyapur,2749,3,3.0,0.2,175.69
Kukatpally,947,1,1.0,0.5,85.03
Ameerpet,2640,3,3.0,0.0,204.11
Uppal,3106,4,5.0,0.1,160.08
Gachibowli,1638,2,2.0,1.5,154.71
Uppal,1188,2,2.0,0.1,75.04
Uppal,3396,4,4.0,0.1,187.14
Kondapur,906,1,2.0,2.0,90.64
Jubilee Hills,3728,4,5.0,2.5,682.53
Madhapur,3288,4,4.0,1.0,327.98
Miyapur,2794,3,3.0,0.2,174.68
Uppal,2265,3,4.0,0.1,126.35
Manikonda,1069,2,2.0,4.0,71.91
Kukatpally,2958,4,5.0,0.5,194.29
Kondapur,1882,3,3.0,2.0,177.55
Banjara Hills,2652,3,3.0,3.0,396.93
Ameerpet,1580,2,2.0,0.0,132.42
Kukatpally,2156,3,3.0,0.5,158.45
Jubilee Hills,3943,4,4.0,2.5,744.61
Kukatpally,1796,2,3.0,0.5,149.19
Kukatpally,3231,4,4.0,0.5,214.5
Kondapur,3896,4,4.0,2.0,326.37
Manikonda,3704,4,4.0,4.0,241.14
Ameerpet,3832,4,4.0,0.0,305.41
Gachibowli,3086,4,4.0,1.5,277.78
Ameerpet,3025,4,5.0,0.0,239.15
Banjara Hills,3054,4,4.0,3.0,462.22
Kondapur,2088,3,3.0,2.0,194.49
Kondapur,3133,4,4.0,2.0,265.21
Gachibowli,3665,4,4.0,1.5,288.1
Manikonda,3899,4,4.0,4.0,246.23
Gachibowli,2038,3,3.0,1.5,184.4
Uppal,2192,3,4.0,0.1,116.49
Manikonda,1278,2,2.0,4.0,89.69
Miyapur,3055,4,4.0,0.2,176.91
Kukatpally,3943,4,4.0,0.5,280.48
Uppal,1658,2,2.0,0.1,97.93
Kukatpally,3883,4,4.0,0.5,245.65
Uppal,1262,2,3.0,0.1,71.86
Kondapur,2026,3,3.0,2.0,168.41
Kukatpally,3997,4,4.0,0.5,293.53
Uppal,814,1,1.0,0.1,58.78
Banjara Hills,2234,3,4.0,3.0,330.27
Ameerpet,2151,3,3.0,0.0,177.84
Madhapur,1693,2,2.0,1.0,174.73
Manikonda,3460,4,4.0,4.0,236.76
Kondapur,1396,2,3.0,2.0,127.42
Kondapur,2601,3,4.0,2.0,203.44
Gachibowli,3244,4,5.0,1.5,302.59
Madhapur,3414,4,4.0,1.0,317.13
Miyapur,2764,3,3.0,0.2,165.05
Manikonda,3643,4,5.0,4.0,218.68
Kondapur,3593,4,4.0,2.0,319.49
Miyapur,3279,4,4.0,0.2,202.21
Jubilee Hills,2520,3,4.0,2.5,430.8
Madhapur,988,1,2.0,1.0,104.43
Kukatpally,2610,3,3.0,0.5,200.42
Manikonda,986,1,1.0,4.0,61.0
Kondapur,2365,3,3.0,2.0,208.78
Gachibowli,1783,2,2.0,1.5,158.09
Uppal,1615,2,3.0,0.1,83.71
Madhapur,2103,3,3.0,1.0,215.77
Kukatpally,2219,3,3.0,0.5,161.78
Gachibowli,3634,4,5.0,1.5,328.7
Uppal,2390,3,3.0,0.1,121.63
Jubilee Hills,2153,3,4.0,2.5,403.78
Kukatpally,2773,3,4.0,0.5,197.1
Kukatpally,2413,3,3.0,0.5,184.46
Banjara Hills,3568,4,4.0,3.0,552.15
Kondapur,3157,4,4.0,2.0,248.51
Miyapur,2715,3,3.0,0.2,166.44
Kondapur,3144,4,4.0,2.0,283.49
Kukatpally,3555,4,4.0,0.5,252.88
Uppal,1114,2,2.0,0.1,72.0
Madhapur,3927,4,4.0,1.0,392.68
Jubilee Hills,2734,3,3.0,2.5,495.17
Jubilee Hills,2564,3,3.0,2.5,466.01
Banjara Hills,1812,3,4.0,3.0,305.94
Manikonda,3773,4,4.0,4.0,217.54
Kukatpally,1791,2,3.0,0.5,120.5
Banjara Hills,1113,2,2.0,3.0,168.62
Kukatpally,1259,2,2.0,0.5,97.0
Banjara Hills,3055,4,5.0,3.0,429.28
Kondapur,1750,2,2.0,2.0,151.1
Banjara Hills,1666,2,3.0,3.0,243.94
Banjara Hills,999,1,1.0,3.0,160.72
Madhapur,1966,3,4.0,1.0,194.24
Jubilee Hills,1591,2,3.0,2.5,291.6
Madhapur,3444,4,4.0,1.0,322.39
Manikonda,851,1,1.0,4.0,53.81
Uppal,1235,2,2.0,0.1,69.68
Uppal,3195,4,4.0,0.1,173.99
Gachibowli,2964,4,5.0,1.5,279.38
Kondapur,3688,4,4.0,2.0,285.72
Jubilee Hills,1264,2,3.0,2.5,243.49
Ameerpet,3322,4,5.0,0.0,237.19
Ameerpet,1430,2,2.0,0.0,118.17
Kondapur,3598,4,4.0,2.0,266.72
Gachibowli,1511,2,2.0,1.5,138.83
Manikonda,2090,3,3.0,4.0,121.25
Kukatpally,861,1,1.0,0.5,64.01
Ameerpet,2575,3,3.0,0.0,192.58
Ameerpet,808,1,1.0,0.0,67.95
Madhapur,2174,3,3.0,1.0,239.69
Uppal,3303,4,4.0,0.1,158.56
Ameerpet,1809,3,4.0,0.0,136.63
Kondapur,2387,3,3.0,2.0,192.56
Ameerpet,3715,4,5.0,0.0,280.34
Kondapur,3843,4,4.0,2.0,305.28
Manikonda,3094,4,4.0,4.0,182.3
Kukatpally,3208,4,4.0,0.5,227.48
Manikonda,3290,4,4.0,4.0,208.2
Ameerpet,1166,2,2.0,0.0,96.38
Kondapur,946,1,2.0,2.0,92.56
Gachibowli,3380,4,4.0,1.5,293.56
Ameerpet,2070,3,4.0,0.0,157.04
Manikonda,2187,3,3.0,4.0,153.43
Madhapur,2242,3,4.0,1.0,220.09
Ameerpet,3928,4,4.0,0.0,301.1
Jubilee Hills,1324,2,2.0,2.5,245.06
Uppal,1728,2,2.0,0.1,84.32
Jubilee Hills,3604,4,4.0,2.5,647.32
Miyapur,3743,4,4.0,0.2,222.37
Kondapur,1587,2,2.0,2.0,143.41
Madhapur,2712,3,4.0,1.0,285.02
Manikonda,3585,4,5.0,4.0,246.02
Gachibowli,1260,2,3.0,1.5,120.77
Kukatpally,3879,4,4.0,0.5,255.21
Kondapur,3107,4,5.0,2.0,257.59
Kukatpally,3072,4,5.0,0.5,233.78
Madhapur,3866,4,4.0,1.0,362.21
Banjara Hills,2674,3,3.0,3.0,422.49
Madhapur,1913,3,4.0,1.0,195.15
Banjara Hills,2306,3,3.0,3.0,357.3
Madhapur,3603,4,4.0,1.0,317.24
Madhapur,2424,3,4.0,1.0,242.15
Kondapur,2582,3,3.0,2.0,216.78
Kondapur,2093,3,3.0,2.0,175.76
Jubilee Hills,1638,2,3.0,2.5,285.34
Manikonda,2458,3,4.0,4.0,145.57
Ameerpet,898,1,1.0,0.0,82.61
Manikonda,1595,2,2.0,4.0,92.53
Ameerpet,1221,2,2.0,0.0,105.8
Ameerpet,3275,4,4.0,0.0,214.33
Uppal,1770,2,2.0,0.1,101.2
Kukatpally,1296,2,2.0,0.5,106.26
Kukatpally,1417,2,3.0,0.5,107.28
Madhapur,1567,2,3.0,1.0,168.1
Gachibowli,2106,3,3.0,1.5,178.25
Gachibowli,1014,2,2.0,1.5,106.62
Uppal,3345,4,4.0,0.1,166.32
Madhapur,3506,4,4.0,1.0,330.06
Jubilee Hills,1921,3,3.0,2.5,358.41
Manikonda,3390,4,5.0,4.0,200.62
Kondapur,1807,3,3.0,2.0,163.09
Banjara Hills,3355,4,4.0,3.0,508.6
Miyapur,2750,3,3.0,0.2,161.73
Jubilee Hills,2079,3,4.0,2.5,384.17
Kondapur,3229,4,5.0,2.0,292.25
Miyapur,3299,4,4.0,0.2,186.04
Kondapur,979,1,1.0,2.0,80.06
Ameerpet,3972,4,4.0,0.0,303.24
Gachibowli,1894,3,3.0,1.5,172.83
Ameerpet,2243,3,3.0,0.0,165.61
Manikonda,2497,3,3.0,4.0,154.49
Banjara Hills,3222,4,4.0,3.0,508.11
Miyapur,2253,3,3.0,0.2,134.74
Miyapur,3474,4,4.0,0.2,214.31
Banjara Hills,1045,2,3.0,3.0,164.57
Manikonda,2735,3,3.0,4.0,200.91
Gachibowli,2338,3,3.0,1.5,213.44
Madhapur,2870,4,4.0,1.0,303.35
Gachibowli,3377,4,4.0,1.5,313.56
Madhapur,2870,4,4.0,1.0,282.4
Ameerpet,2038,3,3.0,0.0,159.14
Manikonda,3544,4,4.0,4.0,190.28
Madhapur,1268,2,2.0,1.0,145.53
Gachibowli,1497,2,2.0,1.5,147.13
Gachibowli,2589,3,3.0,1.5,211.93
Ameerpet,1118,2,3.0,0.0,100.13
Ameerpet,2253,3,3.0,0.0,185.8
Miyapur,3771,4,5.0,0.2,236.38
Kukatpally,2423,3,4.0,0.5,170.06
Jubilee Hills,2937,4,5.0,2.5,518.5
Madhapur,3736,4,4.0,1.0,352.05
Madhapur,802,1,1.0,1.0,102.66
Jubilee Hills,3262,4,4.0,2.5,587.59
Miyapur,3087,4,4.0,0.2,179.41
Miyapur,2408,3,3.0,0.2,155.77
Miyapur,2558,3,3.0,0.2,168.34
Banjara Hills,1892,3,3.0,3.0,316.09
Gachibowli,1715,2,2.0,1.5,177.32
Miyapur,2980,4,4.0,0.2,186.45
Madhapur,1743,2,2.0,1.0,171.18
Miyapur,2908,4,4.0,0.2,164.31
Manikonda,1328,2,2.0,4.0,89.67
Uppal,1729,2,2.0,0.1,98.73
Kondapur,1587,2,2.0,2.0,134.09
Uppal,1262,2,2.0,0.1,70.05
Kukatpally,3411,4,4.0,0.5,242.34
Banjara Hills,3396,4,4.0,3.0,546.47
Manikonda,1614,2,2.0,4.0,115.1
Madhapur,1312,2,2.0,1.0,131.63
Uppal,1627,2,2.0,0.1,92.37
Gachibowli,1365,2,2.0,1.5,126.81
Uppal,3437,4,4.0,0.1,186.66
Miyapur,3595,4,4.0,0.2,218.83
Miyapur,2005,3,4.0,0.2,127.14
Kukatpally,2446,3,3.0,0.5,168.33
Uppal,2803,4,4.0,0.1,147.56
Ameerpet,2399,3,3.0,0.0,190.51
Manikonda,3489,4,4.0,4.0,186.48
Uppal,2754,3,4.0,0.1,132.34
Kukatpally,2713,3,3.0,0.5,210.78
Gachibowli,3844,4,4.0,1.5,353.86
Ameerpet,2223,3,3.0,0.0,175.68
Kukatpally,3942,4,4.0,0.5,300.39
Miyapur,2813,4,5.0,0.2,154.82
Kukatpally,3526,4,4.0,0.5,246.82
Ameerpet,1151,2,2.0,0.0,101.51
Gachibowli,1102,2,3.0,1.5,106.36
Ameerpet,3877,4,5.0,0.0,277.2
Jubilee Hills,3027,4,4.0,2.5,546.71
Gachibowli,3540,4,5.0,1.5,333.22
Uppal,1975,3,4.0,0.1,100.66
Uppal,3888,4,4.0,0.1,177.2
Gachibowli,2182,3,3.0,1.5,184.63
Kondapur,3776,4,5.0,2.0,323.21
Ameerpet,3116,4,4.0,0.0,227.36
Kukatpally,3959,4,5.0,0.5,266.7
Banjara Hills,2714,3,3.0,3.0,417.28
Uppal,3482,4,5.0,0.1,161.5
Jubilee Hills,3923,4,4.0,2.5,717.7
Jubilee Hills,1182,2,2.0,2.5,235.86
Banjara Hills,2641,3,3.0,3.0,415.81
Jubilee Hills,1100,2,2.0,2.5,197.13
Miyapur,3630,4,4.0,0.2,212.64
Madhapur,2099,3,4.0,1.0,211.83
Manikonda,1213,2,3.0,4.0,83.19
Madhapur,3532,4,4.0,1.0,375.14
Miyapur,977,1,2.0,0.2,80.07
Gachibowli,2208,3,4.0,1.5,216.23
Uppal,3873,4,4.0,0.1,187.63
Gachibowli,2228,3,3.0,1.5,212.66
Ameerpet,3348,4,4.0,0.0,242.2
Kukatpally,3646,4,4.0,0.5,252.52
Madhapur,3288,4,4.0,1.0,339.12
Banjara Hills,2855,4,5.0,3.0,455.52
Gachibowli,1496,2,3.0,1.5,138.83
Jubilee Hills,1289,2,3.0,2.5,218.84
Gachibowli,1299,2,2.0,1.5,122.97
Madhapur,2532,3,3.0,1.0,238.07
Uppal,3676,4,4.0,0.1,192.48
Gachibowli,1425,2,2.0,1.5,132.53
Kondapur,2543,3,4.0,2.0,226.92
Gachibowli,2877,4,4.0,1.5,258.59
Gachibowli,1983,3,4.0,1.5,174.79
Uppal,3051,4,4.0,0.1,163.33
Madhapur,3252,4,5.0,1.0,342.27
Banjara Hills,1577,2,3.0,3.0,246.45
Ameerpet,2128,3,4.0,0.0,159.0
Kondapur,2151,3,4.0,2.0,177.77
Miyapur,1436,2,2.0,0.2,82.92
Miyapur,2345,3,3.0,0.2,137.64
Gachibowli,2762,3,3.0,1.5,261.19
Jubilee Hills,1881,3,3.0,2.5,339.72
Kondapur,3895,4,4.0,2.0,323.46
Kukatpally,1468,2,2.0,0.5,116.8
Madhapur,855,1,1.0,1.0,92.84
Gachibowli,3945,4,4.0,1.5,344.08
Kukatpally,978,1,1.0,0.5,90.92
Ameerpet,2790,3,4.0,0.0,214.83
Gachibowli,3872,4,4.0,1.5,312.57
Kukatpally,872,1,1.0,0.5,68.24
Manikonda,2326,3,4.0,4.0,159.63
Jubilee Hills,2637,3,4.0,2.5,455.46
Gachibowli,2757,3,3.0,1.5,250.32
Madhapur,989,1,1.0,1.0,113.99
Jubilee Hills,3369,4,5.0,2.5,593.63
Miyapur,3078,4,4.0,0.2,180.0
Uppal,1783,2,2.0,0.1,88.16
Kondapur,2151,3,3.0,2.0,183.89
Kondapur,2564,3,3.0,2.0,229.77
Manikonda,3204,4,5.0,4.0,199.58
Banjara Hills,1084,2,2.0,3.0,174.24
Banjara Hills,878,1,2.0,3.0,157.45
Kukatpally,1972,3,3.0,0.5,134.29
Jubilee Hills,2755,3,4.0,2.5,515.94
Kondapur,1254,2,3.0,2.0,110.11
Kondapur,1481,2,2.0,2.0,130.82
Banjara Hills,2853,4,4.0,3.0,430.05
Gachibowli,3084,4,5.0,1.5,274.25
Ameerpet,1077,2,2.0,0.0,81.96
Jubilee Hills,3197,4,4.0,2.5,635.52
Madhapur,2935,4,5.0,1.0,301.44
Miyapur,3544,4,5.0,0.2,213.35
Uppal,1360,2,3.0,0.1,79.13
Uppal,3656,4,4.0,0.1,185.63
Manikonda,1986,3,3.0,4.0,127.84
Miyapur,1986,3,3.0,0.2,122.88
Ameerpet,1226,2,3.0,0.0,102.35
Uppal,2635,3,4.0,0.1,123.42
Gachibowli,2044,3,4.0,1.5,183.06
Gachibowli,2128,3,3.0,1.5,186.66
Jubilee Hills,3907,4,4.0,2.5,697.01
Miyapur,2209,3,3.0,0.2,137.11
Madhapur,2455,3,3.0,1.0,231.71
Jubilee Hills,3584,4,4.0,2.5,631.31
Gachibowli,2175,3,3.0,1.5,200.51
Uppal,1602,2,3.0,0.1,87.92
Kukatpally,2257,3,3.0,0.5,162.57
Kukatpally,3691,4,4.0,0.5,272.44
Kondapur,2804,4,4.0,2.0,229.78
Manikonda,1701,2,2.0,4.0,119.56
Miyapur,2168,3,4.0,0.2,140.85
Banjara Hills,2594,3,4.0,3.0,416.58
Jubilee Hills,3124,4,5.0,2.5,575.41
Kondapur,1173,2,2.0,2.0,104.16
Jubilee Hills,3486,4,5.0,2.5,633.53
Jubilee Hills,1586,2,2.0,2.5,307.65
Gachibowli,3113,4,4.0,1.5,300.94
Uppal,1758,2,2.0,0.1,95.66
Uppal,1779,2,2.0,0.1,96.65
Miyapur,1015,2,2.0,0.2,70.54
Kondapur,1187,2,2.0,2.0,105.71
Madhapur,3416,4,5.0,1.0,371.65
Banjara Hills,2090,3,3.0,3.0,317.86
Gachibowli,2645,3,3.0,1.5,250.74
Madhapur,892,1,2.0,1.0,107.7
Gachibowli,1943,3,4.0,1.5,173.72
Kukatpally,935,1,1.0,0.5,76.6
Uppal,3422,4,4.0,0.1,168.51
Kukatpally,3008,4,4.0,0.5,208.1
Madhapur,1527,2,3.0,1.0,164.52
Gachibowli,1330,2,2.0,1.5,129.9
Jubilee Hills,1699,2,3.0,2.5,314.46
Banjara Hills,1187,2,2.0,3.0,171.73
Ameerpet,3703,4,4.0,0.0,272.97
Jubilee Hills,879,1,2.0,2.5,187.42
Madhapur,2747,3,3.0,1.0,287.98
Banjara Hills,3002,4,4.0,3.0,453.19
Madhapur,1344,2,3.0,1.0,137.0
Madhapur,3265,4,4.0,1.0,333.35
Manikonda,3831,4,5.0,4.0,216.54
Madhapur,2254,3,4.0,1.0,222.1
Miyapur,1728,2,2.0,0.2,111.68
Jubilee Hills,2183,3,4.0,2.5,396.3
Miyapur,3379,4,4.0,0.2,208.35
Banjara Hills,2863,4,4.0,3.0,454.37
Banjara Hills,2512,3,4.0,3.0,401.71
Banjara Hills,3146,4,4.0,3.0,461.99
Miyapur,3444,4,4.0,0.2,206.42
Miyapur,1453,2,3.0,0.2,97.18
Kondapur,2201,3,3.0,2.0,200.51
Jubilee Hills,2239,3,3.0,2.5,430.79
Kukatpally,1359,2,3.0,0.5,118.33
Kukatpally,2544,3,4.0,0.5,171.88
Kukatpally,3208,4,4.0,0.5,243.12
Kondapur,1127,2,3.0,2.0,99.0
Madhapur,1921,3,3.0,1.0,195.87
Gachibowli,860,1,1.0,1.5,88.08
Kukatpally,3027,4,4.0,0.5,208.21
Ameerpet,1527,2,2.0,0.0,124.82
Miyapur,1186,2,2.0,0.2,82.44
Ameerpet,2911,4,4.0,0.0,227.37
Ameerpet,1714,2,3.0,0.0,145.98
Kondapur,2416,3,3.0,2.0,207.87
Ameerpet,976,1,2.0,0.0,81.19
Gachibowli,2832,4,4.0,1.5,241.23
Manikonda,2452,3,3.0,4.0,167.88
Kukatpally,3806,4,5.0,0.5,268.98
Kukatpally,1652,2,2.0,0.5,128.57
Miyapur,3743,4,4.0,0.2,211.98
Gachibowli,1210,2,2.0,1.5,110.81
Banjara Hills,1985,3,3.0,3.0,314.24
Ameerpet,1742,2,2.0,0.0,133.0
Miyapur,3257,4,4.0,0.2,204.93
Jubilee Hills,3338,4,4.0,2.5,628.63
Ameerpet,3590,4,5.0,0.0,277.75
Kukatpally,2392,3,3.0,0.5,164.2
Uppal,2647,3,3.0,0.1,137.54
Ameerpet,3574,4,4.0,0.0,282.9
Gachibowli,3391,4,4.0,1.5,288.45
Jubilee Hills,3557,4,4.0,2.5,641.45
Miyapur,1486,2,2.0,0.2,97.25
Ameerpet,1008,2,3.0,0.0,90.67
Banjara Hills,3714,4,4.0,3.0,582.01
Banjara Hills,2564,3,4.0,3.0,398.84
Uppal,2826,4,4.0,0.1,167.01
Kondapur,2779,3,3.0,2.0,226.03
Uppal,2073,3,4.0,0.1,104.6
Uppal,1792,2,2.0,0.1,94.91
Jubilee Hills,3258,4,4.0,2.5,551.87
Miyapur,2438,3,4.0,0.2,144.4
Gachibowli,2098,3,3.0,1.5,183.32
Banjara Hills,2761,3,3.0,3.0,411.86
Ameerpet,1751,2,2.0,0.0,136.83
Manikonda,2686,3,4.0,4.0,179.69
Banjara Hills,1279,2,2.0,3.0,210.7
Miyapur,1421,2,2.0,0.2,89.47
Banjara Hills,3053,4,4.0,3.0,479.52
Ameerpet,3317,4,4.0,0.0,254.16
Manikonda,2943,4,5.0,4.0,180.84
Kondapur,3142,4,5.0,2.0,249.68
Ameerpet,2919,4,5.0,0.0,221.02
Kukatpally,2107,3,3.0,0.5,151.99
Madhapur,1411,2,2.0,1.0,151.32
Banjara Hills,3972,4,5.0,3.0,562.96
Kondapur,2816,4,4.0,2.0,254.69
Uppal,3693,4,4.0,0.1,184.98
Madhapur,2701,3,4.0,1.0,274.94
Kondapur,1240,2,3.0,2.0,104.27
Kondapur,1899,3,3.0,2.0,159.8
Miyapur,1877,3,3.0,0.2,117.33
Banjara Hills,1059,2,3.0,3.0,176.4
Kondapur,1340,2,2.0,2.0,111.95
Madhapur,3719,4,5.0,1.0,353.92
Uppal,3518,4,4.0,0.1,170.65
Banjara Hills,1562,2,2.0,3.0,245.53
Jubilee Hills,2392,3,3.0,2.5,431.7
Gachibowli,2624,3,3.0,1.5,239.02
Manikonda,1408,2,2.0,4.0,94.24
Uppal,3825,4,4.0,0.1,180.65
Kondapur,3449,4,4.0,2.0,297.93
Jubilee Hills,2620,3,3.0,2.5,499.17
Jubilee Hills,2206,3,3.0,2.5,434.95
Ameerpet,3560,4,5.0,0.0,264.69
Kondapur,3382,4,4.0,2.0,286.34
Jubilee Hills,810,1,2.0,2.5,153.69
Banjara Hills,1273,2,2.0,3.0,210.77
Kukatpally,1055,2,3.0,0.5,78.71
Madhapur,2614,3,4.0,1.0,260.74
Gachibowli,3032,4,5.0,1.5,249.17
Manikonda,1761,2,2.0,4.0,116.72
Gachibowli,2474,3,3.0,1.5,218.72
Kukatpally,904,1,1.0,0.5,82.01
Banjara Hills,804,1,1.0,3.0,125.08
Ameerpet,2094,3,3.0,0.0,153.47
Banjara Hills,2836,4,5.0,3.0,447.64
Manikonda,1278,2,2.0,4.0,88.69
Miyapur,2726,3,3.0,0.2,166.3
Manikonda,1895,3,3.0,4.0,125.59
Gachibowli,3102,4,4.0,1.5,280.15
Uppal,1723,2,2.0,0.1,91.9
Gachibowli,1351,2,2.0,1.5,122.68
Ameerpet,1989,3,3.0,0.0,153.57
Uppal,3134,4,4.0,0.1,162.31
Madhapur,1318,2,2.0,1.0,145.87
Banjara Hills,2011,3,4.0,3.0,297.87
Gachibowli,3220,4,5.0,1.5,287.92
Madhapur,1556,2,2.0,1.0,151.0
Miyapur,3043,4,4.0,0.2,193.09
Gachibowli,1688,2,2.0,1.5,161.64
Jubilee Hills,3165,4,4.0,2.5,580.95
Kondapur,1346,2,2.0,2.0,119.77
Kukatpally,847,1,1.0,0.5,69.03
Kukatpally,2574,3,3.0,0.5,179.32
Uppal,2129,3,4.0,0.1,114.41
Kondapur,3523,4,4.0,2.0,299.61
Madhapur,2698,3,4.0,1.0,260.6
Gachibowli,2740,3,4.0,1.5,239.89
Uppal,3383,4,5.0,0.1,156.59
Gachibowli,3285,4,5.0,1.5,294.71
Miyapur,1292,2,3.0,0.2,88.84
Kukatpally,1718,2,2.0,0.5,137.82
Jubilee Hills,3036,4,4.0,2.5,585.05
Manikonda,2654,3,3.0,4.0,165.19
Manikonda,2898,4,4.0,4.0,190.39
Banjara Hills,2569,3,3.0,3.0,382.72
Banjara Hills,3685,4,4.0,3.0,562.7
Gachibowli,3744,4,4.0,1.5,330.29
Madhapur,2500,3,3.0,1.0,245.88
Miyapur,1312,2,2.0,0.2,95.25
Uppal,3613,4,4.0,0.1,171.49
Gachibowli,3232,4,5.0,1.5,302.46
Kukatpally,3893,4,4.0,0.5,286.51
Gachibowli,3355,4,5.0,1.5,310.79
Ameerpet,1933,3,3.0,0.0,157.25
Miyapur,1232,2,2.0,0.2,83.44
Banjara Hills,1557,2,2.0,3.0,233.05
Uppal,2075,3,3.0,0.1,99.3
Kondapur,2847,4,4.0,2.0,227.35
Jubilee Hills,3940,4,5.0,2.5,711.65
Madhapur,2427,3,3.0,1.0,261.4
Gachibowli,926,1,1.0,1.5,92.58
Gachibowli,3784,4,5.0,1.5,336.99
Jubilee Hills,3884,4,5.0,2.5,758.53
Jubilee Hills,3801,4,4.0,2.5,656.1
Uppal,1734,2,2.0,0.1,93.7
Gachibowli,2363,3,3.0,1.5,209.71
Ameerpet,2824,4,5.0,0.0,196.43
Uppal,1793,2,2.0,0.1,100.15
Uppal,1049,2,2.0,0.1,63.52
Manikonda,3497,4,5.0,4.0,219.86
Kukatpally,911,1,1.0,0.5,72.94
Madhapur,1430,2,2.0,1.0,159.88
Gachibowli,2067,3,3.0,1.5,184.68
Banjara Hills,1541,2,3.0,3.0,237.23
Uppal,1504,2,2.0,0.1,82.8
Gachibowli,3249,4,4.0,1.5,297.76
Gachibowli,2687,3,3.0,1.5,250.07
Gachibowli,2512,3,3.0,1.5,228.93
Manikonda,1909,3,3.0,4.0,119.58
Kondapur,1165,2,3.0,2.0,98.15
Kondapur,3663,4,4.0,2.0,318.76
Madhapur,3803,4,4.0,1.0,395.18
Uppal,3785,4,4.0,0.1,184.05
Madhapur,1106,2,2.0,1.0,112.2
Jubilee Hills,1095,2,2.0,2.5,210.48
Madhapur,2761,3,4.0,1.0,289.33
Miyapur,3285,4,4.0,0.2,202.51
Uppal,1251,2,2.0,0.1,74.26
Miyapur,942,1,1.0,0.2,71.91
Uppal,2998,4,4.0,0.1,149.78
Jubilee Hills,2231,3,3.0,2.5,414.82
Banjara Hills,3826,4,4.0,3.0,592.85
Madhapur,3338,4,4.0,1.0,324.19
Jubilee Hills,3496,4,5.0,2.5,669.27
Manikonda,3550,4,5.0,4.0,236.47
Miyapur,882,1,1.0,0.2,70.39
Ameerpet,1501,2,2.0,0.0,128.39
Kondapur,895,1,1.0,2.0,81.22
Jubilee Hills,2121,3,3.0,2.5,415.73
Uppal,2497,3,3.0,0.1,133.63
Kondapur,1802,3,3.0,2.0,150.63
Kukatpally,2530,3,4.0,0.5,180.54
Kondapur,3972,4,5.0,2.0,332.14
Banjara Hills,1192,2,2.0,3.0,202.18
Kondapur,1072,2,2.0,2.0,103.0
Jubilee Hills,1355,2,2.0,2.5,239.4
Gachibowli,1851,3,3.0,1.5,156.26
Miyapur,2929,4,4.0,0.2,180.29
Jubilee Hills,3317,4,4.0,2.5,599.65
Jubilee Hills,3814,4,4.0,2.5,654.26
Miyapur,3649,4,5.0,0.2,208.62
Jubilee Hills,1522,2,3.0,2.5,262.82
Jubilee Hills,2884,4,4.0,2.5,540.8
Kukatpally,3353,4,5.0,0.5,219.68
Banjara Hills,2742,3,3.0,3.0,431.98
Uppal,2412,3,4.0,0.1,128.13
Miyapur,1660,2,2.0,0.2,106.01
Manikonda,1483,2,3.0,4.0,96.62
Uppal,1661,2,2.0,0.1,96.26
Kukatpally,2568,3,4.0,0.5,176.97
Banjara Hills,2929,4,4.0,3.0,447.18
Ameerpet,2447,3,4.0,0.0,190.67
Jubilee Hills,2066,3,3.0,2.5,410.87
Ameerpet,1429,2,2.0,0.0,118.47
Ameerpet,3599,4,4.0,0.0,231.95
Kukatpally,2782,3,3.0,0.5,198.05
Gachibowli,1779,2,3.0,1.5,152.82
Banjara Hills,3477,4,4.0,3.0,504.22
Jubilee Hills,2168,3,4.0,2.5,402.56
Kukatpally,3500,4,4.0,0.5,245.4
Manikonda,1703,2,2.0,4.0,106.6
Gachibowli,2292,3,3.0,1.5,211.92
Jubilee Hills,1433,2,3.0,2.5,284.41
Uppal,2434,3,3.0,0.1,119.5
Kondapur,2990,4,4.0,2.0,268.58
Banjara Hills,3388,4,4.0,3.0,506.53
Madhapur,1517,2,3.0,1.0,146.48
Kukatpally,1999,3,4.0,0.5,146.85
Kukatpally,2013,3,4.0,0.5,153.77
Kukatpally,1155,2,3.0,0.5,97.24
Banjara Hills,3542,4,4.0,3.0,445.38
Uppal,3064,4,4.0,0.1,150.17
Kukatpally,2049,3,3.0,0.5,146.82
Uppal,1043,2,2.0,0.1,65.83
Ameerpet,1099,2,2.0,0.0,79.33
Kondapur,1613,2,2.0,2.0,146.15
Kukatpally,941,1,2.0,0.5,76.6
Banjara Hills,1157,2,2.0,3.0,184.75
Kukatpally,2951,4,5.0,0.5,211.71
Uppal,3605,4,5.0,0.1,167.94
Ameerpet,2966,4,4.0,0.0,223.56
Manikonda,3821,4,4.0,4.0,239.6
Gachibowli,2690,3,3.0,1.5,229.15
Uppal,1909,3,3.0,0.1,99.1
Kondapur,3786,4,4.0,2.0,285.94
Kondapur,3573,4,5.0,2.0,313.37
Ameerpet,3251,4,4.0,0.0,237.85
Banjara Hills,2097,3,4.0,3.0,343.91
Uppal,2661,3,3.0,0.1,136.96
Banjara Hills,3611,4,4.0,3.0,544.28
Manikonda,3440,4,4.0,4.0,211.37
Uppal,2576,3,3.0,0.1,130.81
Kukatpally,3988,4,5.0,0.5,300.5
Kondapur,1842,3,4.0,2.0,159.28
Kukatpally,1646,2,2.0,0.5,120.01
Banjara Hills,1635,2,3.0,3.0,237.55
Uppal,3055,4,4.0,0.1,159.99
Banjara Hills,3680,4,4.0,3.0,545.1
Ameerpet,3135,4,5.0,0.0,238.1
Ameerpet,3785,4,4.0,0.0,302.53
Ameerpet,3956,4,5.0,0.0,304.51
Madhapur,2155,3,3.0,1.0,220.14
Ameerpet,3502,4,5.0,0.0,262.32
Miyapur,2416,3,3.0,0.2,145.29
Gachibowli,3767,4,5.0,1.5,348.84
Gachibowli,1049,2,2.0,1.5,123.78
Jubilee Hills,2043,3,3.0,2.5,382.39
Miyapur,1144,2,2.0,0.2,88.1
Kondapur,1185,2,2.0,2.0,112.6
Banjara Hills,1851,3,4.0,3.0,289.93
Ameerpet,1016,2,3.0,0.0,91.36
Kukatpally,1950,3,4.0,0.5,147.96
Ameerpet,1954,3,3.0,0.0,159.26
Banjara Hills,3349,4,5.0,3.0,506.54
Kukatpally,2214,3,3.0,0.5,143.98
Banjara Hills,1650,2,3.0,3.0,245.58
Miyapur,822,1,1.0,0.2,64.35
Uppal,3765,4,4.0,0.1,200.43
Miyapur,3126,4,5.0,0.2,201.3
Uppal,2313,3,3.0,0.1,125.87
Gachibowli,3595,4,4.0,1.5,328.04
Miyapur,3488,4,4.0,0.2,212.85
Madhapur,2595,3,3.0,1.0,269.5
Ameerpet,1316,2,3.0,0.0,105.59
Madhapur,1257,2,3.0,1.0,128.71
Ameerpet,1822,3,3.0,0.0,142.98
Banjara Hills,1080,2,3.0,3.0,178.04
Kondapur,2863,4,4.0,2.0,241.57
Jubilee Hills,2600,3,3.0,2.5,482.14
Kukatpally,1744,2,2.0,0.5,119.65
Gachibowli,2469,3,3.0,1.5,218.12
Madhapur,2077,3,4.0,1.0,200.78
Ameerpet,2845,4,5.0,0.0,234.28
Banjara Hills,2900,4,5.0,3.0,489.72
Uppal,1812,3,3.0,0.1,92.79
Jubilee Hills,1266,2,2.0,2.5,234.44
Manikonda,2370,3,3.0,4.0,143.56
Banjara Hills,2417,3,3.0,3.0,385.5
Jubilee Hills,3810,4,4.0,2.5,717.15
Miyapur,3275,4,4.0,0.2,186.09
Jubilee Hills,1451,2,2.0,2.5,267.57
Gachibowli,1872,3,3.0,1.5,168.59
Kondapur,1711,2,3.0,2.0,145.66
Gachibowli,3406,4,4.0,1.5,305.29
Manikonda,3452,4,4.0,4.0,216.45
Kondapur,1480,2,2.0,2.0,135.87
Kukatpally,1359,2,3.0,0.5,112.0
Kukatpally,3096,4,4.0,0.5,212.95
Manikonda,2286,3,3.0,4.0,145.91
Jubilee Hills,1705,2,2.0,2.5,308.82
Manikonda,2401,3,3.0,4.0,156.42
Kukatpally,3609,4,4.0,0.5,230.85
Jubilee Hills,3232,4,4.0,2.5,582.28
Miyapur,3938,4,4.0,0.2,222.85
Manikonda,1732,2,3.0,4.0,103.82
Madhapur,2889,4,4.0,1.0,285.65
Kukatpally,1429,2,2.0,0.5,116.73
Gachibowli,2415,3,3.0,1.5,217.75
Uppal,1938,3,3.0,0.1,101.4
Gachibowli,3619,4,4.0,1.5,328.99
Kukatpally,1604,2,2.0,0.5,120.22
Kondapur,3831,4,4.0,2.0,309.77
Gachibowli,1381,2,3.0,1.5,127.82
Kukatpally,2220,3,3.0,0.5,167.53
Jubilee Hills,3871,4,4.0,2.5,677.63
Kondapur,2858,4,4.0,2.0,245.23
Uppal,1787,2,2.0,0.1,87.96
Kukatpally,2701,3,4.0,0.5,181.86
Ameerpet,1052,2,3.0,0.0,86.71
Ameerpet,2894,4,4.0,0.0,208.24
Ameerpet,1326,2,2.0,0.0,115.66
Gachibowli,2576,3,3.0,1.5,215.98
Gachibowli,1688,2,3.0,1.5,148.51
Manikonda,2612,3,3.0,4.0,179.97
Kukatpally,1824,3,3.0,0.5,124.68
Miyapur,3207,4,5.0,0.2,199.0
Kukatpally,2623,3,3.0,0.5,194.04
Kukatpally,1913,3,4.0,0.5,140.66
Madhapur,891,1,2.0,1.0,106.0
Kukatpally,3754,4,5.0,0.5,274.95
Gachibowli,1252,2,3.0,1.5,107.41
Uppal,3195,4,5.0,0.1,154.05
Gachibowli,2065,3,3.0,1.5,189.2
Kukatpally,2880,4,4.0,0.5,197.48
Miyapur,3134,4,4.0,0.2,190.04
Jubilee Hills,2074,3,4.0,2.5,384.52
Madhapur,1971,3,3.0,1.0,192.73
Uppal,2665,3,4.0,0.1,131.29
Ameerpet,2568,3,3.0,0.0,191.22
Madhapur,2954,4,4.0,1.0,263.59
Banjara Hills,1134,2,2.0,3.0,163.9
Kondapur,1548,2,3.0,2.0,132.74
Jubilee Hills,1545,2,3.0,2.5,305.21
Gachibowli,1151,2,2.0,1.5,106.12
Ameerpet,960,1,1.0,0.0,94.39
Manikonda,1032,2,2.0,4.0,70.85
Kukatpally,1890,3,3.0,0.5,145.76
Miyapur,2816,4,4.0,0.2,155.35
Jubilee Hills,3771,4,4.0,2.5,732.98
Kukatpally,960,1,1.0,0.5,71.37
Kondapur,1749,2,2.0,2.0,144.19
Kukatpally,2893,4,5.0,0.5,197.89
Jubilee Hills,978,1,1.0,2.5,175.83
Miyapur,2051,3,3.0,0.2,121.1
Gachibowli,1682,2,2.0,1.5,172.2
Miyapur,3557,4,4.0,0.2,200.16
Manikonda,2012,3,4.0,4.0,135.62
Manikonda,1621,2,3.0,4.0,110.63
Jubilee Hills,2001,3,3.0,2.5,351.12
Uppal,2093,3,4.0,0.1,110.08
Jubilee Hills,2554,3,4.0,2.5,435.51
Manikonda,3644,4,4.0,4.0,232.62
Madhapur,1376,2,3.0,1.0,151.09
Miyapur,3711,4,5.0,0.2,206.8
Miyapur,2407,3,3.0,0.2,149.87
Uppal,1517,2,2.0,0.1,84.56
Madhapur,2541,3,3.0,1.0,273.03
Madhapur,3170,4,4.0,1.0,335.34
Jubilee Hills,2210,3,3.0,2.5,377.17
Ameerpet,2066,3,4.0,0.0,151.8
Uppal,1131,2,2.0,0.1,67.38
Ameerpet,3507,4,4.0,0.0,272.2
Kukatpally,1024,2,2.0,0.5,90.39
Madhapur,3872,4,4.0,1.0,371.96
Jubilee Hills,2745,3,3.0,2.5,520.99
Kukatpally,1363,2,2.0,0.5,108.96
Manikonda,3668,4,4.0,4.0,208.55
Miyapur,1943,3,3.0,0.2,137.74
Uppal,3425,4,4.0,0.1,184.66
Jubilee Hills,1411,2,2.0,2.5,271.89
Madhapur,2075,3,3.0,1.0,197.95
Banjara Hills,2934,4,4.0,3.0,486.98
Banjara Hills,1745,2,2.0,3.0,303.58
Ameerpet,1643,2,3.0,0.0,135.21
Miyapur,1809,3,3.0,0.2,124.49
Banjara Hills,921,1,1.0,3.0,151.05
Banjara Hills,1163,2,2.0,3.0,188.11
Kondapur,1832,3,4.0,2.0,160.86
Kondapur,3847,4,5.0,2.0,303.65
Jubilee Hills,2386,3,3.0,2.5,427.71
Ameerpet,1851,3,3.0,0.0,148.31
Uppal,2444,3,3.0,0.1,142.18
Kondapur,2215,3,4.0,2.0,175.2
Kukatpally,1241,2,2.0,0.5,98.75
Jubilee Hills,1123,2,3.0,2.5,222.4
Madhapur,3756,4,5.0,1.0,350.31
Ameerpet,1077,2,2.0,0.0,91.03
Madhapur,3733,4,4.0,1.0,376.34
Manikonda,1536,2,3.0,4.0,104.34
Madhapur,3200,4,4.0,1.0,342.56
Uppal,1384,2,2.0,0.1,80.97
Uppal,3450,4,5.0,0.1,179.52
Miyapur,1529,2,3.0,0.2,84.02
Gachibowli,1625,2,2.0,1.5,147.14
Gachibowli,2000,3,3.0,1.5,178.24
Jubilee Hills,1043,2,2.0,2.5,191.32
Kondapur,1498,2,2.0,2.0,127.5
Ameerpet,2584,3,3.0,0.0,194.34
Banjara Hills,1308,2,3.0,3.0,211.79
Manikonda,971,1,1.0,4.0,60.52
Banjara Hills,1238,2,3.0,3.0,184.44
Banjara Hills,2041,3,4.0,3.0,334.86
Miyapur,2140,3,3.0,0.2,135.61
Kondapur,2954,4,4.0,2.0,258.5
Madhapur,3989,4,5.0,1.0,402.35
Jubilee Hills,2936,4,4.0,2.5,539.3
Banjara Hills,2159,3,3.0,3.0,307.27
Gachibowli,3270,4,4.0,1.5,282.63
Jubilee Hills,1414,2,3.0,2.5,236.93
Manikonda,2163,3,3.0,4.0,131.64
Banjara Hills,2950,4,4.0,3.0,439.07
Jubilee Hills,2559,3,3.0,2.5,505.83
Banjara Hills,3893,4,5.0,3.0,556.05
Madhapur,2729,3,4.0,1.0,277.59
Manikonda,2259,3,3.0,4.0,152.09
Kukatpally,1594,2,2.0,0.5,116.87
Miyapur,1667,2,2.0,0.2,112.42
Madhapur,3719,4,4.0,1.0,401.58
Madhapur,2341,3,4.0,1.0,234.17
Uppal,2043,3,4.0,0.1,109.05
Manikonda,2070,3,3.0,4.0,125.73
Madhapur,1660,2,2.0,1.0,157.51
Banjara Hills,2244,3,4.0,3.0,377.46
Jubilee Hills,3525,4,4.0,2.5,682.14
Gachibowli,3551,4,4.0,1.5,305.03
Ameerpet,1967,3,3.0,0.0,150.73
Manikonda,1237,2,3.0,4.0,91.36
Gachibowli,3677,4,4.0,1.5,341.53
Jubilee Hills,3753,4,5.0,2.5,667.25
Uppal,3345,4,4.0,0.1,172.22
Miyapur,1668,2,3.0,0.2,118.46
Gachibowli,3619,4,5.0,1.5,337.52
Kukatpally,2765,3,3.0,0.5,193.23
Kondapur,3398,4,4.0,2.0,281.23
Gachibowli,1840,3,3.0,1.5,165.4
Kondapur,2086,3,3.0,2.0,192.77
Manikonda,3832,4,4.0,4.0,239.05
Banjara Hills,1896,3,3.0,3.0,294.76
Uppal,1271,2,3.0,0.1,65.15
Kondapur,3755,4,4.0,2.0,321.06
Kukatpally,3886,4,5.0,0.5,252.47
Jubilee Hills,1031,2,2.0,2.5,196.25
Manikonda,1161,2,2.0,4.0,73.39
Banjara Hills,1123,2,2.0,3.0,173.19
Uppal,2306,3,3.0,0.1,122.41
Kukatpally,3865,4,4.0,0.5,284.68
Manikonda,3530,4,5.0,4.0,217.39
Miyapur,2708,3,3.0,0.2,179.35
Kondapur,2171,3,4.0,2.0,188.07
Miyapur,804,1,1.0,0.2,67.03
Manikonda,3630,4,4.0,4.0,231.98
Uppal,1111,2,2.0,0.1,57.01
Banjara Hills,1801,3,3.0,3.0,321.61
Miyapur,2579,3,3.0,0.2,161.5
Jubilee Hills,2032,3,3.0,2.5,328.36
Miyapur,3550,4,4.0,0.2,214.45
Kukatpally,2601,3,4.0,0.5,183.6
Gachibowli,1872,3,3.0,1.5,181.05
Jubilee Hills,1619,2,2.0,2.5,289.66
Jubilee Hills,2477,3,4.0,2.5,443.29
Jubilee Hills,1447,2,2.0,2.5,287.87
Miyapur,1194,2,3.0,0.2,73.53
Kondapur,883,1,2.0,2.0,75.72
Banjara Hills,3476,4,5.0,3.0,553.2
Manikonda,3764,4,4.0,4.0,233.18
Banjara Hills,1227,2,2.0,3.0,212.01
Banjara Hills,2531,3,4.0,3.0,364.04
Jubilee Hills,2643,3,3.0,2.5,478.69
Jubilee Hills,2585,3,4.0,2.5,477.77
Gachibowli,3253,4,4.0,1.5,289.11
Uppal,1870,3,4.0,0.1,103.8
Manikonda,2105,3,3.0,4.0,133.22
Kukatpally,1612,2,2.0,0.5,114.03
Manikonda,2604,3,3.0,4.0,174.19
Kukatpally,3962,4,5.0,0.5,267.71
Uppal,2704,3,4.0,0.1,137.08
Banjara Hills,2828,4,4.0,3.0,425.17
Manikonda,3702,4,4.0,4.0,241.37
Kondapur,3885,4,4.0,2.0,322.9
Kukatpally,1138,2,2.0,0.5,92.71
Jubilee Hills,2985,4,4.0,2.5,575.39
Ameerpet,3024,4,5.0,0.0,225.38
Kondapur,890,1,1.0,2.0,77.47
Miyapur,2863,4,4.0,0.2,186.34
Kukatpally,2919,4,4.0,0.5,187.81
Miyapur,2355,3,3.0,0.2,141.87
Manikonda,861,1,1.0,4.0,59.53
Jubilee Hills,3670,4,4.0,2.5,694.39
Kukatpally,880,1,1.0,0.5,80.27
Manikonda,3513,4,4.0,4.0,226.24
Kondapur,1370,2,3.0,2.0,127.03
Ameerpet,3509,4,5.0,0.0,261.76
Madhapur,1567,2,2.0,1.0,153.62
Uppal,2104,3,3.0,0.1,120.94
Madhapur,2350,3,3.0,1.0,248.06
Gachibowli,2985,4,4.0,1.5,254.14
Manikonda,3092,4,4.0,4.0,204.82
Manikonda,2310,3,3.0,4.0,157.14
Banjara Hills,1305,2,2.0,3.0,191.69
Uppal,1444,2,2.0,0.1,80.32
Banjara Hills,3413,4,4.0,3.0,540.81
Kondapur,3231,4,4.0,2.0,262.39
Banjara Hills,2470,3,3.0,3.0,366.21
Uppal,3563,4,4.0,0.1,177.24
Manikonda,3048,4,5.0,4.0,175.83
Miyapur,2693,3,3.0,0.2,151.75
Gachibowli,2395,3,3.0,1.5,216.78
Gachibowli,3105,4,5.0,1.5,314.07
Uppal,2763,3,3.0,0.1,149.95
Uppal,3361,4,5.0,0.1,172.14
Jubilee Hills,1021,2,3.0,2.5,167.96
Miyapur,2589,3,4.0,0.2,162.58
Ameerpet,3441,4,4.0,0.0,281.22
Manikonda,1133,2,2.0,4.0,82.66
Ameerpet,1833,3,4.0,0.0,133.64
Manikonda,3333,4,4.0,4.0,206.96
Madhapur,1822,3,3.0,1.0,187.45
Madhapur,3281,4,5.0,1.0,326.26
Kondapur,917,1,1.0,2.0,70.18
Miyapur,3836,4,5.0,0.2,216.0
Banjara Hills,1573,2,3.0,3.0,248.67
Uppal,2421,3,3.0,0.1,127.21
Jubilee Hills,3304,4,5.0,2.5,629.9
Madhapur,2186,3,4.0,1.0,210.7
Kondapur,2456,3,3.0,2.0,208.62
Madhapur,3706,4,4.0,1.0,357.05
Jubilee Hills,3824,4,4.0,2.5,698.25
Jubilee Hills,2982,4,5.0,2.5,513.83
Kondapur,1079,2,2.0,2.0,94.9
Uppal,2864,4,5.0,0.1,153.82
Kukatpally,1856,3,3.0,0.5,130.7
Manikonda,3948,4,4.0,4.0,229.85
Uppal,2144,3,4.0,0.1,118.88
Madhapur,3997,4,4.0,1.0,383.48
Miyapur,2851,4,4.0,0.2,168.8
Madhapur,1281,2,3.0,1.0,134.84
Uppal,2725,3,3.0,0.1,149.92
Miyapur,3090,4,4.0,0.2,194.61
Kukatpally,1284,2,2.0,0.5,87.45
Kukatpally,1713,2,2.0,0.5,125.87
Gachibowli,904,1,1.0,1.5,89.19
Kukatpally,2537,3,4.0,0.5,189.64
Banjara Hills,2022,3,3.0,3.0,323.53
Uppal,3840,4,4.0,0.1,192.01
Jubilee Hills,2976,4,4.0,2.5,554.73
Kondapur,841,1,1.0,2.0,79.74
Kondapur,1500,2,2.0,2.0,133.51
Gachibowli,3660,4,4.0,1.5,310.75
Kukatpally,973,1,1.0,0.5,74.75
Uppal,3192,4,4.0,0.1,162.95
Gachibowli,1482,2,2.0,1.5,136.49
Kukatpally,3145,4,4.0,0.5,227.3
Miyapur,1833,3,3.0,0.2,116.35
Kondapur,3276,4,5.0,2.0,277.95
Gachibowli,2762,3,3.0,1.5,243.81
Manikonda,3281,4,4.0,4.0,188.22
Manikonda,1406,2,2.0,4.0,92.57
Jubilee Hills,1568,2,3.0,2.5,306.57
Banjara Hills,2325,3,4.0,3.0,378.6
Manikonda,2382,3,4.0,4.0,143.52
Uppal,3538,4,4.0,0.1,163.16
Jubilee Hills,2489,3,3.0,2.5,450.33
Jubilee Hills,1918,3,3.0,2.5,358.28
Jubilee Hills,2272,3,3.0,2.5,434.81
Ameerpet,3669,4,4.0,0.0,275.86
Manikonda,2741,3,3.0,4.0,189.67
Jubilee Hills,1433,2,2.0,2.5,282.08
Gachibowli,3275,4,4.0,1.5,291.51
Gachibowli,1833,3,3.0,1.5,147.79
Uppal,1049,2,3.0,0.1,61.48
Jubilee Hills,3380,4,4.0,2.5,613.29
Gachibowli,2633,3,3.0,1.5,236.38
Kondapur,915,1,1.0,2.0,79.72
Kukatpally,3139,4,4.0,0.5,211.5
Kukatpally,2957,4,4.0,0.5,209.16
Jubilee Hills,2943,4,4.0,2.5,526.84
Gachibowli,1495,2,2.0,1.5,148.39
Banjara Hills,3896,4,4.0,3.0,514.78
Miyapur,2255,3,3.0,0.2,131.15
Banjara Hills,820,1,1.0,3.0,126.61
Gachibowli,3628,4,4.0,1.5,327.55
Miyapur,2851,4,4.0,0.2,175.96
Kondapur,2425,3,3.0,2.0,202.05
Banjara Hills,3774,4,5.0,3.0,581.42
Uppal,2399,3,3.0,0.1,121.71
Ameerpet,3003,4,4.0,0.0,233.23
Uppal,3434,4,4.0,0.1,172.92
Kondapur,3051,4,4.0,2.0,250.93
Kondapur,1300,2,2.0,2.0,125.91
Ameerpet,1043,2,3.0,0.0,89.66
Madhapur,2494,3,3.0,1.0,244.23
Ameerpet,3539,4,4.0,0.0,263.02
Kondapur,3587,4,5.0,2.0,302.88
Madhapur,2789,3,3.0,1.0,272.15
Kukatpally,2221,3,4.0,0.5,163.39
Miyapur,2606,3,4.0,0.2,147.83
Banjara Hills,2967,4,5.0,3.0,498.32
Ameerpet,2097,3,3.0,0.0,154.21
Kukatpally,2831,4,4.0,0.5,212.05
Kukatpally,1439,2,2.0,0.5,111.08
Manikonda,2146,3,3.0,4.0,147.94
Manikonda,2619,3,4.0,4.0,166.14
Madhapur,1814,3,4.0,1.0,189.05
Madhapur,3007,4,4.0,1.0,289.67
Uppal,1536,2,2.0,0.1,77.62
Madhapur,3604,4,4.0,1.0,326.3
Jubilee Hills,3591,4,4.0,2.5,684.86
Banjara Hills,2094,3,4.0,3.0,314.89
Banjara Hills,2656,3,3.0,3.0,402.09
Jubilee Hills,2918,4,4.0,2.5,551.13
Manikonda,3252,4,4.0,4.0,226.79
Kondapur,2480,3,4.0,2.0,215.67
Uppal,1587,2,2.0,0.1,94.15
Banjara Hills,2159,3,4.0,3.0,291.56
Jubilee Hills,934,1,1.0,2.5,167.26
Gachibowli,3993,4,5.0,1.5,320.4
Uppal,1843,3,3.0,0.1,103.84
Banjara Hills,2035,3,4.0,3.0,331.3
Miyapur,1853,3,3.0,0.2,118.22
Kondapur,3922,4,4.0,2.0,320.31
Banjara Hills,3765,4,4.0,3.0,554.72
Banjara Hills,3195,4,4.0,3.0,501.65
Ameerpet,3844,4,5.0,0.0,286.02
Kukatpally,2939,4,5.0,0.5,183.75
Gachibowli,3387,4,4.0,1.5,291.53
Kukatpally,3654,4,4.0,0.5,257.23
Manikonda,2482,3,3.0,4.0,134.01
Jubilee Hills,3871,4,4.0,2.5,790.22
Kondapur,1937,3,4.0,2.0,170.06
Ameerpet,3474,4,5.0,0.0,279.86
Uppal,1894,3,3.0,0.1,104.04
Miyapur,3003,4,4.0,0.2,177.9
Gachibowli,3622,4,5.0,1.5,323.7
Ameerpet,1293,2,2.0,0.0,96.81
Kondapur,1490,2,2.0,2.0,129.51
Kukatpally,1989,3,3.0,0.5,150.45
Banjara Hills,1593,2,2.0,3.0,257.74
Banjara Hills,1417,2,2.0,3.0,237.13
Gachibowli,1284,2,3.0,1.5,113.7
Miyapur,3036,4,4.0,0.2,186.61
Uppal,1262,2,2.0,0.1,72.15
Miyapur,3506,4,4.0,0.2,218.91
Gachibowli,1095,2,3.0,1.5,100.92
Ameerpet,1464,2,2.0,0.0,123.06
Madhapur,1421,2,3.0,1.0,145.74
Miyapur,1674,2,2.0,0.2,121.55
Kukatpally,3810,4,5.0,0.5,253.16
Gachibowli,1943,3,4.0,1.5,174.3
Kukatpally,1868,3,4.0,0.5,128.32
Manikonda,1219,2,2.0,4.0,88.51
Miyapur,2046,3,3.0,0.2,127.83
Ameerpet,3935,4,4.0,0.0,293.11
Uppal,3493,4,4.0,0.1,167.23
Manikonda,3131,4,4.0,4.0,189.93
Miyapur,2356,3,4.0,0.2,145.81
Gachibowli,1877,3,3.0,1.5,167.73
Miyapur,3705,4,4.0,0.2,236.25
Gachibowli,1679,2,3.0,1.5,164.6
Gachibowli,2723,3,3.0,1.5,243.58
Manikonda,1442,2,2.0,4.0,98.93
Manikonda,1723,2,2.0,4.0,117.61
Uppal,3916,4,4.0,0.1,186.23
Jubilee Hills,3265,4,4.0,2.5,612.36
Banjara Hills,3866,4,5.0,3.0,560.47
Gachibowli,1830,3,4.0,1.5,173.85
Kondapur,3161,4,4.0,2.0,277.44
Miyapur,2893,4,4.0,0.2,177.39
Kukatpally,2656,3,3.0,0.5,180.02
Kondapur,2950,4,4.0,2.0,245.46
Uppal,2208,3,3.0,0.1,122.39
Jubilee Hills,1262,2,2.0,2.5,219.24
Kukatpally,3997,4,4.0,0.5,274.11
Jubilee Hills,2759,3,3.0,2.5,513.68
Gachibowli,3804,4,5.0,1.5,325.2
Jubilee Hills,3658,4,4.0,2.5,658.54
Banjara Hills,3815,4,5.0,3.0,582.93
Madhapur,1001,2,3.0,1.0,112.05
Gachibowli,980,1,2.0,1.5,103.68
Miyapur,996,1,1.0,0.2,69.66
Gachibowli,3306,4,4.0,1.5,293.53
Miyapur,1842,3,3.0,0.2,124.49
Gachibowli,3363,4,5.0,1.5,321.8
Miyapur,962,1,1.0,0.2,76.74
Uppal,1629,2,2.0,0.1,93.26
Kondapur,3761,4,4.0,2.0,306.34
Ameerpet,2855,4,5.0,0.0,233.23
Kukatpally,2766,3,3.0,0.5,196.37
Manikonda,1676,2,2.0,4.0,103.78
Manikonda,1138,2,2.0,4.0,81.83
Manikonda,1547,2,2.0,4.0,95.85
Kondapur,2966,4,4.0,2.0,239.02
Kondapur,1909,3,3.0,2.0,162.88
Madhapur,1282,2,2.0,1.0,143.09
Miyapur,2022,3,3.0,0.2,126.76
Banjara Hills,3841,4,4.0,3.0,623.74
Uppal,1376,2,2.0,0.1,83.0
Ameerpet,1296,2,3.0,0.0,108.29
Kondapur,1967,3,3.0,2.0,157.83
Kukatpally,3569,4,5.0,0.5,226.66
Ameerpet,2595,3,3.0,0.0,208.84
Jubilee Hills,2241,3,3.0,2.5,425.82
Gachibowli,2361,3,4.0,1.5,203.62
Ameerpet,1185,2,2.0,0.0,106.77
Uppal,3918,4,4.0,0.1,197.5
Jubilee Hills,2177,3,3.0,2.5,407.87
Madhapur,2492,3,3.0,1.0,229.53
Ameerpet,2326,3,4.0,0.0,184.87
Uppal,2817,4,4.0,0.1,121.31
Gachibowli,909,1,2.0,1.5,88.1
Madhapur,3771,4,4.0,1.0,365.69
Kukatpally,1854,3,3.0,0.5,128.93
Ameerpet,3420,4,4.0,0.0,242.3
Madhapur,872,1,1.0,1.0,98.59
Gachibowli,827,1,1.0,1.5,75.09
Jubilee Hills,3796,4,4.0,2.5,730.92
Madhapur,1284,2,2.0,1.0,141.58
Miyapur,1177,2,2.0,0.2,76.29
Jubilee Hills,1666,2,2.0,2.5,310.02
Jubilee Hills,2644,3,3.0,2.5,504.83
Gachibowli,3099,4,4.0,1.5,288.85
Jubilee Hills,3700,4,4.0,2.5,691.34
Kukatpally,1440,2,3.0,0.5,106.04
Manikonda,3859,4,4.0,4.0,230.37
Banjara Hills,3257,4,4.0,3.0,506.23
Banjara Hills,2638,3,4.0,3.0,415.11
Manikonda,1042,2,3.0,4.0,72.35
Madhapur,3596,4,4.0,1.0,368.05
Gachibowli,3232,4,5.0,1.5,276.57
Jubilee Hills,3102,4,4.0,2.5,495.21
Kondapur,3427,4,4.0,2.0,298.2
Manikonda,3153,4,4.0,4.0,185.53
Miyapur,970,1,1.0,0.2,70.27
Banjara Hills,815,1,1.0,3.0,129.89
Kukatpally,1649,2,2.0,0.5,126.73
Manikonda,3622,4,4.0,4.0,231.79
Uppal,1183,2,2.0,0.1,74.77
Madhapur,1698,2,3.0,1.0,184.93
Manikonda,1487,2,2.0,4.0,109.82
Ameerpet,2203,3,3.0,0.0,184.27
Uppal,3998,4,5.0,0.1,182.77
Gachibowli,3114,4,4.0,1.5,279.97
Banjara Hills,2025,3,3.0,3.0,326.1
Uppal,1499,2,3.0,0.1,83.56
Kondapur,3789,4,4.0,2.0,302.39
Banjara Hills,3394,4,4.0,3.0,505.46
Jubilee Hills,1786,2,3.0,2.5,336.33
Uppal,1854,3,3.0,0.1,95.31
Gachibowli,1464,2,2.0,1.5,134.44
Kondapur,1734,2,2.0,2.0,160.51
Banjara Hills,2635,3,4.0,3.0,394.76
Banjara Hills,2866,4,5.0,3.0,436.06
Jubilee Hills,869,1,1.0,2.5,170.49
Kondapur,2056,3,4.0,2.0,165.25
Kukatpally,1019,2,2.0,0.5,85.38
Uppal,2994,4,5.0,0.1,159.19
Uppal,2633,3,3.0,0.1,142.05
Jubilee Hills,3298,4,5.0,2.5,564.48
Uppal,1467,2,3.0,0.1,85.85
Gachibowli,2884,4,4.0,1.5,262.63
Jubilee Hills,2555,3,3.0,2.5,475.01
Kukatpally,1404,2,2.0,0.5,108.9
Kondapur,2082,3,3.0,2.0,172.45
Uppal,3900,4,4.0,0.1,197.35
Manikonda,3585,4,4.0,4.0,230.6
Manikonda,2931,4,5.0,4.0,187.65
Madhapur,3264,4,5.0,1.0,331.64
Banjara Hills,1924,3,3.0,3.0,330.51
Madhapur,3896,4,4.0,1.0,368.57
Kondapur,3804,4,4.0,2.0,311.82
Uppal,2291,3,3.0,0.1,117.86
Jubilee Hills,1028,2,2.0,2.5,202.24
Uppal,2179,3,3.0,0.1,116.37
Gachibowli,1571,2,2.0,1.5,140.77
Kukatpally,2062,3,3.0,0.5,153.0
Kukatpally,1565,2,2.0,0.5,112.28
Kukatpally,2060,3,4.0,0.5,147.51
Ameerpet,1316,2,2.0,0.0,108.36
Kondapur,3327,4,4.0,2.0,271.8
Manikonda,937,1,2.0,4.0,60.16
Kukatpally,1299,2,2.0,0.5,101.99
Banjara Hills,3164,4,4.0,3.0,474.54
Jubilee Hills,2247,3,3.0,2.5,421.35
Miyapur,3838,4,4.0,0.2,228.85
Kukatpally,3816,4,5.0,0.5,258.73
Kukatpally,3027,4,5.0,0.5,216.0
Miyapur,3677,4,4.0,0.2,228.5
Ameerpet,3911,4,4.0,0.0,275.38
Kukatpally,2060,3,4.0,0.5,146.49
Ameerpet,2512,3,3.0,0.0,190.46
Manikonda,2644,3,3.0,4.0,181.02
Jubilee Hills,1439,2,2.0,2.5,278.83
Kondapur,3057,4,4.0,2.0,257.38
Banjara Hills,1634,2,2.0,3.0,252.3
Uppal,1194,2,2.0,0.1,66.8
Miyapur,1758,2,2.0,0.2,114.69
Kondapur,2806,4,5.0,2.0,226.4
Miyapur,3696,4,4.0,0.2,224.35
Jubilee Hills,1933,3,3.0,2.5,369.25
Manikonda,2526,3,3.0,4.0,173.88
Ameerpet,1276,2,2.0,0.0,102.35
Gachibowli,3404,4,4.0,1.5,291.47
Banjara Hills,2107,3,3.0,3.0,315.63
Manikonda,1147,2,2.0,4.0,89.29
Madhapur,3357,4,5.0,1.0,337.46
Gachibowli,2073,3,3.0,1.5,180.2
Uppal,3016,4,4.0,0.1,147.64
Uppal,2487,3,4.0,0.1,123.58
Manikonda,3199,4,4.0,4.0,216.49
Madhapur,1313,2,2.0,1.0,135.88
Uppal,1656,2,3.0,0.1,101.24
Uppal,2313,3,4.0,0.1,120.14
Banjara Hills,2654,3,3.0,3.0,391.48
Kukatpally,1395,2,2.0,0.5,108.32
Madhapur,2248,3,3.0,1.0,222.78
Gachibowli,2719,3,3.0,1.5,235.86
Miyapur,3454,4,5.0,0.2,206.71
Kukatpally,2434,3,4.0,0.5,157.01
Gachibowli,3849,4,4.0,1.5,333.89
Manikonda,3191,4,4.0,4.0,202.77
Madhapur,1697,2,3.0,1.0,165.66
Banjara Hills,1257,2,2.0,3.0,206.46
Gachibowli,2391,3,3.0,1.5,212.47
Kondapur,3769,4,4.0,2.0,345.34
Kukatpally,2428,3,3.0,0.5,172.53
Jubilee Hills,2270,3,3.0,2.5,411.42
Banjara Hills,1061,2,2.0,3.0,170.01
Uppal,1047,2,2.0,0.1,54.92
Manikonda,3517,4,4.0,4.0,200.12
Kondapur,2202,3,4.0,2.0,197.69
Uppal,1978,3,3.0,0.1,104.92
Ameerpet,1801,3,4.0,0.0,152.05
Madhapur,3697,4,4.0,1.0,384.23
Jubilee Hills,970,1,1.0,2.5,174.61
Miyapur,3069,4,4.0,0.2,196.19
Kukatpally,2165,3,3.0,0.5,160.07
Uppal,2240,3,4.0,0.1,111.65
Uppal,1187,2,2.0,0.1,67.93
Kondapur,2299,3,3.0,2.0,215.93
Madhapur,2252,3,3.0,1.0,245.48
Gachibowli,1693,2,2.0,1.5,149.64
Manikonda,3904,4,4.0,4.0,250.11
Uppal,3250,4,4.0,0.1,158.32
Ameerpet,1938,3,4.0,0.0,153.66
Kukatpally,2602,3,3.0,0.5,179.61
Jubilee Hills,3932,4,5.0,2.5,691.43
Ameerpet,2981,4,4.0,0.0,240.48
Kukatpally,3004,4,4.0,0.5,210.76
Kukatpally,1992,3,4.0,0.5,152.27
Banjara Hills,3704,4,4.0,3.0,537.08
Jubilee Hills,2857,4,5.0,2.5,497.64
Banjara Hills,2548,3,3.0,3.0,391.81
Madhapur,2018,3,3.0,1.0,224.52
Kukatpally,1110,2,3.0,0.5,81.04
Manikonda,3048,4,4.0,4.0,186.7
Kukatpally,1748,2,2.0,0.5,119.3
Manikonda,3438,4,4.0,4.0,239.63
Kukatpally,3961,4,4.0,0.5,271.35
Jubilee Hills,3784,4,5.0,2.5,653.22
Madhapur,1261,2,2.0,1.0,126.72
Kukatpally,901,1,1.0,0.5,71.69
Kukatpally,2576,3,3.0,0.5,171.06
Ameerpet,3472,4,4.0,0.0,273.02
Kondapur,1371,2,3.0,2.0,104.41
Kondapur,1988,3,4.0,2.0,159.2
Ameerpet,3757,4,4.0,0.0,274.97
Madhapur,1710,2,3.0,1.0,179.7
Madhapur,1104,2,3.0,1.0,107.56
Uppal,2679,3,3.0,0.1,152.02
Kondapur,1912,3,3.0,2.0,172.04
Kukatpally,2261,3,3.0,0.5,146.48
Madhapur,2705,3,4.0,1.0,276.36
Miyapur,2396,3,4.0,0.2,161.39
Uppal,1974,3,3.0,0.1,112.69
Manikonda,2619,3,3.0,4.0,157.4
Ameerpet,3025,4,4.0,0.0,234.44
Madhapur,3500,4,5.0,1.0,334.29
Uppal,3634,4,4.0,0.1,178.89
Kukatpally,3915,4,4.0,0.5,271.67
Banjara Hills,3999,4,4.0,3.0,621.76
Manikonda,1937,3,4.0,4.0,138.6
Miyapur,992,1,1.0,0.2,81.6
Ameerpet,2386,3,3.0,0.0,195.83
Kondapur,2574,3,3.0,2.0,223.31
Miyapur,1181,2,2.0,0.2,79.7
Kukatpally,1096,2,3.0,0.5,95.23
Manikonda,3634,4,5.0,4.0,224.06
Kukatpally,1485,2,2.0,0.5,110.78
Uppal,2731,3,3.0,0.1,135.62
Manikonda,2310,3,3.0,4.0,149.24
Jubilee Hills,2715,3,4.0,2.5,447.41
Madhapur,1239,2,2.0,1.0,124.1
Gachibowli,3108,4,4.0,1.5,296.6
Kukatpally,3848,4,5.0,0.5,271.83
Uppal,976,1,1.0,0.1,69.25
Gachibowli,1116,2,3.0,1.5,107.09
Kukatpally,3586,4,5.0,0.5,265.57
Banjara Hills,2758,3,3.0,3.0,405.65
Kondapur,1625,2,3.0,2.0,131.05
Kukatpally,864,1,2.0,0.5,64.17
Uppal,1734,2,3.0,0.1,85.03
Madhapur,1088,2,2.0,1.0,105.85
Kondapur,1562,2,3.0,2.0,144.42
Madhapur,3309,4,4.0,1.0,341.32
Kondapur,3664,4,4.0,2.0,336.74
Uppal,3520,4,4.0,0.1,187.78
Banjara Hills,3760,4,4.0,3.0,586.38
Ameerpet,3937,4,5.0,0.0,275.13
Madhapur,2277,3,4.0,1.0,240.11
Jubilee Hills,2493,3,3.0,2.5,452.75
Kondapur,2302,3,4.0,2.0,195.59
Miyapur,2759,3,3.0,0.2,178.68
Madhapur,2827,4,4.0,1.0,262.9
Kukatpally,2115,3,3.0,0.5,153.44
Banjara Hills,3281,4,5.0,3.0,548.8
Uppal,1201,2,3.0,0.1,65.31
Ameerpet,1438,2,2.0,0.0,116.48
Ameerpet,3964,4,4.0,0.0,291.61
Madhapur,1009,2,2.0,1.0,114.76
Ameerpet,2127,3,4.0,0.0,173.76
Manikonda,3072,4,4.0,4.0,183.07
Uppal,952,1,1.0,0.1,63.05
Miyapur,3867,4,4.0,0.2,225.65
Gachibowli,3588,4,4.0,1.5,312.04
Kukatpally,1688,2,2.0,0.5,118.35
Gachibowli,3899,4,4.0,1.5,348.16
Kukatpally,3975,4,4.0,0.5,280.99
Jubilee Hills,3271,4,4.0,2.5,583.18
Kukatpally,3362,4,4.0,0.5,218.45
Kondapur,3609,4,5.0,2.0,313.16
Manikonda,3781,4,5.0,4.0,223.82
Uppal,2315,3,3.0,0.1,120.31
Manikonda,3696,4,4.0,4.0,222.71
Madhapur,3609,4,5.0,1.0,342.12
Kukatpally,3273,4,5.0,0.5,246.4
Jubilee Hills,1932,3,3.0,2.5,386.96
Ameerpet,1672,2,2.0,0.0,139.59
Madhapur,3243,4,5.0,1.0,290.05
Ameerpet,3936,4,4.0,0.0,310.32
Manikonda,2336,3,3.0,4.0,169.51
Gachibowli,2560,3,3.0,1.5,231.8
Banjara Hills,3262,4,4.0,3.0,482.69
Uppal,1910,3,3.0,0.1,99.1
Manikonda,2107,3,3.0,4.0,141.48
Gachibowli,2350,3,4.0,1.5,188.36
Kukatpally,3552,4,4.0,0.5,259.8
Ameerpet,2058,3,3.0,0.0,161.36
Manikonda,819,1,1.0,4.0,62.37
Madhapur,2860,4,4.0,1.0,268.13
Gachibowli,1256,2,3.0,1.5,119.32
Manikonda,3208,4,5.0,4.0,210.7
Manikonda,2115,3,3.0,4.0,133.7
Banjara Hills,3752,4,4.0,3.0,559.29
Ameerpet,989,1,1.0,0.0,84.8
Manikonda,1560,2,2.0,4.0,106.67
Madhapur,1736,2,3.0,1.0,186.95
Ameerpet,2045,3,4.0,0.0,158.2
Madhapur,834,1,2.0,1.0,89.22
Jubilee Hills,1607,2,3.0,2.5,290.12
Kondapur,3051,4,4.0,2.0,240.03
Madhapur,1861,3,3.0,1.0,198.38
Jubilee Hills,3856,4,4.0,2.5,715.66
Kondapur,2151,3,4.0,2.0,166.49
Manikonda,3438,4,4.0,4.0,212.3
Manikonda,855,1,1.0,4.0,52.58
Kukatpally,1632,2,2.0,0.5,114.12
Ameerpet,1400,2,3.0,0.0,114.01
Kondapur,2456,3,3.0,2.0,198.73
Kukatpally,1742,2,2.0,0.5,122.54
Ameerpet,2199,3,3.0,0.0,165.74
Banjara Hills,1992,3,4.0,3.0,327.83
Uppal,2510,3,3.0,0.1,115.53
Madhapur,2832,4,4.0,1.0,264.15
Manikonda,3277,4,4.0,4.0,215.04
Madhapur,2800,4,5.0,1.0,264.88
Banjara Hills,1045,2,3.0,3.0,148.92
Miyapur,3022,4,4.0,0.2,190.21
Jubilee Hills,2834,4,5.0,2.5,543.8
Ameerpet,3423,4,4.0,0.0,256.66
Madhapur,3734,4,5.0,1.0,384.13
Manikonda,1904,3,4.0,4.0,114.2
Uppal,2323,3,3.0,0.1,129.15
Banjara Hills,3684,4,4.0,3.0,557.9
Uppal,2550,3,3.0,0.1,132.25
Miyapur,1227,2,2.0,0.2,86.55
Jubilee Hills,3354,4,5.0,2.5,642.34
Madhapur,1632,2,3.0,1.0,169.93
Jubilee Hills,3686,4,4.0,2.5,626.48
Miyapur,2101,3,3.0,0.2,132.25
Gachibowli,885,1,1.0,1.5,86.8
Kondapur,1665,2,2.0,2.0,146.89
Manikonda,2066,3,3.0,4.0,137.53
Kondapur,3321,4,4.0,2.0,276.29
Madhapur,3404,4,4.0,1.0,320.12
Ameerpet,3811,4,4.0,0.0,291.96
Kondapur,3157,4,4.0,2.0,265.62
Miyapur,1675,2,3.0,0.2,114.46
Uppal,3176,4,5.0,0.1,156.54
Madhapur,1273,2,2.0,1.0,137.76
Manikonda,2976,4,4.0,4.0,193.22
Ameerpet,1282,2,2.0,0.0,115.24
Manikonda,3916,4,4.0,4.0,239.86
Ameerpet,2074,3,4.0,0.0,163.23
Jubilee Hills,1273,2,3.0,2.5,240.53
Madhapur,3394,4,5.0,1.0,329.95
Miyapur,1458,2,2.0,0.2,115.8
Kondapur,2041,3,3.0,2.0,186.61
Kondapur,2084,3,4.0,2.0,166.93
Miyapur,3754,4,4.0,0.2,220.3
Uppal,1003,2,2.0,0.1,57.01
Ameerpet,3665,4,4.0,0.0,254.64
Miyapur,1142,2,2.0,0.2,88.81
Manikonda,2411,3,3.0,4.0,152.75
Jubilee Hills,1297,2,2.0,2.5,260.31
Madhapur,2067,3,3.0,1.0,203.21
Gachibowli,2242,3,3.0,1.5,197.9
Kondapur,2480,3,3.0,2.0,202.96
Gachibowli,3063,4,4.0,1.5,286.27
Miyapur,3649,4,4.0,0.2,232.86
Miyapur,1058,2,3.0,0.2,70.25
Kukatpally,2678,3,3.0,0.5,186.35
Kondapur,3193,4,4.0,2.0,253.0
Kukatpally,1838,3,4.0,0.5,135.34
Miyapur,2487,3,4.0,0.2,157.78
Miyapur,1872,3,4.0,0.2,116.15
Banjara Hills,3454,4,4.0,3.0,556.55
Kondapur,2482,3,3.0,2.0,200.07
Jubilee Hills,2934,4,5.0,2.5,583.36
Kukatpally,2548,3,3.0,0.5,190.07
Uppal,2008,3,4.0,0.1,103.47
Madhapur,3412,4,5.0,1.0,315.76
Miyapur,3921,4,4.0,0.2,234.49
Madhapur,1166,2,2.0,1.0,125.8
Kondapur,2200,3,4.0,2.0,201.48
Ameerpet,1605,2,2.0,0.0,126.23
Kondapur,1318,2,2.0,2.0,135.38
Jubilee Hills,2233,3,4.0,2.5,443.89
Gachibowli,3546,4,4.0,1.5,310.66
Miyapur,2010,3,4.0,0.2,142.1
Gachibowli,1363,2,3.0,1.5,138.98
Manikonda,3167,4,4.0,4.0,195.4
Uppal,2096,3,3.0,0.1,99.49
Jubilee Hills,3841,4,4.0,2.5,654.65
Banjara Hills,3915,4,4.0,3.0,619.62
Manikonda,3293,4,5.0,4.0,202.71
Kondapur,3672,4,4.0,2.0,327.46
Jubilee Hills,2779,3,4.0,2.5,487.41
Kondapur,1291,2,3.0,2.0,109.49
Gachibowli,1056,2,3.0,1.5,98.83
Miyapur,2189,3,3.0,0.2,136.24
Kondapur,1816,3,3.0,2.0,167.68
Madhapur,1220,2,2.0,1.0,138.24
Madhapur,3207,4,4.0,1.0,328.12
Kukatpally,1978,3,4.0,0.5,143.68
Banjara Hills,1571,2,3.0,3.0,235.72
Banjara Hills,1858,3,4.0,3.0,300.69
Ameerpet,3000,4,4.0,0.0,224.33
Manikonda,3897,4,4.0,4.0,234.34
Kondapur,1645,2,2.0,2.0,158.89
Uppal,1468,2,2.0,0.1,79.59
Gachibowli,3407,4,4.0,1.5,309.0
Kukatpally,1851,3,3.0,0.5,139.65
Miyapur,2157,3,3.0,0.2,135.78
Uppal,1238,2,2.0,0.1,76.77
Gachibowli,3182,4,4.0,1.5,279.29
Gachibowli,1630,2,2.0,1.5,152.45
Uppal,3125,4,4.0,0.1,161.95
Ameerpet,3951,4,4.0,0.0,293.38
Kondapur,2943,4,4.0,2.0,236.11
Gachibowli,3736,4,5.0,1.5,353.4
Gachibowli,1856,3,4.0,1.5,166.88
Madhapur,1900,3,3.0,1.0,191.58
Gachibowli,3724,4,4.0,1.5,322.66
Kukatpally,3698,4,4.0,0.5,255.0
Kondapur,1938,3,3.0,2.0,167.48
Uppal,2277,3,4.0,0.1,130.99
Uppal,1148,2,2.0,0.1,71.88
Kukatpally,2448,3,3.0,0.5,185.29
Kukatpally,2793,3,3.0,0.5,205.8
Jubilee Hills,1472,2,2.0,2.5,279.02
Miyapur,1739,2,2.0,0.2,116.62
Uppal,2601,3,3.0,0.1,132.49
Kukatpally,2270,3,4.0,0.5,159.25
Manikonda,3849,4,4.0,4.0,236.71
Kondapur,2455,3,3.0,2.0,210.87
Jubilee Hills,2660,3,4.0,2.5,495.89
Miyapur,1811,3,3.0,0.2,105.92
Miyapur,905,1,1.0,0.2,60.4
Uppal,2977,4,5.0,0.1,155.04
Miyapur,1974,3,3.0,0.2,137.52
Kondapur,897,1,1.0,2.0,92.9
Jubilee Hills,3278,4,5.0,2.5,565.09
Miyapur,1710,2,2.0,0.2,111.89
Kukatpally,2051,3,3.0,0.5,147.81
Madhapur,1735,2,3.0,1.0,172.52
Gachibowli,3474,4,4.0,1.5,312.04
Jubilee Hills,1117,2,2.0,2.5,221.21
Gachibowli,1056,2,2.0,1.5,102.68
Banjara Hills,2374,3,3.0,3.0,382.65
Ameerpet,1802,3,3.0,0.0,132.42
Kukatpally,2476,3,4.0,0.5,164.13
Madhapur,855,1,1.0,1.0,92.03
Uppal,1999,3,4.0,0.1,98.34
Uppal,850,1,2.0,0.1,61.37
Kukatpally,2691,3,3.0,0.5,168.75
Uppal,3383,4,5.0,0.1,168.86
Jubilee Hills,2202,3,3.0,2.5,404.4
Manikonda,3527,4,4.0,4.0,220.57
Jubilee Hills,2586,3,3.0,2.5,517.45
Ameerpet,1067,2,2.0,0.0,98.26
Gachibowli,952,1,1.0,1.5,80.42
Kondapur,3287,4,5.0,2.0,294.99
Gachibowli,3991,4,4.0,1.5,360.37
Miyapur,2051,3,3.0,0.2,128.43
Jubilee Hills,2666,3,3.0,2.5,451.05
Ameerpet,1918,3,3.0,0.0,160.72
Jubilee Hills,1020,2,3.0,2.5,198.25
Ameerpet,1184,2,2.0,0.0,89.38
Jubilee Hills,1237,2,2.0,2.5,204.3
Manikonda,996,1,1.0,4.0,80.43
Madhapur,2114,3,4.0,1.0,223.48
Kondapur,2003,3,3.0,2.0,170.64
Manikonda,3353,4,5.0,4.0,222.87
Manikonda,2115,3,4.0,4.0,141.57
Kukatpally,2395,3,4.0,0.5,159.36
Kukatpally,2541,3,3.0,0.5,203.94
Manikonda,3335,4,4.0,4.0,200.81
Manikonda,1991,3,3.0,4.0,138.23
Ameerpet,937,1,2.0,0.0,88.19
Banjara Hills,3297,4,4.0,3.0,530.42
Gachibowli,2867,4,5.0,1.5,284.3
Banjara Hills,2840,4,4.0,3.0,441.7
Manikonda,2099,3,3.0,4.0,126.25
Jubilee Hills,1010,2,2.0,2.5,184.64
Kukatpally,1558,2,2.0,0.5,121.98
Kukatpally,2398,3,3.0,0.5,167.19
Kondapur,1000,2,2.0,2.0,91.85
Miyapur,2727,3,3.0,0.2,170.96
Ameerpet,2495,3,3.0,0.0,191.1
Madhapur,1074,2,2.0,1.0,127.38
Manikonda,1909,3,3.0,4.0,128.06
Gachibowli,3645,4,4.0,1.5,297.56
Banjara Hills,3302,4,4.0,3.0,529.13
Uppal,2743,3,3.0,0.1,138.4
Madhapur,975,1,2.0,1.0,110.0
Manikonda,3883,4,4.0,4.0,244.05
Jubilee Hills,1058,2,2.0,2.5,223.79
Jubilee Hills,970,1,2.0,2.5,199.03
Ameerpet,3289,4,4.0,0.0,241.34
Jubilee Hills,1976,3,3.0,2.5,369.84
Uppal,1051,2,2.0,0.1,67.72
Kondapur,1378,2,2.0,2.0,117.11
Jubilee Hills,3449,4,4.0,2.5,693.6
Banjara Hills,1472,2,2.0,3.0,231.36
Banjara Hills,2138,3,4.0,3.0,316.81
Banjara Hills,2456,3,4.0,3.0,368.94
Gachibowli,2657,3,3.0,1.5,250.32
Kondapur,2056,3,3.0,2.0,179.6
Manikonda,952,1,1.0,4.0,57.85
Kondapur,3325,4,4.0,2.0,269.07
Gachibowli,2694,3,3.0,1.5,247.93
Kukatpally,3592,4,4.0,0.5,249.47
Madhapur,3956,4,4.0,1.0,364.58
Manikonda,3130,4,4.0,4.0,207.42
Manikonda,910,1,1.0,4.0,69.05
Madhapur,3643,4,4.0,1.0,369.33
Banjara Hills,1680,2,2.0,3.0,256.53
Jubilee Hills,2905,4,4.0,2.5,543.78
Ameerpet,2062,3,3.0,0.0,161.32
Kukatpally,3871,4,4.0,0.5,273.31
Ameerpet,1191,2,3.0,0.0,91.83
Banjara Hills,3890,4,5.0,3.0,599.99
Madhapur,3516,4,4.0,1.0,342.07
Kondapur,3203,4,4.0,2.0,275.29
Madhapur,1256,2,3.0,1.0,132.83
Miyapur,1938,3,3.0,0.2,124.11
Ameerpet,3385,4,4.0,0.0,224.51
Jubilee Hills,1898,3,4.0,2.5,381.72
Kukatpally,2325,3,3.0,0.5,152.8
Uppal,1204,2,2.0,0.1,67.8
Kondapur,3037,4,5.0,2.0,243.88
Banjara Hills,3356,4,5.0,3.0,523.75
Madhapur,1950,3,3.0,1.0,199.75
Banjara Hills,1917,3,3.0,3.0,315.35
Manikonda,3774,4,5.0,4.0,237.6
Gachibowli,1688,2,2.0,1.5,140.24
Kukatpally,1836,3,3.0,0.5,134.46
Kondapur,1091,2,3.0,2.0,109.88
Uppal,2757,3,4.0,0.1,140.56
Uppal,1023,2,2.0,0.1,66.5
Kondapur,1399,2,2.0,2.0,121.57
Ameerpet,3744,4,5.0,0.0,303.86
Madhapur,2756,3,4.0,1.0,268.3
Gachibowli,1029,2,2.0,1.5,108.32
Jubilee Hills,3165,4,4.0,2.5,597.38
Manikonda,1136,2,2.0,4.0,80.08
Manikonda,2898,4,4.0,4.0,182.09
Gachibowli,2901,4,4.0,1.5,265.19
Manikonda,1864,3,3.0,4.0,117.75
Uppal,2767,3,3.0,0.1,152.22
Kondapur,1315,2,2.0,2.0,111.14
Banjara Hills,2236,3,3.0,3.0,351.46
Kondapur,3643,4,4.0,2.0,308.47
Uppal,2679,3,3.0,0.1,154.27
Banjara Hills,905,1,1.0,3.0,151.08
Uppal,2167,3,3.0,0.1,108.37
Miyapur,1154,2,3.0,0.2,83.09
Jubilee Hills,3773,4,5.0,2.5,724.19
Miyapur,3137,4,4.0,0.2,199.02
Kukatpally,3290,4,4.0,0.5,207.92
Kondapur,2447,3,3.0,2.0,212.08
Uppal,2518,3,3.0,0.1,128.44
Ameerpet,3442,4,4.0,0.0,255.16
Kukatpally,1755,2,2.0,0.5,132.87
Manikonda,2103,3,3.0,4.0,131.24
Manikonda,985,1,2.0,4.0,68.82
Kukatpally,2311,3,3.0,0.5,154.36
Kukatpally,3739,4,4.0,0.5,268.95
Kondapur,2368,3,3.0,2.0,201.62
Uppal,2242,3,3.0,0.1,110.74
Kukatpally,947,1,1.0,0.5,75.4
Jubilee Hills,2382,3,4.0,2.5,444.59
Gachibowli,1483,2,3.0,1.5,140.48
Uppal,3182,4,4.0,0.1,153.88
Miyapur,2433,3,3.0,0.2,157.82
Ameerpet,3379,4,4.0,0.0,254.0
Banjara Hills,2622,3,3.0,3.0,411.89
Jubilee Hills,2653,3,4.0,2.5,493.58
Uppal,2417,3,3.0,0.1,111.71
Ameerpet,2495,3,4.0,0.0,191.67
Madhapur,941,1,2.0,1.0,106.87
Banjara Hills,883,1,1.0,3.0,148.69
Madhapur,1754,2,2.0,1.0,179.69
Jubilee Hills,2681,3,3.0,2.5,491.96
Miyapur,3103,4,4.0,0.2,180.34
Banjara Hills,2194,3,4.0,3.0,316.21
Kondapur,1603,2,2.0,2.0,152.52
Manikonda,2115,3,3.0,4.0,140.16
Gachibowli,1032,2,2.0,1.5,97.83
Kondapur,3096,4,5.0,2.0,256.6
Uppal,2621,3,3.0,0.1,137.92
Jubilee Hills,3225,4,5.0,2.5,624.76
Manikonda,3873,4,4.0,4.0,243.53
Manikonda,1638,2,3.0,4.0,113.05
Manikonda,2684,3,4.0,4.0,165.96
Gachibowli,2997,4,4.0,1.5,287.27
Manikonda,1660,2,2.0,4.0,114.61
Kukatpally,1138,2,2.0,0.5,99.77
Gachibowli,3778,4,4.0,1.5,325.47
Kukatpally,3733,4,4.0,0.5,274.69
Kondapur,1467,2,2.0,2.0,133.76
Manikonda,1544,2,2.0,4.0,97.45
Gachibowli,3985,4,4.0,1.5,389.14
Kondapur,1510,2,2.0,2.0,136.09
Uppal,3517,4,4.0,0.1,172.68
Ameerpet,3515,4,4.0,0.0,253.82
Kukatpally,1901,3,4.0,0.5,141.55
Manikonda,1284,2,2.0,4.0,85.49
Kukatpally,3248,4,4.0,0.5,253.31
Ameerpet,2425,3,4.0,0.0,191.43
Uppal,1610,2,2.0,0.1,90.35
Kukatpally,2900,4,4.0,0.5,201.43
Jubilee Hills,3985,4,4.0,2.5,728.77
Manikonda,2100,3,3.0,4.0,130.77
Banjara Hills,2067,3,3.0,3.0,304.08
Jubilee Hills,2885,4,4.0,2.5,510.16
Uppal,2566,3,3.0,0.1,150.93
Gachibowli,3878,4,4.0,1.5,356.77
Uppal,1807,3,3.0,0.1,91.24
Manikonda,913,1,1.0,4.0,58.69
Gachibowli,1355,2,3.0,1.5,131.11
Madhapur,1985,3,3.0,1.0,215.99
Gachibowli,1039,2,2.0,1.5,108.0
Ameerpet,858,1,1.0,0.0,86.14
Kukatpally,2743,3,3.0,0.5,183.47
Manikonda,3878,4,4.0,4.0,233.89
Kukatpally,2267,3,3.0,0.5,161.84
Uppal,1211,2,2.0,0.1,70.61
Gachibowli,2351,3,4.0,1.5,198.67
Banjara Hills,1547,2,2.0,3.0,232.04
Uppal,1543,2,3.0,0.1,81.15
Jubilee Hills,3939,4,4.0,2.5,739.97
Kondapur,1695,2,2.0,2.0,149.93
Ameerpet,2554,3,3.0,0.0,212.34
Madhapur,3719,4,4.0,1.0,363.24
Manikonda,2499,3,4.0,4.0,160.2
Manikonda,3592,4,5.0,4.0,223.02
Madhapur,1646,2,2.0,1.0,186.6
Ameerpet,1709,2,3.0,0.0,130.94
Manikonda,3600,4,4.0,4.0,217.53
Ameerpet,2548,3,3.0,0.0,204.59
Manikonda,1174,2,2.0,4.0,77.43
Manikonda,3839,4,4.0,4.0,248.5
Miyapur,3747,4,4.0,0.2,220.77
Banjara Hills,2566,3,3.0,3.0,359.77
Madhapur,3994,4,4.0,1.0,395.68
Kondapur,2210,3,3.0,2.0,176.21
Kukatpally,3371,4,4.0,0.5,224.64
Miyapur,1140,2,3.0,0.2,64.23
Kukatpally,3188,4,5.0,0.5,253.16
Manikonda,851,1,1.0,4.0,65.45
Gachibowli,3767,4,5.0,1.5,321.29
Banjara Hills,2147,3,4.0,3.0,348.03
Gachibowli,2358,3,4.0,1.5,205.6
Kondapur,1738,2,2.0,2.0,164.31
Kondapur,3631,4,4.0,2.0,334.17
Jubilee Hills,3960,4,4.0,2.5,720.04
Banjara Hills,1375,2,2.0,3.0,228.57
Gachibowli,1176,2,3.0,1.5,110.83
Uppal,2507,3,3.0,0.1,118.81
Kondapur,3893,4,5.0,2.0,328.59
Uppal,3625,4,4.0,0.1,177.79
Ameerpet,2587,3,3.0,0.0,195.6
Uppal,1220,2,2.0,0.1,71.26
Kukatpally,2614,3,3.0,0.5,183.06
Kukatpally,3175,4,4.0,0.5,227.22
Jubilee Hills,1562,2,2.0,2.5,288.24
Jubilee Hills,2982,4,4.0,2.5,555.49
Ameerpet,1186,2,3.0,0.0,102.35
Madhapur,1124,2,3.0,1.0,117.95
Jubilee Hills,2567,3,3.0,2.5,497.94
Kondapur,3293,4,4.0,2.0,293.33
Kukatpally,3182,4,5.0,0.5,207.55
Miyapur,2119,3,3.0,0.2,124.2
Jubilee Hills,1840,3,4.0,2.5,335.34
Kukatpally,808,1,1.0,0.5,68.14
Madhapur,1284,2,2.0,1.0,132.33
Madhapur,1866,3,3.0,1.0,192.02
Banjara Hills,2102,3,4.0,3.0,322.2
Gachibowli,3227,4,4.0,1.5,271.06
Madhapur,2611,3,4.0,1.0,257.44
Kondapur,1578,2,2.0,2.0,141.59
Manikonda,2788,3,4.0,4.0,180.48
Gachibowli,2658,3,4.0,1.5,223.97
Miyapur,1322,2,2.0,0.2,94.18
Manikonda,1635,2,2.0,4.0,122.27
Ameerpet,1272,2,2.0,0.0,101.13
Jubilee Hills,965,1,1.0,2.5,185.11
Kondapur,3722,4,4.0,2.0,309.84
Gachibowli,3171,4,4.0,1.5,263.02
Uppal,2579,3,3.0,0.1,130.33
Miyapur,2955,4,4.0,0.2,176.11
Madhapur,3501,4,4.0,1.0,333.24
Madhapur,3683,4,4.0,1.0,377.56
Kondapur,1890,3,3.0,2.0,167.18
Manikonda,2295,3,3.0,4.0,144.13
Manikonda,2549,3,4.0,4.0,153.45
Jubilee Hills,3416,4,4.0,2.5,684.2
Miyapur,1929,3,4.0,0.2,128.99
Manikonda,1390,2,2.0,4.0,99.96
Kondapur,3167,4,4.0,2.0,257.18
Manikonda,1410,2,2.0,4.0,93.92
Manikonda,2984,4,4.0,4.0,201.54
Banjara Hills,1479,2,3.0,3.0,251.21
Gachibowli,1108,2,2.0,1.5,108.59
Kukatpally,1186,2,3.0,0.5,104.3
Kukatpally,1057,2,2.0,0.5,82.48
Gachibowli,3584,4,5.0,1.5,295.98
Miyapur,813,1,2.0,0.2,69.95
Miyapur,2108,3,3.0,0.2,133.99
Gachibowli,2398,3,3.0,1.5,227.06
Jubilee Hills,1134,2,3.0,2.5,226.47
Manikonda,3951,4,4.0,4.0,250.01
Banjara Hills,2482,3,3.0,3.0,370.71
Gachibowli,879,1,2.0,1.5,81.26
Jubilee Hills,3040,4,5.0,2.5,573.81
Jubilee Hills,3601,4,5.0,2.5,693.02
Uppal,1627,2,2.0,0.1,89.6
Kukatpally,2062,3,4.0,0.5,149.6
Uppal,1090,2,2.0,0.1,55.14
Manikonda,3725,4,4.0,4.0,236.92
Manikonda,3300,4,4.0,4.0,210.11
Gachibowli,3529,4,4.0,1.5,331.78
Kukatpally,1048,2,2.0,0.5,73.17
Gachibowli,2017,3,3.0,1.5,189.47
Madhapur,2099,3,3.0,1.0,212.0
Banjara Hills,1935,3,3.0,3.0,301.48
Miyapur,3061,4,5.0,0.2,190.51
Uppal,2157,3,3.0,0.1,123.31
Gachibowli,3569,4,4.0,1.5,313.3
Manikonda,1681,2,3.0,4.0,115.13
Miyapur,800,1,1.0,0.2,62.96
Miyapur,1061,2,2.0,0.2,80.08
Miyapur,3122,4,4.0,0.2,174.32
Uppal,3486,4,4.0,0.1,172.58
Uppal,1052,2,3.0,0.1,66.99
Manikonda,916,1,1.0,4.0,58.4
Madhapur,3466,4,4.0,1.0,344.47
Gachibowli,2129,3,3.0,1.5,190.76
Madhapur,2016,3,3.0,1.0,196.88
Uppal,2642,3,3.0,0.1,125.81
Manikonda,3114,4,4.0,4.0,193.59
Jubilee Hills,3005,4,5.0,2.5,578.19
Kondapur,1105,2,3.0,2.0,104.91
Miyapur,2278,3,4.0,0.2,139.69
Kondapur,2304,3,3.0,2.0,197.87
Madhapur,2697,3,3.0,1.0,268.02
Manikonda,3879,4,5.0,4.0,249.69
Gachibowli,2813,4,5.0,1.5,225.02
Gachibowli,3819,4,5.0,1.5,354.68
Banjara Hills,3227,4,4.0,3.0,465.87
Banjara Hills,3007,4,4.0,3.0,477.01
Gachibowli,3027,4,4.0,1.5,241.08
Kondapur,2409,3,4.0,2.0,194.38
Kondapur,2038,3,3.0,2.0,170.06
Kukatpally,2720,3,3.0,0.5,182.25
Gachibowli,3478,4,4.0,1.5,297.36
Banjara Hills,1215,2,2.0,3.0,184.4
Kondapur,3709,4,5.0,2.0,305.99
Uppal,3316,4,4.0,0.1,154.52
Kondapur,809,1,1.0,2.0,64.49
Jubilee Hills,3029,4,4.0,2.5,584.12
Manikonda,3881,4,5.0,4.0,238.29
Banjara Hills,2926,4,4.0,3.0,475.13
Ameerpet,2242,3,4.0,0.0,176.24
Madhapur,3871,4,5.0,1.0,383.09
Kondapur,3855,4,5.0,2.0,344.95
Jubilee Hills,2812,4,4.0,2.5,552.86
Jubilee Hills,2807,4,4.0,2.5,563.17
Kondapur,1668,2,2.0,2.0,139.55
Gachibowli,1687,2,3.0,1.5,150.73
Jubilee Hills,2063,3,3.0,2.5,374.91
Madhapur,875,1,1.0,1.0,99.53
Banjara Hills,3515,4,4.0,3.0,485.05
Jubilee Hills,3937,4,4.0,2.5,701.6
Kondapur,2471,3,3.0,2.0,216.21
Kondapur,3293,4,5.0,2.0,291.47
Miyapur,3935,4,5.0,0.2,232.42
Madhapur,3332,4,4.0,1.0,339.06
Jubilee Hills,2030,3,3.0,2.5,376.26
Kondapur,2778,3,3.0,2.0,251.11
Manikonda,3310,4,4.0,4.0,207.18
Ameerpet,2574,3,3.0,0.0,203.75
Miyapur,3021,4,4.0,0.2,175.27
Jubilee Hills,1285,2,3.0,2.5,240.07
Banjara Hills,3277,4,4.0,3.0,482.12
Banjara Hills,2271,3,3.0,3.0,358.44
Kukatpally,2020,3,3.0,0.5,133.93
Kondapur,1135,2,3.0,2.0,96.08
Kukatpally,2670,3,4.0,0.5,193.33
Miyapur,2706,3,4.0,0.2,170.6
Manikonda,3801,4,4.0,4.0,224.21
Gachibowli,1109,2,2.0,1.5,111.81
Uppal,2320,3,3.0,0.1,120.89
Miyapur,2418,3,3.0,0.2,143.14
Banjara Hills,2707,3,4.0,3.0,439.7
Kukatpally,2340,3,3.0,0.5,169.41
Jubilee Hills,1453,2,3.0,2.5,275.57
Kondapur,1141,2,2.0,2.0,109.39
Uppal,1172,2,2.0,0.1,68.54
Ameerpet,3709,4,4.0,0.0,280.42
Kukatpally,3946,4,5.0,0.5,278.93
Gachibowli,2166,3,3.0,1.5,200.85
Miyapur,1424,2,3.0,0.2,97.63
Ameerpet,3188,4,5.0,0.0,245.49
Kukatpally,3735,4,5.0,0.5,258.64
Miyapur,2530,3,4.0,0.2,167.41
Kondapur,2277,3,3.0,2.0,215.73
Kukatpally,3038,4,4.0,0.5,218.02
Jubilee Hills,1759,2,2.0,2.5,337.85
Kondapur,3843,4,4.0,2.0,329.5
Madhapur,2225,3,3.0,1.0,212.8
Madhapur,804,1,1.0,1.0,88.09
Gachibowli,2409,3,3.0,1.5,217.18
Ameerpet,2802,4,4.0,0.0,223.68
Manikonda,3204,4,4.0,4.0,212.6
Gachibowli,3545,4,4.0,1.5,306.41
Uppal,2835,4,4.0,0.1,138.21
Kukatpally,2492,3,4.0,0.5,181.13
Banjara Hills,3231,4,4.0,3.0,474.85
Madhapur,3079,4,4.0,1.0,287.06
Kondapur,3425,4,5.0,2.0,285.93
Ameerpet,3625,4,5.0,0.0,227.85
Miyapur,824,1,1.0,0.2,54.09
Banjara Hills,3118,4,4.0,3.0,455.04
Miyapur,992,1,1.0,0.2,75.26
Uppal,3317,4,5.0,0.1,147.85
Manikonda,3360,4,5.0,4.0,212.6
Kukatpally,1343,2,2.0,0.5,100.82
Uppal,1757,2,2.0,0.1,105.57
Jubilee Hills,1537,2,2.0,2.5,281.84
Manikonda,1790,2,2.0,4.0,117.66
Kukatpally,3132,4,4.0,0.5,224.84
Manikonda,3936,4,4.0,4.0,252.06
Ameerpet,3144,4,4.0,0.0,235.74
Uppal,1792,2,2.0,0.1,87.12
Gachibowli,1762,2,2.0,1.5,161.77
Madhapur,3301,4,5.0,1.0,307.89
Jubilee Hills,3803,4,4.0,2.5,784.53
Kondapur,1113,2,3.0,2.0,104.06
Gachibowli,989,1,1.0,1.5,102.64
Miyapur,3852,4,4.0,0.2,229.45
Madhapur,3300,4,4.0,1.0,357.49
Banjara Hills,2265,3,3.0,3.0,336.27
Miyapur,879,1,1.0,0.2,57.24
Miyapur,967,1,2.0,0.2,72.17
Uppal,2185,3,3.0,0.1,116.04
Kondapur,808,1,1.0,2.0,72.04
Banjara Hills,2406,3,3.0,3.0,380.98
Jubilee Hills,1907,3,4.0,2.5,343.6
Miyapur,2467,3,4.0,0.2,162.39
Jubilee Hills,804,1,1.0,2.5,162.4
Manikonda,2912,4,4.0,4.0,187.41
Uppal,3003,4,4.0,0.1,143.91
Kondapur,1115,2,3.0,2.0,95.45
Miyapur,1122,2,2.0,0.2,70.33
Kukatpally,3253,4,4.0,0.5,223.56
Madhapur,2054,3,3.0,1.0,210.61
Kukatpally,1066,2,3.0,0.5,81.67
Ameerpet,977,1,2.0,0.0,77.53
Manikonda,3357,4,4.0,4.0,201.84
Gachibowli,1251,2,2.0,1.5,114.42
Gachibowli,1182,2,3.0,1.5,120.84
Manikonda,2466,3,3.0,4.0,156.63
Uppal,3099,4,4.0,0.1,138.76
Gachibowli,3102,4,4.0,1.5,294.93
Manikonda,1102,2,2.0,4.0,80.24
Miyapur,2622,3,3.0,0.2,158.33
Uppal,1279,2,2.0,0.1,65.96
Manikonda,2826,4,4.0,4.0,179.14
Madhapur,3710,4,4.0,1.0,365.8
Madhapur,3260,4,4.0,1.0,311.53
Madhapur,1280,2,2.0,1.0,129.7
Madhapur,822,1,1.0,1.0,96.59
Gachibowli,3338,4,4.0,1.5,315.45
Manikonda,1614,2,2.0,4.0,120.03
Banjara Hills,1474,2,2.0,3.0,217.22
Jubilee Hills,3651,4,4.0,2.5,742.92
Gachibowli,1608,2,3.0,1.5,142.3
Gachibowli,3023,4,4.0,1.5,276.84
Kukatpally,1404,2,2.0,0.5,106.12
Gachibowli,3187,4,4.0,1.5,293.58
Kukatpally,1678,2,2.0,0.5,125.76
Miyapur,2406,3,3.0,0.2,153.95
Uppal,2816,4,4.0,0.1,144.8
Kondapur,1670,2,2.0,2.0,150.42
Kondapur,3868,4,5.0,2.0,339.89
Madhapur,1040,2,2.0,1.0,112.1
Kondapur,1291,2,2.0,2.0,108.07
Jubilee Hills,2190,3,4.0,2.5,385.86
Madhapur,3660,4,5.0,1.0,362.99
Jubilee Hills,1729,2,2.0,2.5,330.96
Manikonda,2497,3,4.0,4.0,157.33
Madhapur,3752,4,4.0,1.0,402.6
Uppal,2791,3,3.0,0.1,146.16
Madhapur,3066,4,5.0,1.0,289.44
Ameerpet,3436,4,4.0,0.0,263.38
Uppal,3021,4,5.0,0.1,151.86
Kukatpally,1711,2,3.0,0.5,129.0
Ameerpet,3729,4,4.0,0.0,273.82
Kukatpally,3510,4,4.0,0.5,236.38
Banjara Hills,861,1,1.0,3.0,149.46
Madhapur,810,1,1.0,1.0,88.75
Kondapur,2221,3,3.0,2.0,204.81
Kondapur,3304,4,4.0,2.0,266.84
Banjara Hills,3422,4,4.0,3.0,529.17
Ameerpet,3587,4,5.0,0.0,288.65
Uppal,2401,3,4.0,0.1,123.85
Jubilee Hills,1483,2,2.0,2.5,281.39
Ameerpet,2155,3,3.0,0.0,162.94
Ameerpet,3389,4,4.0,0.0,237.4
Kondapur,3204,4,4.0,2.0,257.22
Madhapur,2760,3,4.0,1.0,286.74
Banjara Hills,2455,3,3.0,3.0,382.96
Uppal,3682,4,5.0,0.1,187.69
Miyapur,1892,3,3.0,0.2,121.44
Gachibowli,3069,4,5.0,1.5,281.53
Miyapur,1893,3,3.0,0.2,119.43
Uppal,1833,3,3.0,0.1,100.93
Banjara Hills,812,1,1.0,3.0,144.32
Jubilee Hills,3325,4,5.0,2.5,600.74
Gachibowli,1624,2,3.0,1.5,153.68
Kondapur,2134,3,3.0,2.0,171.42
Ameerpet,2075,3,3.0,0.0,160.95
Gachibowli,2987,4,4.0,1.5,259.38
Gachibowli,1061,2,3.0,1.5,108.02
Gachibowli,3976,4,5.0,1.5,340.17
Manikonda,3783,4,4.0,4.0,246.28
Banjara Hills,3673,4,4.0,3.0,555.82
Uppal,2213,3,4.0,0.1,110.64
Miyapur,2896,4,5.0,0.2,173.41
Kukatpally,3322,4,5.0,0.5,252.92
Banjara Hills,1209,2,2.0,3.0,189.2
Banjara Hills,3197,4,4.0,3.0,511.89
Madhapur,2215,3,3.0,1.0,229.62
Madhapur,3184,4,5.0,1.0,316.58
Madhapur,2153,3,4.0,1.0,239.15
Kukatpally,802,1,1.0,0.5,61.26
Manikonda,3310,4,4.0,4.0,205.17
Jubilee Hills,1929,3,3.0,2.5,322.84
Uppal,2684,3,3.0,0.1,131.59
Uppal,3438,4,4.0,0.1,176.22
Ameerpet,3259,4,4.0,0.0,236.61
Uppal,1615,2,3.0,0.1,92.09
Miyapur,898,1,1.0,0.2,71.54
Jubilee Hills,2403,3,3.0,2.5,424.79
Banjara Hills,2013,3,3.0,3.0,306.0
Gachibowli,1320,2,2.0,1.5,124.25
Kondapur,2656,3,3.0,2.0,229.94
Ameerpet,2370,3,3.0,0.0,175.51
Uppal,3666,4,4.0,0.1,174.77
Kukatpally,1941,3,3.0,0.5,139.95
Kukatpally,2327,3,3.0,0.5,172.08
Gachibowli,3123,4,4.0,1.5,247.18
Manikonda,1421,2,3.0,4.0,101.58
Gachibowli,1210,2,2.0,1.5,116.25
Kondapur,3142,4,4.0,2.0,248.01
Uppal,2330,3,4.0,0.1,118.49
Manikonda,1155,2,2.0,4.0,72.08
Miyapur,2600,3,3.0,0.2,167.03
Madhapur,2668,3,4.0,1.0,292.95
Uppal,1799,2,2.0,0.1,102.6
Jubilee Hills,2975,4,4.0,2.5,554.34
Ameerpet,3631,4,4.0,0.0,271.82
Kondapur,1306,2,2.0,2.0,110.49
Manikonda,1473,2,2.0,4.0,94.81
Manikonda,937,1,1.0,4.0,71.1
Ameerpet,1269,2,3.0,0.0,103.42
Ameerpet,1766,2,2.0,0.0,139.72
Kukatpally,800,1,1.0,0.5,62.67
Gachibowli,2916,4,5.0,1.5,252.94
Manikonda,2973,4,4.0,4.0,175.98
Kukatpally,2146,3,3.0,0.5,141.07
Gachibowli,938,1,2.0,1.5,95.5
Gachibowli,3398,4,5.0,1.5,295.93
Ameerpet,3392,4,4.0,0.0,264.16
Jubilee Hills,3173,4,5.0,2.5,638.4
Madhapur,3233,4,4.0,1.0,334.07
Kondapur,831,1,2.0,2.0,80.83
Banjara Hills,1613,2,2.0,3.0,265.67
Kukatpally,1299,2,2.0,0.5,104.76
Miyapur,985,1,1.0,0.2,72.21
Uppal,1004,2,3.0,0.1,67.9
Jubilee Hills,3089,4,5.0,2.5,568.88
Miyapur,1351,2,3.0,0.2,84.56
Uppal,1102,2,2.0,0.1,70.04
Uppal,2100,3,3.0,0.1,106.62
Manikonda,1678,2,2.0,4.0,118.54
Banjara Hills,2697,3,3.0,3.0,401.59
Banjara Hills,1999,3,3.0,3.0,282.84
Gachibowli,3723,4,4.0,1.5,314.99
Kondapur,3809,4,5.0,2.0,316.09
Jubilee Hills,1633,2,3.0,2.5,282.25
Uppal,1864,3,3.0,0.1,95.09
Madhapur,2857,4,5.0,1.0,285.19
Kukatpally,1037,2,3.0,0.5,81.85
Kukatpally,1346,2,2.0,0.5,99.05
Ameerpet,2841,4,5.0,0.0,232.92
Banjara Hills,3627,4,4.0,3.0,567.25
Jubilee Hills,1605,2,2.0,2.5,323.42
Kondapur,3362,4,4.0,2.0,280.99
Gachibowli,3025,4,4.0,1.5,274.11
Madhapur,2220,3,3.0,1.0,236.51
Miyapur,3280,4,4.0,0.2,191.0
Kondapur,2848,4,4.0,2.0,222.0
Manikonda,922,1,2.0,4.0,63.05
Gachibowli,1751,2,3.0,1.5,171.65
Ameerpet,2838,4,4.0,0.0,215.07
Gachibowli,1515,2,2.0,1.5,124.09
Gachibowli,1447,2,2.0,1.5,134.55
Manikonda,2014,3,3.0,4.0,138.27
Kukatpally,3708,4,5.0,0.5,255.14
Madhapur,1802,3,3.0,1.0,184.7
Ameerpet,1214,2,2.0,0.0,106.78
Gachibowli,2902,4,5.0,1.5,250.33
Gachibowli,2775,3,3.0,1.5,242.14
Madhapur,3453,4,4.0,1.0,363.72
Gachibowli,2631,3,3.0,1.5,244.15
Banjara Hills,2796,3,3.0,3.0,457.34
Kukatpally,1653,2,2.0,0.5,131.45
Uppal,3209,4,4.0,0.1,152.47
Madhapur,2828,4,5.0,1.0,270.87
Madhapur,3682,4,4.0,1.0,355.69
Miyapur,1238,2,2.0,0.2,84.9
Kondapur,3689,4,5.0,2.0,330.51
Kukatpally,1651,2,2.0,0.5,123.43
Uppal,2774,3,3.0,0.1,126.89
Miyapur,3407,4,4.0,0.2,196.28
Gachibowli,2276,3,3.0,1.5,198.59
Gachibowli,3925,4,4.0,1.5,352.1
Madhapur,3245,4,4.0,1.0,333.03
Banjara Hills,1989,3,4.0,3.0,344.25
Kondapur,3024,4,4.0,2.0,272.57
Manikonda,2670,3,4.0,4.0,194.54
Banjara Hills,3248,4,4.0,3.0,501.81
Manikonda,1320,2,2.0,4.0,88.07
Kukatpally,2404,3,3.0,0.5,177.38
Jubilee Hills,1622,2,2.0,2.5,293.23
Gachibowli,1309,2,2.0,1.5,133.31
Gachibowli,980,1,1.0,1.5,94.48
Manikonda,3671,4,4.0,4.0,232.4
Manikonda,3003,4,5.0,4.0,184.8
Madhapur,2806,4,5.0,1.0,277.6
Ameerpet,2651,3,3.0,0.0,208.92
Manikonda,3133,4,4.0,4.0,198.48
Manikonda,3212,4,4.0,4.0,209.96
Madhapur,993,1,2.0,1.0,112.3
Uppal,1623,2,2.0,0.1,80.92
Manikonda,2018,3,4.0,4.0,143.48
Madhapur,1365,2,2.0,1.0,144.43
Kukatpally,2888,4,4.0,0.5,208.19
Manikonda,2485,3,3.0,4.0,151.53
Miyapur,1082,2,2.0,0.2,75.52
Ameerpet,3092,4,5.0,0.0,243.23
Uppal,2689,3,3.0,0.1,128.08
Uppal,842,1,1.0,0.1,63.78
Kondapur,3325,4,5.0,2.0,267.64
Jubilee Hills,3227,4,5.0,2.5,630.63
Manikonda,2144,3,3.0,4.0,120.37
Kukatpally,2693,3,3.0,0.5,196.47
Manikonda,1396,2,2.0,4.0,88.79
Ameerpet,3133,4,5.0,0.0,215.55
Madhapur,1508,2,3.0,1.0,161.46
Ameerpet,3613,4,4.0,0.0,262.83
Jubilee Hills,3369,4,4.0,2.5,618.3
Uppal,1810,3,4.0,0.1,95.36
Miyapur,3634,4,5.0,0.2,222.53
Banjara Hills,1596,2,2.0,3.0,249.76
Jubilee Hills,2741,3,3.0,2.5,463.63
Kondapur,902,1,1.0,2.0,77.9
Miyapur,3873,4,4.0,0.2,208.83
Madhapur,1910,3,3.0,1.0,194.67
Kukatpally,1923,3,4.0,0.5,144.14
Madhapur,1221,2,3.0,1.0,124.92
Kondapur,2239,3,3.0,2.0,183.97
Kukatpally,2674,3,3.0,0.5,184.87
Manikonda,1814,3,3.0,4.0,123.18
Ameerpet,1151,2,2.0,0.0,99.59
Miyapur,1454,2,3.0,0.2,106.78
Manikonda,1473,2,3.0,4.0,105.72
Jubilee Hills,1477,2,3.0,2.5,268.03
Madhapur,2352,3,3.0,1.0,252.03
Kukatpally,2709,3,4.0,0.5,186.77
Gachibowli,3151,4,4.0,1.5,274.28
Ameerpet,3780,4,4.0,0.0,278.33
Ameerpet,3096,4,4.0,0.0,235.11
Ameerpet,1222,2,3.0,0.0,98.69
Madhapur,2108,3,3.0,1.0,214.55
Banjara Hills,2614,3,4.0,3.0,427.25
Uppal,2713,3,3.0,0.1,139.52
Jubilee Hills,3262,4,4.0,2.5,620.35
Kondapur,2853,4,4.0,2.0,249.11
Jubilee Hills,2624,3,3.0,2.5,474.84
Manikonda,1952,3,4.0,4.0,121.67
Uppal,3924,4,4.0,0.1,171.62
Gachibowli,1557,2,2.0,1.5,154.18
Kukatpally,2440,3,4.0,0.5,179.71
Kondapur,3193,4,5.0,2.0,277.02
Jubilee Hills,3475,4,5.0,2.5,610.32
Madhapur,2127,3,3.0,1.0,212.63
Uppal,1699,2,2.0,0.1,90.86
Manikonda,800,1,2.0,4.0,61.45
Jubilee Hills,3890,4,4.0,2.5,723.55
Kukatpally,3616,4,4.0,0.5,274.99
Manikonda,1369,2,2.0,4.0,76.6
Miyapur,1964,3,3.0,0.2,134.56
Kondapur,3756,4,5.0,2.0,329.55
Banjara Hills,3734,4,4.0,3.0,571.92
Kukatpally,1070,2,2.0,0.5,89.79
Madhapur,1414,2,3.0,1.0,150.32
Madhapur,1471,2,2.0,1.0,163.83
Gachibowli,3383,4,4.0,1.5,290.21
Uppal,3065,4,4.0,0.1,152.72
Banjara Hills,3942,4,4.0,3.0,611.37
Manikonda,2331,3,3.0,4.0,151.37
Manikonda,2109,3,3.0,4.0,151.25
Jubilee Hills,3869,4,4.0,2.5,753.66
Uppal,2115,3,3.0,0.1,108.9
Madhapur,3358,4,4.0,1.0,331.77
Manikonda,1202,2,2.0,4.0,74.08
Jubilee Hills,1963,3,3.0,2.5,367.26
Manikonda,2224,3,3.0,4.0,138.92
Banjara Hills,2706,3,3.0,3.0,398.24
Gachibowli,1560,2,2.0,1.5,148.5
Banjara Hills,1594,2,2.0,3.0,246.33
Kukatpally,1233,2,2.0,0.5,97.12
Jubilee Hills,1726,2,2.0,2.5,334.84
Madhapur,3635,4,4.0,1.0,328.62
Gachibowli,1369,2,2.0,1.5,137.43
Kukatpally,3296,4,5.0,0.5,206.14
Kukatpally,3997,4,5.0,0.5,263.79
Uppal,2046,3,4.0,0.1,98.09
Madhapur,2422,3,3.0,1.0,254.86
Jubilee Hills,2113,3,4.0,2.5,380.15
Manikonda,1478,2,2.0,4.0,111.62
Manikonda,1400,2,2.0,4.0,88.31
Madhapur,971,1,1.0,1.0,108.92
Miyapur,1318,2,2.0,0.2,86.31
Miyapur,3896,4,5.0,0.2,219.87
Miyapur,2638,3,4.0,0.2,157.14
Banjara Hills,1800,3,3.0,3.0,288.48
Ameerpet,911,1,2.0,0.0,73.82
Ameerpet,2336,3,3.0,0.0,184.08
Ameerpet,2175,3,4.0,0.0,157.93
Madhapur,1974,3,4.0,1.0,199.84
Banjara Hills,3617,4,5.0,3.0,552.82
Gachibowli,3935,4,4.0,1.5,385.87
Kondapur,1749,2,2.0,2.0,152.45
Uppal,2762,3,4.0,0.1,130.66
Manikonda,3435,4,5.0,4.0,196.8
Ameerpet,3371,4,4.0,0.0,255.04
Manikonda,1326,2,2.0,4.0,93.37
Ameerpet,2861,4,5.0,0.0,216.25
Uppal,3899,4,4.0,0.1,205.95
Madhapur,1087,2,2.0,1.0,118.06
Madhapur,2536,3,3.0,1.0,242.32
Banjara Hills,3846,4,4.0,3.0,598.71
Kukatpally,3053,4,5.0,0.5,219.84
Ameerpet,980,1,1.0,0.0,94.75
Banjara Hills,1132,2,2.0,3.0,183.32
Kondapur,3025,4,4.0,2.0,243.48
Banjara Hills,944,1,1.0,3.0,148.95
Kukatpally,3821,4,4.0,0.5,258.18
Manikonda,2161,3,4.0,4.0,135.65
Gachibowli,3871,4,5.0,1.5,364.82
Uppal,3460,4,5.0,0.1,176.26
Uppal,1209,2,3.0,0.1,61.98
Gachibowli,2231,3,3.0,1.5,191.45
Ameerpet,2023,3,4.0,0.0,138.63
Manikonda,3999,4,5.0,4.0,235.08
Kondapur,1485,2,3.0,2.0,128.19
Ameerpet,3002,4,4.0,0.0,211.14
Jubilee Hills,2557,3,3.0,2.5,457.92
Gachibowli,2620,3,4.0,1.5,236.16
Manikonda,1550,2,2.0,4.0,110.73
Miyapur,1735,2,3.0,0.2,113.75
Kondapur,1665,2,3.0,2.0,156.43
Ameerpet,1535,2,2.0,0.0,128.45
Kondapur,3651,4,4.0,2.0,310.41
Gachibowli,2060,3,3.0,1.5,184.25
Banjara Hills,1209,2,3.0,3.0,189.44
Uppal,1992,3,3.0,0.1,106.08
Banjara Hills,3709,4,4.0,3.0,560.41
Manikonda,813,1,1.0,4.0,59.93
Kukatpally,3094,4,4.0,0.5,220.78
Kondapur,1148,2,3.0,2.0,99.67
Kondapur,2994,4,5.0,2.0,252.37
Uppal,1085,2,2.0,0.1,61.82
Kondapur,3287,4,4.0,2.0,294.93
Kondapur,3004,4,4.0,2.0,261.06
Madhapur,1604,2,3.0,1.0,165.69
Gachibowli,3630,4,5.0,1.5,324.84
Madhapur,1639,2,2.0,1.0,171.8
Uppal,1978,3,4.0,0.1,110.41
Ameerpet,3826,4,4.0,0.0,297.07
Miyapur,1686,2,2.0,0.2,114.34
Kondapur,3829,4,4.0,2.0,311.95
Manikonda,2067,3,3.0,4.0,141.67
Gachibowli,874,1,1.0,1.5,84.49
Kukatpally,956,1,1.0,0.5,77.16
Madhapur,879,1,1.0,1.0,97.57
Miyapur,1730,2,2.0,0.2,112.57
Gachibowli,2898,4,5.0,1.5,267.15
Uppal,2196,3,3.0,0.1,111.25
Miyapur,3175,4,4.0,0.2,185.71
Miyapur,2434,3,4.0,0.2,167.73
Uppal,1600,2,2.0,0.1,90.28
Kondapur,3252,4,4.0,2.0,284.99
Kondapur,2501,3,3.0,2.0,209.17
Kondapur,1223,2,3.0,2.0,107.23
Miyapur,3342,4,4.0,0.2,210.18
Manikonda,2172,3,4.0,4.0,131.43
Banjara Hills,3204,4,4.0,3.0,491.39
Miyapur,3899,4,5.0,0.2,248.26
Kondapur,1851,3,4.0,2.0,152.87
Miyapur,1203,2,2.0,0.2,77.38
Miyapur,2635,3,4.0,0.2,159.94
Jubilee Hills,2728,3,3.0,2.5,498.45
Manikonda,1476,2,2.0,4.0,85.63
Jubilee Hills,1597,2,3.0,2.5,278.44
Ameerpet,1601,2,2.0,0.0,125.59
Uppal,2753,3,3.0,0.1,131.78
Kondapur,1222,2,2.0,2.0,107.86
Miyapur,3460,4,5.0,0.2,205.56
Banjara Hills,2493,3,3.0,3.0,374.43
Kukatpally,2735,3,3.0,0.5,210.81
Madhapur,2464,3,4.0,1.0,253.05
Banjara Hills,1196,2,2.0,3.0,180.16
Madhapur,2554,3,3.0,1.0,259.02
Kondapur,3081,4,4.0,2.0,229.75
Miyapur,1280,2,3.0,0.2,82.31
Kukatpally,3815,4,4.0,0.5,280.17
Manikonda,2824,4,4.0,4.0,178.57
Ameerpet,989,1,2.0,0.0,83.84
Ameerpet,949,1,1.0,0.0,86.32
Miyapur,1989,3,4.0,0.2,136.96
Gachibowli,1144,2,3.0,1.5,107.05
Kondapur,1359,2,2.0,2.0,126.05
Uppal,3402,4,4.0,0.1,162.95
Madhapur,843,1,1.0,1.0,82.06
Miyapur,1848,3,3.0,0.2,113.27
Banjara Hills,3647,4,5.0,3.0,613.98
Manikonda,3090,4,4.0,4.0,189.24
Jubilee Hills,3235,4,4.0,2.5,592.06
Banjara Hills,2290,3,3.0,3.0,326.26
Jubilee Hills,3904,4,5.0,2.5,725.69
Kondapur,3235,4,4.0,2.0,258.64
Manikonda,2489,3,3.0,4.0,165.8
Madhapur,1123,2,3.0,1.0,114.42
Jubilee Hills,2659,3,3.0,2.5,467.55
Kukatpally,1375,2,2.0,0.5,102.08
Banjara Hills,3817,4,4.0,3.0,606.22
Uppal,3178,4,5.0,0.1,168.09
Kondapur,2618,3,3.0,2.0,225.47
Banjara Hills,3322,4,5.0,3.0,529.48
Madhapur,1621,2,2.0,1.0,166.39
Madhapur,2711,3,3.0,1.0,265.73
Madhapur,1183,2,2.0,1.0,130.39
Kondapur,3496,4,4.0,2.0,281.48
Jubilee Hills,2869,4,5.0,2.5,542.65
Miyapur,3260,4,4.0,0.2,185.95
Uppal,3348,4,4.0,0.1,159.29
Madhapur,3695,4,4.0,1.0,342.12
Kondapur,2188,3,3.0,2.0,172.06
Miyapur,1581,2,2.0,0.2,105.05
Kukatpally,2362,3,3.0,0.5,158.83
Uppal,3324,4,4.0,0.1,160.06
Jubilee Hills,1753,2,2.0,2.5,344.05
Uppal,2438,3,4.0,0.1,126.9
Banjara Hills,3633,4,5.0,3.0,556.32
Miyapur,3803,4,4.0,0.2,236.2
Jubilee Hills,1036,2,2.0,2.5,211.18
Gachibowli,2400,3,4.0,1.5,225.81
Ameerpet,2147,3,3.0,0.0,152.23
Kukatpally,3481,4,5.0,0.5,248.48
Uppal,1513,2,2.0,0.1,89.02
Uppal,928,1,2.0,0.1,66.97
Manikonda,1705,2,3.0,4.0,118.78
Jubilee Hills,1436,2,2.0,2.5,267.61
Miyapur,2129,3,3.0,0.2,142.11
Ameerpet,1999,3,4.0,0.0,139.27
Manikonda,1865,3,3.0,4.0,113.19
Madhapur,2887,4,4.0,1.0,294.76
Kondapur,3201,4,5.0,2.0,264.35
Kondapur,2339,3,4.0,2.0,221.59
Miyapur,3812,4,4.0,0.2,208.72
Ameerpet,3607,4,4.0,0.0,275.02
Kondapur,808,1,2.0,2.0,72.91
Ameerpet,1791,2,3.0,0.0,135.76
Kukatpally,3049,4,5.0,0.5,215.26
Miyapur,1137,2,2.0,0.2,72.5
Manikonda,1799,2,3.0,4.0,119.01
Uppal,965,1,2.0,0.1,62.57
Kukatpally,1746,2,2.0,0.5,126.59
Kondapur,1194,2,3.0,2.0,113.56
Madhapur,2148,3,4.0,1.0,230.32
Ameerpet,2087,3,3.0,0.0,166.4
Manikonda,3523,4,5.0,4.0,218.09
Banjara Hills,3057,4,4.0,3.0,456.57
Madhapur,3228,4,4.0,1.0,295.9
Kondapur,3420,4,4.0,2.0,287.4
Uppal,3604,4,4.0,0.1,173.74
Gachibowli,1036,2,3.0,1.5,101.58
Gachibowli,822,1,1.0,1.5,73.12
Banjara Hills,1496,2,3.0,3.0,250.24
Kondapur,2447,3,4.0,2.0,212.76
Jubilee Hills,972,1,1.0,2.5,203.66
Uppal,1694,2,2.0,0.1,89.63
Jubilee Hills,1261,2,3.0,2.5,237.36
Gachibowli,3682,4,4.0,1.5,352.13
Manikonda,1592,2,2.0,4.0,97.41
Manikonda,1012,2,3.0,4.0,63.31
Kukatpally,3227,4,4.0,0.5,224.69
Gachibowli,3136,4,5.0,1.5,248.36
Uppal,978,1,1.0,0.1,64.04
Madhapur,1815,3,4.0,1.0,183.8
Uppal,1295,2,2.0,0.1,68.42
Ameerpet,848,1,1.0,0.0,80.43
Banjara Hills,2330,3,3.0,3.0,356.92
Jubilee Hills,3321,4,5.0,2.5,597.44
Kukatpally,2389,3,3.0,0.5,167.69
Ameerpet,3686,4,4.0,0.0,274.97
Gachibowli,1510,2,2.0,1.5,141.78
Jubilee Hills,3349,4,4.0,2.5,588.63
Kondapur,1969,3,3.0,2.0,160.21
Madhapur,3448,4,5.0,1.0,332.47
Jubilee Hills,2400,3,4.0,2.5,444.37
Kukatpally,2510,3,3.0,0.5,171.25
Manikonda,3254,4,4.0,4.0,185.32
Jubilee Hills,3064,4,4.0,2.5,578.97
Banjara Hills,3138,4,4.0,3.0,498.0
Kondapur,2861,4,4.0,2.0,244.04
Kondapur,3627,4,5.0,2.0,299.55
Banjara Hills,3276,4,5.0,3.0,481.59
Manikonda,1096,2,2.0,4.0,74.78
Ameerpet,1790,2,2.0,0.0,160.51
Banjara Hills,1632,2,2.0,3.0,243.97
Kukatpally,3402,4,4.0,0.5,230.9
Kukatpally,3863,4,4.0,0.5,249.79
Gachibowli,1572,2,2.0,1.5,161.65
Jubilee Hills,1817,3,3.0,2.5,360.51
Kondapur,1801,3,4.0,2.0,175.47
Manikonda,926,1,1.0,4.0,60.33
Manikonda,916,1,1.0,4.0,60.51
Gachibowli,2203,3,4.0,1.5,191.06
Uppal,2403,3,3.0,0.1,117.47
Uppal,3828,4,4.0,0.1,182.92
Manikonda,2552,3,3.0,4.0,149.58
Kondapur,1267,2,2.0,2.0,102.44
Uppal,1626,2,2.0,0.1,90.65
Kondapur,1794,2,3.0,2.0,172.13
Kondapur,840,1,1.0,2.0,87.55
Uppal,3175,4,5.0,0.1,169.81
Kukatpally,3659,4,4.0,0.5,237.23
Uppal,1918,3,4.0,0.1,99.16
Kondapur,2397,3,3.0,2.0,200.5
Kukatpally,2472,3,3.0,0.5,170.32
Ameerpet,2498,3,3.0,0.0,194.74
Kukatpally,1526,2,2.0,0.5,106.55
Uppal,3307,4,4.0,0.1,177.64
Kukatpally,3705,4,4.0,0.5,246.77
Miyapur,1162,2,2.0,0.2,85.77
Ameerpet,3198,4,4.0,0.0,247.71
Ameerpet,2930,4,4.0,0.0,238.9
Jubilee Hills,2487,3,4.0,2.5,464.94
Madhapur,3664,4,4.0,1.0,384.42
Uppal,855,1,1.0,0.1,55.96
Kukatpally,3058,4,5.0,0.5,228.87
Miyapur,3225,4,4.0,0.2,192.79
Manikonda,2356,3,3.0,4.0,150.93
Kukatpally,975,1,2.0,0.5,82.52
Gachibowli,2161,3,3.0,1.5,209.27
Jubilee Hills,3576,4,4.0,2.5,711.13
Madhapur,3715,4,4.0,1.0,372.78
Ameerpet,2277,3,4.0,0.0,176.47
Kondapur,3219,4,5.0,2.0,284.2
Madhapur,2400,3,3.0,1.0,251.11
Manikonda,1500,2,2.0,4.0,88.43
Kondapur,2863,4,5.0,2.0,239.01
Manikonda,2823,4,4.0,4.0,183.5
Banjara Hills,2706,3,4.0,3.0,405.23
Miyapur,3141,4,5.0,0.2,174.91
Gachibowli,834,1,1.0,1.5,91.02
Uppal,2798,3,3.0,0.1,128.22
Madhapur,2935,4,4.0,1.0,286.46
Kukatpally,3690,4,4.0,0.5,266.82
Kukatpally,3754,4,4.0,0.5,269.08
Ameerpet,1339,2,2.0,0.0,114.51
Miyapur,1691,2,2.0,0.2,113.48
Manikonda,1722,2,2.0,4.0,113.91
Uppal,1937,3,3.0,0.1,98.21
Manikonda,3342,4,4.0,4.0,218.55
Jubilee Hills,1774,2,2.0,2.5,332.99
Banjara Hills,1824,3,3.0,3.0,286.56
Gachibowli,1400,2,2.0,1.5,137.11
Kondapur,3782,4,5.0,2.0,319.8
Uppal,1853,3,3.0,0.1,89.22
Kukatpally,2146,3,3.0,0.5,169.34
Banjara Hills,3188,4,4.0,3.0,497.74
Gachibowli,3587,4,5.0,1.5,345.97
Uppal,3013,4,4.0,0.1,151.75
Kukatpally,877,1,1.0,0.5,64.64
Ameerpet,3520,4,5.0,0.0,247.16
Jubilee Hills,3008,4,4.0,2.5,547.21
Madhapur,2373,3,3.0,1.0,257.77
Miyapur,3820,4,4.0,0.2,223.61
Banjara Hills,2512,3,3.0,3.0,383.87
Banjara Hills,2080,3,3.0,3.0,317.82
Banjara Hills,1607,2,2.0,3.0,261.66
Kondapur,1532,2,2.0,2.0,138.39
Ameerpet,3890,4,4.0,0.0,301.77
Banjara Hills,890,1,1.0,3.0,144.13
Madhapur,859,1,1.0,1.0,87.98
Manikonda,2738,3,4.0,4.0,179.83
Manikonda,1359,2,2.0,4.0,89.01
Uppal,2453,3,3.0,0.1,123.01
Jubilee Hills,2433,3,3.0,2.5,465.61
Banjara Hills,3384,4,5.0,3.0,501.5
Ameerpet,943,1,1.0,0.0,83.27
Madhapur,3857,4,5.0,1.0,370.25
Kondapur,2276,3,3.0,2.0,191.87
Manikonda,2283,3,3.0,4.0,156.86
Kukatpally,3046,4,4.0,0.5,190.85
Gachibowli,1726,2,3.0,1.5,179.69
Banjara Hills,2862,4,5.0,3.0,417.46
Madhapur,1542,2,2.0,1.0,159.91
Manikonda,1698,2,2.0,4.0,114.64
Ameerpet,2602,3,4.0,0.0,207.19
Madhapur,3370,4,5.0,1.0,329.47
Gachibowli,3193,4,5.0,1.5,299.14
Madhapur,2827,4,4.0,1.0,271.44
Banjara Hills,2395,3,3.0,3.0,386.97
Uppal,3325,4,4.0,0.1,178.47
Ameerpet,3600,4,4.0,0.0,247.91
Manikonda,3940,4,4.0,4.0,249.16
Miyapur,1502,2,3.0,0.2,90.07
Jubilee Hills,3297,4,5.0,2.5,628.64
Jubilee Hills,1752,2,2.0,2.5,351.46
Miyapur,2435,3,3.0,0.2,152.88
Jubilee Hills,869,1,1.0,2.5,169.28
Madhapur,2280,3,3.0,1.0,247.4
Madhapur,1148,2,3.0,1.0,111.36
Madhapur,2401,3,4.0,1.0,249.16
Miyapur,3589,4,5.0,0.2,214.8
Ameerpet,2622,3,3.0,0.0,206.82
Banjara Hills,1511,2,2.0,3.0,242.83
Madhapur,1392,2,2.0,1.0,139.59
Miyapur,3285,4,4.0,0.2,189.7
Banjara Hills,1791,2,2.0,3.0,280.27
Kukatpally,2186,3,3.0,0.5,158.75
Banjara Hills,2669,3,4.0,3.0,435.12
Manikonda,2285,3,3.0,4.0,149.55
Manikonda,1364,2,2.0,4.0,87.38
Banjara Hills,2530,3,3.0,3.0,410.59
Kukatpally,2169,3,4.0,0.5,165.01
Ameerpet,2118,3,4.0,0.0,155.35
Gachibowli,2832,4,4.0,1.5,247.33
Madhapur,1574,2,3.0,1.0,187.21
Gachibowli,3902,4,4.0,1.5,364.4
Kondapur,2384,3,3.0,2.0,205.03
Miyapur,960,1,1.0,0.2,63.35
Kukatpally,2622,3,4.0,0.5,173.51
Jubilee Hills,1959,3,3.0,2.5,364.97
Miyapur,1054,2,2.0,0.2,68.38
Miyapur,3253,4,4.0,0.2,181.19
Ameerpet,1990,3,3.0,0.0,153.74
Kondapur,1757,2,2.0,2.0,155.42
Kukatpally,1016,2,2.0,0.5,85.19
Kondapur,2059,3,3.0,2.0,177.22
Kukatpally,1972,3,3.0,0.5,142.91
Gachibowli,1355,2,2.0,1.5,143.55
Banjara Hills,3221,4,4.0,3.0,506.5
Uppal,3656,4,4.0,0.1,163.9
Manikonda,912,1,1.0,4.0,56.42
Miyapur,1817,3,3.0,0.2,123.54
Kukatpally,3698,4,4.0,0.5,256.69
Banjara Hills,3266,4,4.0,3.0,498.11
Manikonda,963,1,1.0,4.0,56.58
Madhapur,2172,3,3.0,1.0,236.5
Kondapur,2824,4,4.0,2.0,218.09
Gachibowli,2262,3,4.0,1.5,197.18
Gachibowli,3027,4,4.0,1.5,267.69
Kukatpally,3892,4,4.0,0.5,281.52
Gachibowli,3480,4,4.0,1.5,344.17
Manikonda,2279,3,3.0,4.0,133.91
Banjara Hills,3833,4,4.0,3.0,577.82
Kondapur,2982,4,4.0,2.0,279.28
Uppal,1997,3,3.0,0.1,104.01
Banjara Hills,3492,4,4.0,3.0,559.88
Jubilee Hills,1561,2,3.0,2.5,306.83
Banjara Hills,1885,3,3.0,3.0,281.58
Kukatpally,1272,2,2.0,0.5,103.34
Ameerpet,2027,3,3.0,0.0,150.8
Uppal,1464,2,2.0,0.1,87.1
Madhapur,1970,3,4.0,1.0,221.71
Jubilee Hills,1328,2,2.0,2.5,254.62
Madhapur,988,1,2.0,1.0,112.25
Kondapur,880,1,2.0,2.0,88.58
Miyapur,2739,3,4.0,0.2,165.21
Madhapur,2496,3,3.0,1.0,219.84
Gachibowli,1873,3,4.0,1.5,174.43
Ameerpet,1962,3,3.0,0.0,155.91
Madhapur,2055,3,3.0,1.0,190.32
Uppal,1550,2,2.0,0.1,82.35
Banjara Hills,3210,4,4.0,3.0,503.01
Banjara Hills,2473,3,3.0,3.0,384.85
Uppal,3203,4,4.0,0.1,160.33
Banjara Hills,1044,2,3.0,3.0,157.25
Jubilee Hills,1849,3,4.0,2.5,367.94
Ameerpet,3062,4,5.0,0.0,207.12
Madhapur,1668,2,3.0,1.0,182.65
Uppal,2110,3,3.0,0.1,114.44
Madhapur,1404,2,2.0,1.0,150.79
Ameerpet,2784,3,3.0,0.0,208.77
Banjara Hills,3098,4,4.0,3.0,492.2
Kukatpally,3568,4,4.0,0.5,250.57
Kondapur,3964,4,4.0,2.0,346.32
Manikonda,1043,2,3.0,4.0,78.13
Manikonda,1877,3,4.0,4.0,113.57
Uppal,3647,4,4.0,0.1,182.74
Kondapur,2298,3,3.0,2.0,179.78
Kukatpally,3345,4,4.0,0.5,239.86
Kukatpally,3697,4,4.0,0.5,236.25
Manikonda,2015,3,4.0,4.0,111.42
Kondapur,1090,2,2.0,2.0,95.55
Kondapur,2604,3,4.0,2.0,215.43
Manikonda,3051,4,4.0,4.0,193.72
Gachibowli,1460,2,2.0,1.5,130.85
Manikonda,2756,3,4.0,4.0,193.69
Kondapur,2938,4,4.0,2.0,234.81
Madhapur,2257,3,3.0,1.0,235.01
Manikonda,3211,4,4.0,4.0,192.54
Kondapur,3462,4,5.0,2.0,260.94
Kondapur,1941,3,4.0,2.0,170.32
Uppal,1093,2,2.0,0.1,70.18
Kondapur,2682,3,4.0,2.0,230.5
Kondapur,807,1,1.0,2.0,70.22
Jubilee Hills,2907,4,4.0,2.5,553.52
Gachibowli,3481,4,4.0,1.5,271.73
Ameerpet,2702,3,3.0,0.0,193.85
Manikonda,3307,4,4.0,4.0,201.5
Madhapur,3812,4,4.0,1.0,387.97
Manikonda,1664,2,3.0,4.0,101.47
Ameerpet,1659,2,3.0,0.0,120.97
Miyapur,3994,4,5.0,0.2,232.47
Uppal,3751,4,5.0,0.1,180.24
Gachibowli,882,1,1.0,1.5,92.58
Ameerpet,2308,3,3.0,0.0,179.96
Ameerpet,1057,2,2.0,0.0,91.06
Madhapur,1668,2,2.0,1.0,198.21
Jubilee Hills,1130,2,3.0,2.5,222.72
Miyapur,2465,3,3.0,0.2,142.26
Jubilee Hills,1602,2,2.0,2.5,330.86
Gachibowli,3836,4,4.0,1.5,353.57
Madhapur,2253,3,4.0,1.0,220.86
Miyapur,3582,4,4.0,0.2,208.32
Miyapur,3616,4,5.0,0.2,228.72
Miyapur,3736,4,5.0,0.2,218.69
Manikonda,1544,2,3.0,4.0,105.56
Miyapur,1150,2,2.0,0.2,79.52
Uppal,3181,4,5.0,0.1,173.59
Manikonda,3046,4,4.0,4.0,186.19
Manikonda,1024,2,3.0,4.0,63.75
Ameerpet,1240,2,2.0,0.0,97.79
Gachibowli,875,1,1.0,1.5,87.52
Madhapur,2722,3,3.0,1.0,273.93
Miyapur,1738,2,2.0,0.2,115.4
Uppal,3316,4,4.0,0.1,156.41
Banjara Hills,3887,4,5.0,3.0,583.76
Gachibowli,2924,4,4.0,1.5,266.73
Uppal,2679,3,3.0,0.1,148.63
Uppal,960,1,1.0,0.1,64.8
Banjara Hills,1886,3,3.0,3.0,291.63
Kukatpally,3956,4,5.0,0.5,274.84
Miyapur,3091,4,4.0,0.2,185.53
Uppal,3065,4,4.0,0.1,168.39
Kukatpally,3317,4,5.0,0.5,225.28
Miyapur,1716,2,2.0,0.2,113.78
Uppal,2461,3,4.0,0.1,121.46
Kondapur,3594,4,4.0,2.0,315.37
Ameerpet,3502,4,4.0,0.0,261.96
Uppal,2568,3,3.0,0.1,130.44
Kondapur,1051,2,3.0,2.0,98.39
Kukatpally,2338,3,4.0,0.5,154.72
Banjara Hills,2956,4,4.0,3.0,448.82
Uppal,3509,4,5.0,0.1,167.17
Kukatpally,3580,4,5.0,0.5,243.75
Madhapur,3110,4,4.0,1.0,317.05
Ameerpet,1419,2,3.0,0.0,120.12
Jubilee Hills,1621,2,2.0,2.5,332.05
Ameerpet,1251,2,2.0,0.0,107.17
Miyapur,3603,4,5.0,0.2,227.61
Kukatpally,1734,2,2.0,0.5,131.35
Gachibowli,810,1,1.0,1.5,77.13
Kukatpally,1145,2,2.0,0.5,90.64
Manikonda,2444,3,3.0,4.0,148.08
Gachibowli,2254,3,4.0,1.5,193.38
Kukatpally,1224,2,3.0,0.5,96.35
Kukatpally,2593,3,3.0,0.5,198.2
Madhapur,1584,2,2.0,1.0,170.95
Gachibowli,2177,3,3.0,1.5,194.35
Kukatpally,1568,2,3.0,0.5,118.1
Manikonda,2677,3,4.0,4.0,171.64
Manikonda,2298,3,3.0,4.0,143.7
Jubilee Hills,1321,2,2.0,2.5,259.56
Ameerpet,3993,4,5.0,0.0,280.83
Kukatpally,2648,3,4.0,0.5,177.0
Gachibowli,2410,3,3.0,1.5,222.68
Uppal,3110,4,4.0,0.1,155.69
Gachibowli,2973,4,5.0,1.5,274.19
Kondapur,2847,4,5.0,2.0,235.43
Miyapur,3003,4,5.0,0.2,187.81
Madhapur,3455,4,4.0,1.0,342.78
Madhapur,1454,2,3.0,1.0,139.23
Miyapur,1148,2,3.0,0.2,80.96
Uppal,3067,4,4.0,0.1,167.32
Ameerpet,3935,4,4.0,0.0,291.78
Kondapur,3476,4,4.0,2.0,284.3
Kukatpally,1187,2,3.0,0.5,84.71
Jubilee Hills,2494,3,3.0,2.5,463.96
Manikonda,2682,3,3.0,4.0,162.12
Ameerpet,2943,4,4.0,0.0,226.46
Ameerpet,2343,3,3.0,0.0,182.42
Banjara Hills,2541,3,4.0,3.0,385.46
Miyapur,2130,3,3.0,0.2,147.13
Gachibowli,3319,4,5.0,1.5,295.26
Uppal,2918,4,5.0,0.1,137.73
Gachibowli,864,1,1.0,1.5,95.46
Gachibowli,2979,4,5.0,1.5,253.66
Madhapur,1679,2,3.0,1.0,174.73
Kukatpally,926,1,2.0,0.5,71.36
Ameerpet,1948,3,3.0,0.0,161.64
Miyapur,2857,4,5.0,0.2,169.86
Kondapur,2984,4,5.0,2.0,243.04
Kondapur,2231,3,4.0,2.0,187.94
Gachibowli,3771,4,4.0,1.5,329.42
Manikonda,976,1,1.0,4.0,75.01
Madhapur,2277,3,4.0,1.0,233.71
Gachibowli,1733,2,2.0,1.5,140.84
Ameerpet,2960,4,4.0,0.0,222.84
Kukatpally,3914,4,5.0,0.5,258.65
Madhapur,1080,2,2.0,1.0,123.41
Banjara Hills,3845,4,5.0,3.0,602.17
Kukatpally,2941,4,4.0,0.5,191.34
Banjara Hills,2548,3,3.0,3.0,389.5
Banjara Hills,2200,3,3.0,3.0,336.11
Madhapur,3126,4,4.0,1.0,326.54
Uppal,3185,4,4.0,0.1,162.44
Jubilee Hills,2977,4,5.0,2.5,471.76
Miyapur,2592,3,3.0,0.2,151.64
Ameerpet,2935,4,5.0,0.0,222.98
Banjara Hills,1144,2,2.0,3.0,180.06
Uppal,1004,2,3.0,0.1,56.05
Banjara Hills,1273,2,2.0,3.0,200.05
Jubilee Hills,2286,3,3.0,2.5,415.04
Madhapur,2215,3,4.0,1.0,225.45
Madhapur,1383,2,2.0,1.0,161.06
Jubilee Hills,2531,3,3.0,2.5,514.71
Kukatpally,2780,3,3.0,0.5,192.98
Kondapur,2151,3,3.0,2.0,183.38
Madhapur,1821,3,3.0,1.0,187.16
Ameerpet,3082,4,4.0,0.0,229.91
Ameerpet,2037,3,3.0,0.0,165.1
Madhapur,2134,3,4.0,1.0,197.5
Ameerpet,1396,2,2.0,0.0,110.93
Ameerpet,1576,2,2.0,0.0,142.26
Kondapur,3463,4,4.0,2.0,287.7
Ameerpet,800,1,1.0,0.0,73.29
Manikonda,2867,4,4.0,4.0,171.48
Madhapur,3756,4,4.0,1.0,360.64
Kukatpally,3344,4,4.0,0.5,204.32
Banjara Hills,3932,4,4.0,3.0,595.5
Uppal,3671,4,4.0,0.1,189.19
Banjara Hills,3190,4,5.0,3.0,500.44
Gachibowli,1918,3,3.0,1.5,170.64
Kondapur,1740,2,2.0,2.0,150.35
Gachibowli,3598,4,4.0,1.5,319.42
Banjara Hills,3723,4,4.0,3.0,548.61
Manikonda,1723,2,3.0,4.0,108.14
Banjara Hills,1949,3,4.0,3.0,304.55
Banjara Hills,2147,3,3.0,3.0,335.88
Jubilee Hills,2560,3,3.0,2.5,481.05
Banjara Hills,2763,3,3.0,3.0,443.8
Ameerpet,3098,4,5.0,0.0,228.8
Ameerpet,1866,3,3.0,0.0,145.02
Miyapur,3119,4,4.0,0.2,190.55
Manikonda,3714,4,5.0,4.0,208.23
Uppal,2128,3,3.0,0.1,117.79
Madhapur,2524,3,3.0,1.0,263.97
Banjara Hills,1682,2,3.0,3.0,238.61
Banjara Hills,2865,4,4.0,3.0,429.52
Miyapur,2675,3,3.0,0.2,160.12
Gachibowli,3504,4,4.0,1.5,307.24
Gachibowli,970,1,1.0,1.5,87.92
Banjara Hills,2136,3,3.0,3.0,318.91
Miyapur,2536,3,4.0,0.2,167.66
Madhapur,1252,2,2.0,1.0,122.84
Kondapur,3665,4,4.0,2.0,309.09
Kukatpally,874,1,2.0,0.5,65.96
Uppal,1243,2,2.0,0.1,74.93
Uppal,3043,4,4.0,0.1,137.35
Kukatpally,2671,3,4.0,0.5,191.15
Madhapur,953,1,1.0,1.0,94.74
Kukatpally,1333,2,2.0,0.5,104.15
Banjara Hills,1341,2,3.0,3.0,231.91
Kukatpally,1466,2,2.0,0.5,115.7
Manikonda,2334,3,3.0,4.0,144.72
Kukatpally,1899,3,3.0,0.5,134.85
Manikonda,2642,3,3.0,4.0,165.74
Ameerpet,1394,2,2.0,0.0,108.01
Uppal,3662,4,5.0,0.1,167.57
Uppal,2474,3,4.0,0.1,126.6
Jubilee Hills,1413,2,2.0,2.5,248.93
Kukatpally,3742,4,4.0,0.5,250.56
Ameerpet,1870,3,4.0,0.0,138.52
Ameerpet,2181,3,4.0,0.0,158.97
Jubilee Hills,3250,4,4.0,2.5,566.9
Kondapur,1398,2,2.0,2.0,131.32
Banjara Hills,1131,2,2.0,3.0,184.49
Uppal,1064,2,2.0,0.1,65.57
Banjara Hills,1722,2,2.0,3.0,252.96
Ameerpet,3216,4,5.0,0.0,241.29
Jubilee Hills,1507,2,2.0,2.5,288.74
Jubilee Hills,2476,3,3.0,2.5,511.37
Uppal,2643,3,4.0,0.1,135.03
Ameerpet,3816,4,5.0,0.0,296.21
Kukatpally,3070,4,4.0,0.5,213.82
Kondapur,3474,4,5.0,2.0,286.61
Gachibowli,1334,2,2.0,1.5,118.84
Uppal,3973,4,4.0,0.1,208.41
Manikonda,2874,4,5.0,4.0,187.11
Uppal,1251,2,2.0,0.1,76.47
Jubilee Hills,2167,3,3.0,2.5,391.91
Ameerpet,2764,3,3.0,0.0,209.26
Uppal,3665,4,5.0,0.1,164.54
Miyapur,3010,4,4.0,0.2,175.76
Ameerpet,1460,2,2.0,0.0,115.42
Miyapur,3329,4,5.0,0.2,197.62
Uppal,1186,2,2.0,0.1,69.59
Gachibowli,2984,4,5.0,1.5,259.34
Jubilee Hills,1517,2,3.0,2.5,291.0
Ameerpet,2141,3,4.0,0.0,159.48
Kukatpally,1850,3,3.0,0.5,141.94
Jubilee Hills,2070,3,3.0,2.5,373.65
Banjara Hills,3448,4,4.0,3.0,575.94
Ameerpet,807,1,1.0,0.0,78.03
Kondapur,2578,3,4.0,2.0,214.88
Miyapur,932,1,1.0,0.2,63.36
Uppal,1572,2,3.0,0.1,93.17
Kukatpally,819,1,1.0,0.5,63.22
Banjara Hills,2098,3,4.0,3.0,315.85
Banjara Hills,3450,4,4.0,3.0,537.83
Uppal,2258,3,4.0,0.1,115.12
Kondapur,2792,3,3.0,2.0,227.04
Ameerpet,3245,4,4.0,0.0,244.19
Madhapur,2849,4,4.0,1.0,253.5
Miyapur,1912,3,3.0,0.2,116.45
Kukatpally,3278,4,4.0,0.5,234.4
Gachibowli,1833,3,3.0,1.5,166.77
Ameerpet,1975,3,3.0,0.0,145.77
Uppal,2294,3,4.0,0.1,118.2
Gachibowli,1845,3,4.0,1.5,162.22
Kukatpally,818,1,1.0,0.5,67.61
Ameerpet,2611,3,3.0,0.0,201.67
Gachibowli,3339,4,4.0,1.5,312.73
Banjara Hills,3223,4,4.0,3.0,461.31
Miyapur,2923,4,5.0,0.2,181.4
Jubilee Hills,1612,2,3.0,2.5,313.51
Jubilee Hills,2517,3,4.0,2.5,431.85
Uppal,3060,4,4.0,0.1,162.92
Jubilee Hills,1193,2,2.0,2.5,234.92
Madhapur,3749,4,5.0,1.0,394.22
Gachibowli,3790,4,4.0,1.5,335.66
Kukatpally,1434,2,2.0,0.5,114.25
Ameerpet,2645,3,3.0,0.0,192.34
Miyapur,1163,2,2.0,0.2,73.9
Uppal,2379,3,4.0,0.1,115.52
Miyapur,3413,4,4.0,0.2,201.55
Kondapur,2917,4,5.0,2.0,230.22
Ameerpet,3948,4,4.0,0.0,293.83
Uppal,1094,2,2.0,0.1,67.85
Ameerpet,2531,3,3.0,0.0,181.22
Banjara Hills,851,1,1.0,3.0,139.23
Banjara Hills,3036,4,5.0,3.0,468.76
Manikonda,2725,3,3.0,4.0,160.25
Ameerpet,2019,3,3.0,0.0,139.74
Kukatpally,2068,3,3.0,0.5,156.6
Manikonda,2483,3,3.0,4.0,170.68
Jubilee Hills,2719,3,3.0,2.5,497.48
Ameerpet,3942,4,4.0,0.0,291.86
Banjara Hills,1772,2,3.0,3.0,293.11
Jubilee Hills,3857,4,4.0,2.5,736.25
Miyapur,3525,4,4.0,0.2,198.29
Miyapur,3756,4,5.0,0.2,228.51
Gachibowli,2869,4,4.0,1.5,256.83
Kondapur,3314,4,5.0,2.0,287.23
Kondapur,1813,3,3.0,2.0,149.48
Banjara Hills,1042,2,2.0,3.0,170.82
Jubilee Hills,2800,4,5.0,2.5,527.3
Banjara Hills,3934,4,5.0,3.0,591.57
Uppal,2541,3,4.0,0.1,125.76
Ameerpet,3151,4,4.0,0.0,242.37
Banjara Hills,3096,4,4.0,3.0,481.78
Jubilee Hills,1903,3,3.0,2.5,375.17
Jubilee Hills,928,1,1.0,2.5,187.32
Banjara Hills,1707,2,2.0,3.0,260.27
Kondapur,2286,3,3.0,2.0,201.32
Madhapur,3840,4,4.0,1.0,403.87
Kukatpally,3485,4,4.0,0.5,261.35
Ameerpet,2326,3,4.0,0.0,176.63
Kukatpally,808,1,1.0,0.5,63.27
Uppal,2262,3,3.0,0.1,119.49
Gachibowli,2970,4,4.0,1.5,263.04
Miyapur,1281,2,2.0,0.2,95.22
Banjara Hills,1878,3,4.0,3.0,292.4
Kukatpally,2374,3,3.0,0.5,181.42
Jubilee Hills,1667,2,3.0,2.5,306.42
Jubilee Hills,903,1,2.0,2.5,184.48
Jubilee Hills,2237,3,3.0,2.5,389.42
Gachibowli,2591,3,4.0,1.5,223.59
Banjara Hills,1176,2,2.0,3.0,202.98
Kondapur,1589,2,3.0,2.0,126.02
Banjara Hills,3809,4,5.0,3.0,579.9
Miyapur,3596,4,4.0,0.2,206.4
Uppal,849,1,2.0,0.1,52.22
Miyapur,3646,4,4.0,0.2,218.37
Kukatpally,2871,4,4.0,0.5,190.78
Gachibowli,2388,3,3.0,1.5,194.79
Kondapur,1285,2,2.0,2.0,120.76
Kukatpally,3990,4,5.0,0.5,263.53
Kukatpally,3385,4,4.0,0.5,231.51
Gachibowli,1766,2,2.0,1.5,168.23
Jubilee Hills,1965,3,3.0,2.5,395.63
Miyapur,1491,2,3.0,0.2,106.11
Miyapur,2855,4,4.0,0.2,160.88
Kukatpally,2647,3,3.0,0.5,198.39
Uppal,3447,4,4.0,0.1,169.03
Jubilee Hills,2876,4,4.0,2.5,578.63
Miyapur,3359,4,4.0,0.2,194.4
Kondapur,2206,3,3.0,2.0,192.87
Manikonda,3364,4,4.0,4.0,206.62
Uppal,1011,2,2.0,0.1,57.46
Kukatpally,856,1,1.0,0.5,66.03
Jubilee Hills,3928,4,4.0,2.5,747.61
Jubilee Hills,2929,4,4.0,2.5,526.6
Kukatpally,3315,4,4.0,0.5,244.57
Madhapur,1274,2,2.0,1.0,127.7
Gachibowli,839,1,1.0,1.5,88.59
Manikonda,2033,3,3.0,4.0,130.15
Kondapur,3672,4,5.0,2.0,312.63
Ameerpet,2567,3,3.0,0.0,206.86
Kondapur,1825,3,3.0,2.0,154.05
Ameerpet,1515,2,2.0,0.0,120.8
Manikonda,1896,3,4.0,4.0,121.49
Jubilee Hills,2824,4,5.0,2.5,505.43
Madhapur,904,1,2.0,1.0,106.1
Kukatpally,3132,4,4.0,0.5,212.01
Miyapur,2446,3,3.0,0.2,165.68
Kondapur,1873,3,3.0,2.0,155.49
Uppal,3063,4,4.0,0.1,162.22
Gachibowli,926,1,1.0,1.5,95.55
Banjara Hills,3571,4,4.0,3.0,468.65
Madhapur,1849,3,3.0,1.0,168.26
Miyapur,3574,4,4.0,0.2,203.86
Uppal,1027,2,3.0,0.1,60.8
Gachibowli,1687,2,2.0,1.5,155.04
Kukatpally,2863,4,4.0,0.5,206.72
Gachibowli,2408,3,4.0,1.5,209.62
Jubilee Hills,2131,3,3.0,2.5,412.34
Manikonda,1211,2,2.0,4.0,73.73
Miyapur,2264,3,4.0,0.2,132.0
Kondapur,1930,3,3.0,2.0,177.37
Manikonda,3228,4,4.0,4.0,201.58
Kondapur,2701,3,4.0,2.0,256.4
Gachibowli,1619,2,2.0,1.5,157.4
Madhapur,2816,4,4.0,1.0,293.16
Madhapur,2046,3,3.0,1.0,228.19
Banjara Hills,1616,2,2.0,3.0,243.49
Jubilee Hills,3444,4,4.0,2.5,619.64
Kukatpally,1439,2,2.0,0.5,116.16
Madhapur,828,1,1.0,1.0,91.96
Kukatpally,2184,3,3.0,0.5,144.47
Uppal,2441,3,3.0,0.1,115.64
Manikonda,3353,4,4.0,4.0,214.11
Madhapur,3161,4,5.0,1.0,309.61
Kukatpally,2304,3,3.0,0.5,165.67
Miyapur,869,1,1.0,0.2,72.52
Miyapur,3166,4,4.0,0.2,179.14
Jubilee Hills,3545,4,4.0,2.5,642.96
Uppal,2056,3,4.0,0.1,103.22
Ameerpet,2859,4,4.0,0.0,206.7
Jubilee Hills,2178,3,3.0,2.5,404.87
Madhapur,928,1,1.0,1.0,93.79
Uppal,2533,3,3.0,0.1,124.46
Kondapur,909,1,1.0,2.0,79.4
Uppal,2812,4,5.0,0.1,135.65
Manikonda,1702,2,2.0,4.0,108.95
Kukatpally,2833,4,5.0,0.5,192.22
Ameerpet,2708,3,4.0,0.0,197.72
Miyapur,3425,4,5.0,0.2,195.16
Ameerpet,2528,3,4.0,0.0,189.73
Miyapur,3115,4,4.0,0.2,202.02
Miyapur,1519,2,2.0,0.2,105.56
Gachibowli,3889,4,4.0,1.5,344.59
Ameerpet,820,1,1.0,0.0,70.84
Ameerpet,2255,3,3.0,0.0,176.86
Kukatpally,2267,3,3.0,0.5,163.7
Miyapur,2807,4,5.0,0.2,171.44
Madhapur,1795,2,2.0,1.0,177.57
Kukatpally,2962,4,4.0,0.5,209.98
Banjara Hills,1394,2,2.0,3.0,198.01
Manikonda,1674,2,2.0,4.0,94.72
Manikonda,2291,3,3.0,4.0,148.66
Ameerpet,2263,3,4.0,0.0,180.39
Banjara Hills,2418,3,3.0,3.0,367.34
Jubilee Hills,2675,3,3.0,2.5,471.39
Jubilee Hills,2764,3,4.0,2.5,484.6
Uppal,2227,3,4.0,0.1,114.26
Kukatpally,2359,3,3.0,0.5,177.55
Jubilee Hills,1511,2,2.0,2.5,262.37
Gachibowli,1620,2,2.0,1.5,154.96
Manikonda,3466,4,4.0,4.0,216.1
Gachibowli,3294,4,4.0,1.5,289.24
Kukatpally,1464,2,2.0,0.5,106.57
Madhapur,2732,3,3.0,1.0,266.55
Miyapur,3697,4,4.0,0.2,209.98
Miyapur,2997,4,5.0,0.2,194.8
Uppal,2186,3,4.0,0.1,114.34
Jubilee Hills,3284,4,4.0,2.5,612.77
Uppal,2953,4,4.0,0.1,148.82
Jubilee Hills,1553,2,2.0,2.5,269.15
Uppal,2435,3,4.0,0.1,128.91
Kukatpally,2632,3,3.0,0.5,176.88
Kondapur,1955,3,4.0,2.0,177.78
Uppal,1370,2,2.0,0.1,82.35
Ameerpet,2229,3,3.0,0.0,163.3
Uppal,1770,2,2.0,0.1,97.24
Kukatpally,3787,4,4.0,0.5,243.22
Ameerpet,3661,4,4.0,0.0,271.35
Gachibowli,3565,4,4.0,1.5,338.53
Uppal,3486,4,4.0,0.1,185.91
Madhapur,2234,3,4.0,1.0,224.92
Gachibowli,3829,4,5.0,1.5,341.36
Miyapur,2347,3,3.0,0.2,156.88
Manikonda,963,1,2.0,4.0,72.56
Kondapur,2300,3,4.0,2.0,208.13
Kukatpally,3005,4,4.0,0.5,210.25
Banjara Hills,2226,3,3.0,3.0,344.88
Uppal,2057,3,3.0,0.1,109.5
Kondapur,1830,3,4.0,2.0,156.52
Ameerpet,1319,2,3.0,0.0,121.37
Uppal,2185,3,3.0,0.1,113.03
Gachibowli,1126,2,2.0,1.5,115.83
Ameerpet,1720,2,2.0,0.0,140.35
Banjara Hills,3399,4,5.0,3.0,559.3
Banjara Hills,2864,4,4.0,3.0,487.17
Uppal,3154,4,5.0,0.1,152.35
Miyapur,2901,4,5.0,0.2,191.53
Uppal,3680,4,4.0,0.1,183.62
Kondapur,2624,3,4.0,2.0,209.28
Madhapur,1867,3,4.0,1.0,201.64
Miyapur,3791,4,5.0,0.2,219.93
Madhapur,3346,4,5.0,1.0,355.33
Banjara Hills,3190,4,5.0,3.0,485.06
Madhapur,1887,3,3.0,1.0,190.5
Jubilee Hills,3010,4,4.0,2.5,570.22
Ameerpet,1960,3,3.0,0.0,156.71
Uppal,3052,4,4.0,0.1,150.69
Manikonda,839,1,1.0,4.0,58.27
Jubilee Hills,1010,2,2.0,2.5,193.66
Kukatpally,2587,3,3.0,0.5,184.43
Ameerpet,2830,4,4.0,0.0,230.67
Gachibowli,1344,2,3.0,1.5,123.44
Manikonda,3048,4,5.0,4.0,187.02
Kukatpally,2577,3,3.0,0.5,176.99
Manikonda,923,1,2.0,4.0,69.92
Uppal,1640,2,2.0,0.1,88.31
Miyapur,1293,2,3.0,0.2,92.44
Kukatpally,1791,2,2.0,0.5,130.87
Jubilee Hills,3208,4,4.0,2.5,612.48
Kukatpally,2382,3,3.0,0.5,167.09
Manikonda,3077,4,5.0,4.0,192.74
Uppal,1130,2,2.0,0.1,69.98
Banjara Hills,2425,3,3.0,3.0,361.24
Banjara Hills,3012,4,4.0,3.0,441.32
Kukatpally,3384,4,4.0,0.5,256.82
Manikonda,1464,2,3.0,4.0,106.56
Ameerpet,1131,2,3.0,0.0,97.29
Ameerpet,3122,4,4.0,0.0,236.79
Miyapur,1539,2,2.0,0.2,100.22
Kondapur,1678,2,2.0,2.0,140.26
Manikonda,2344,3,4.0,4.0,148.67
Ameerpet,2008,3,3.0,0.0,138.1
Gachibowli,2356,3,4.0,1.5,204.17
Jubilee Hills,1441,2,2.0,2.5,263.77
Gachibowli,2739,3,3.0,1.5,224.75
Madhapur,3064,4,4.0,1.0,318.63
Banjara Hills,2324,3,3.0,3.0,334.98
Banjara Hills,911,1,1.0,3.0,153.05
Kukatpally,1170,2,3.0,0.5,96.45
Ameerpet,2957,4,4.0,0.0,221.98
Uppal,2189,3,4.0,0.1,120.7
Miyapur,3140,4,4.0,0.2,191.69
Banjara Hills,3538,4,4.0,3.0,510.33
Kukatpally,2845,4,4.0,0.5,209.81
Uppal,1650,2,2.0,0.1,91.11
Jubilee Hills,2075,3,3.0,2.5,391.95
Manikonda,2631,3,4.0,4.0,162.33
Manikonda,2941,4,4.0,4.0,183.17
Jubilee Hills,2558,3,3.0,2.5,492.55
Ameerpet,1049,2,3.0,0.0,94.94
Miyapur,3501,4,4.0,0.2,210.27
Kondapur,2988,4,4.0,2.0,255.59
Miyapur,1973,3,3.0,0.2,132.24
Manikonda,1550,2,2.0,4.0,100.58
Banjara Hills,2819,4,5.0,3.0,453.9
Manikonda,903,1,2.0,4.0,67.24
Kondapur,885,1,2.0,2.0,74.8
Miyapur,1701,2,2.0,0.2,101.7
Kukatpally,2859,4,4.0,0.5,210.02
Kukatpally,3367,4,4.0,0.5,240.03
Gachibowli,1965,3,3.0,1.5,183.29
Gachibowli,2618,3,3.0,1.5,257.64
Ameerpet,3505,4,4.0,0.0,279.93
Kondapur,1149,2,3.0,2.0,108.78
Banjara Hills,3551,4,4.0,3.0,524.7
Kukatpally,1186,2,2.0,0.5,92.46
Kukatpally,1143,2,2.0,0.5,91.99
Manikonda,3049,4,4.0,4.0,199.29
Madhapur,1700,2,3.0,1.0,174.43
Ameerpet,1932,3,3.0,0.0,159.05
Madhapur,2080,3,4.0,1.0,218.34
Kukatpally,2867,4,5.0,0.5,212.51
Madhapur,3841,4,4.0,1.0,383.1
Kondapur,3344,4,4.0,2.0,272.83
Jubilee Hills,880,1,2.0,2.5,186.04
Kukatpally,3339,4,4.0,0.5,237.44
Miyapur,3269,4,5.0,0.2,192.47
Gachibowli,1648,2,2.0,1.5,169.61
Kondapur,3199,4,4.0,2.0,279.39
Manikonda,3612,4,4.0,4.0,222.59
Ameerpet,3173,4,4.0,0.0,236.93
Madhapur,1367,2,3.0,1.0,141.63
Manikonda,2119,3,3.0,4.0,135.15
Gachibowli,2364,3,3.0,1.5,213.5
Banjara Hills,2651,3,4.0,3.0,426.62
Ameerpet,2174,3,3.0,0.0,176.23
Madhapur,3538,4,4.0,1.0,360.07
Manikonda,2495,3,3.0,4.0,155.37
Uppal,2464,3,3.0,0.1,127.26
Kondapur,1155,2,2.0,2.0,114.64
Ameerpet,2904,4,5.0,0.0,213.96
Uppal,2250,3,4.0,0.1,116.71
Madhapur,2702,3,3.0,1.0,289.29
Madhapur,830,1,1.0,1.0,86.52
Gachibowli,1419,2,2.0,1.5,133.62
Madhapur,1835,3,3.0,1.0,192.49
Madhapur,3100,4,4.0,1.0,315.27
Kukatpally,2240,3,3.0,0.5,149.55
Jubilee Hills,2261,3,4.0,2.5,416.67
Ameerpet,2490,3,4.0,0.0,190.71
Manikonda,2377,3,3.0,4.0,144.36
Ameerpet,3400,4,5.0,0.0,245.79
Gachibowli,3125,4,4.0,1.5,307.06
Manikonda,2532,3,3.0,4.0,145.23
Kukatpally,3679,4,4.0,0.5,272.4
Kondapur,2605,3,3.0,2.0,246.69
Ameerpet,3947,4,5.0,0.0,278.07
Ameerpet,3282,4,5.0,0.0,247.95
Jubilee Hills,2578,3,4.0,2.5,403.33
Ameerpet,2301,3,4.0,0.0,170.44
Miyapur,3700,4,4.0,0.2,219.37
Uppal,3241,4,4.0,0.1,161.95
Uppal,1185,2,3.0,0.1,74.87
Ameerpet,3294,4,4.0,0.0,228.5
Banjara Hills,2558,3,4.0,3.0,383.7
Madhapur,3722,4,4.0,1.0,387.87
Gachibowli,865,1,2.0,1.5,92.23
Kondapur,2810,4,4.0,2.0,243.41
Madhapur,1904,3,3.0,1.0,208.8
Madhapur,3374,4,4.0,1.0,352.76
Uppal,3784,4,5.0,0.1,196.52
Kondapur,3058,4,4.0,2.0,261.31
Miyapur,1243,2,2.0,0.2,84.38
Miyapur,3916,4,4.0,0.2,226.68
Kukatpally,1215,2,2.0,0.5,91.76
Banjara Hills,3366,4,5.0,3.0,543.26
Madhapur,2578,3,3.0,1.0,256.28
Kondapur,1367,2,3.0,2.0,125.92
Banjara Hills,1648,2,2.0,3.0,246.15
Uppal,1519,2,2.0,0.1,80.34
Gachibowli,1349,2,2.0,1.5,136.5
Manikonda,3959,4,4.0,4.0,263.45
Kukatpally,1936,3,3.0,0.5,142.74
Kondapur,1999,3,4.0,2.0,172.75
Madhapur,1706,2,2.0,1.0,174.76
Manikonda,2895,4,4.0,4.0,181.51
Ameerpet,1540,2,3.0,0.0,125.74
Uppal,2423,3,3.0,0.1,125.75
Kondapur,802,1,1.0,2.0,76.85
Kukatpally,2776,3,3.0,0.5,197.15
Uppal,1242,2,2.0,0.1,64.36
Madhapur,1719,2,2.0,1.0,159.61
Gachibowli,3613,4,4.0,1.5,307.63
Madhapur,3196,4,4.0,1.0,337.11
Manikonda,1471,2,3.0,4.0,92.36
Kukatpally,1062,2,2.0,0.5,90.75
Gachibowli,2013,3,3.0,1.5,188.4
Manikonda,1238,2,3.0,4.0,85.52
Uppal,3162,4,4.0,0.1,159.53
Ameerpet,2018,3,3.0,0.0,166.16
Jubilee Hills,1244,2,2.0,2.5,246.7
Kukatpally,3493,4,5.0,0.5,245.08
Miyapur,814,1,2.0,0.2,62.89
Manikonda,1548,2,3.0,4.0,95.42
Ameerpet,1239,2,2.0,0.0,112.29
Miyapur,906,1,1.0,0.2,61.45
Kukatpally,1824,3,3.0,0.5,126.48
Ameerpet,3122,4,5.0,0.0,240.68
Jubilee Hills,3372,4,4.0,2.5,647.87
Kondapur,2378,3,3.0,2.0,210.39
Jubilee Hills,3706,4,4.0,2.5,658.99
Jubilee Hills,1249,2,2.0,2.5,246.29
Kondapur,3313,4,5.0,2.0,268.39
Kondapur,2275,3,4.0,2.0,207.36
Jubilee Hills,3512,4,4.0,2.5,605.06
Ameerpet,1186,2,2.0,0.0,91.3
Uppal,1896,3,4.0,0.1,99.94
Manikonda,1201,2,2.0,4.0,85.4
Manikonda,3760,4,4.0,4.0,249.35
Kondapur,3734,4,4.0,2.0,279.86
Miyapur,1426,2,2.0,0.2,108.54
Kondapur,1337,2,2.0,2.0,118.85
Miyapur,993,1,1.0,0.2,80.48
Kukatpally,1029,2,2.0,0.5,88.85
Jubilee Hills,1824,3,4.0,2.5,351.84
Kondapur,3128,4,4.0,2.0,252.48
Jubilee Hills,3838,4,4.0,2.5,707.44
Uppal,2718,3,3.0,0.1,139.21
Kondapur,1241,2,2.0,2.0,114.72
Gachibowli,3793,4,4.0,1.5,338.84
Jubilee Hills,1850,3,3.0,2.5,338.5
Miyapur,3575,4,4.0,0.2,213.37
Kukatpally,3478,4,5.0,0.5,253.36
Jubilee Hills,1887,3,3.0,2.5,346.28
Jubilee Hills,1957,3,3.0,2.5,342.96
Madhapur,1862,3,4.0,1.0,210.35
Uppal,2911,4,4.0,0.1,154.25
Jubilee Hills,3550,4,4.0,2.5,595.49
Miyapur,3077,4,5.0,0.2,192.68
Banjara Hills,3319,4,4.0,3.0,498.74
Miyapur,3011,4,5.0,0.2,183.47
Miyapur,3771,4,4.0,0.2,234.45
Ameerpet,1344,2,2.0,0.0,110.9
Kondapur,3686,4,5.0,2.0,294.19
Madhapur,3703,4,5.0,1.0,363.5
Madhapur,2171,3,4.0,1.0,224.14
Miyapur,1991,3,3.0,0.2,131.02
Kukatpally,2191,3,3.0,0.5,169.07
Kukatpally,2579,3,4.0,0.5,193.98
Kondapur,2843,4,5.0,2.0,237.04
Miyapur,2715,3,4.0,0.2,163.62
Manikonda,1444,2,3.0,4.0,99.43
Kukatpally,2745,3,3.0,0.5,209.93
Banjara Hills,3610,4,4.0,3.0,579.81
Kondapur,1304,2,2.0,2.0,116.66
Ameerpet,2240,3,3.0,0.0,175.39
Miyapur,3358,4,4.0,0.2,197.8
Manikonda,2632,3,4.0,4.0,159.18
Miyapur,2566,3,3.0,0.2,152.83
Miyapur,2029,3,3.0,0.2,124.52
Gachibowli,2967,4,4.0,1.5,243.28
Kondapur,3616,4,5.0,2.0,300.79
Kukatpally,3296,4,4.0,0.5,220.94
Manikonda,2889,4,4.0,4.0,180.71
Miyapur,3224,4,4.0,0.2,183.76
Manikonda,2466,3,4.0,4.0,163.58
Kondapur,1773,2,2.0,2.0,158.29
Gachibowli,2624,3,3.0,1.5,226.52
Ameerpet,1550,2,3.0,0.0,128.77
Miyapur,1873,3,3.0,0.2,129.8
Miyapur,2587,3,3.0,0.2,155.72
Banjara Hills,2307,3,3.0,3.0,347.47
Madhapur,3089,4,4.0,1.0,295.72
Miyapur,1638,2,3.0,0.2,123.05
Jubilee Hills,3181,4,4.0,2.5,538.42
Uppal,2160,3,3.0,0.1,120.56
Banjara Hills,3917,4,4.0,3.0,615.76
Kukatpally,2146,3,4.0,0.5,152.83
Miyapur,2316,3,3.0,0.2,130.63
Gachibowli,1407,2,2.0,1.5,134.59
Uppal,2548,3,3.0,0.1,123.91
Ameerpet,2475,3,4.0,0.0,201.79
Miyapur,3795,4,4.0,0.2,219.13
Banjara Hills,940,1,2.0,3.0,158.21
Madhapur,3488,4,4.0,1.0,346.1
Gachibowli,1600,2,2.0,1.5,147.65
Kondapur,3469,4,5.0,2.0,287.78
Ameerpet,1967,3,3.0,0.0,152.77
Jubilee Hills,2742,3,3.0,2.5,558.98
Miyapur,2480,3,3.0,0.2,160.65
Kukatpally,3447,4,5.0,0.5,233.19
Banjara Hills,3930,4,5.0,3.0,602.08
Gachibowli,1218,2,3.0,1.5,110.13
Ameerpet,3765,4,5.0,0.0,292.31
Ameerpet,3506,4,4.0,0.0,239.33
Kukatpally,1586,2,2.0,0.5,107.25
Kondapur,3270,4,4.0,2.0,267.61
Jubilee Hills,1411,2,2.0,2.5,280.07
Gachibowli,2273,3,3.0,1.5,214.64
Banjara Hills,3203,4,5.0,3.0,507.8
Gachibowli,3139,4,5.0,1.5,270.59
Madhapur,873,1,2.0,1.0,98.37
Ameerpet,2940,4,4.0,0.0,230.86
Miyapur,2638,3,3.0,0.2,173.2
Banjara Hills,3785,4,4.0,3.0,598.36
Uppal,3800,4,4.0,0.1,208.89
Manikonda,3368,4,4.0,4.0,223.85
Jubilee Hills,2131,3,3.0,2.5,398.17
Gachibowli,3511,4,5.0,1.5,308.1
Miyapur,3632,4,4.0,0.2,210.08
Banjara Hills,1356,2,2.0,3.0,227.63
Ameerpet,1575,2,2.0,0.0,125.32
Kondapur,1570,2,2.0,2.0,134.56
Jubilee Hills,1759,2,3.0,2.5,355.53
Uppal,2707,3,3.0,0.1,132.48
Uppal,874,1,2.0,0.1,53.18
Banjara Hills,3693,4,4.0,3.0,546.98
Ameerpet,2325,3,4.0,0.0,182.51
Banjara Hills,1724,2,2.0,3.0,263.5
Miyapur,3063,4,4.0,0.2,165.88
Kondapur,1571,2,2.0,2.0,127.12
Madhapur,2346,3,3.0,1.0,232.61
Miyapur,3734,4,4.0,0.2,225.41
Manikonda,914,1,1.0,4.0,57.52
Manikonda,2921,4,4.0,4.0,184.97
Kondapur,2612,3,3.0,2.0,200.42
Gachibowli,3593,4,5.0,1.5,294.37
Kukatpally,2781,3,3.0,0.5,186.98
Jubilee Hills,1943,3,3.0,2.5,378.16
Ameerpet,3517,4,4.0,0.0,265.84
Uppal,1961,3,4.0,0.1,96.51
Kukatpally,2778,3,3.0,0.5,193.71
Banjara Hills,1062,2,2.0,3.0,175.13
Ameerpet,1006,2,2.0,0.0,80.86
Gachibowli,2866,4,5.0,1.5,261.14
Manikonda,2900,4,4.0,4.0,184.02
Kondapur,2212,3,3.0,2.0,185.13
Madhapur,848,1,2.0,1.0,84.01
Manikonda,1913,3,3.0,4.0,120.01
Miyapur,1669,2,2.0,0.2,108.57
Manikonda,3004,4,4.0,4.0,185.96
Madhapur,2120,3,4.0,1.0,221.92
Kukatpally,1612,2,2.0,0.5,128.15
Madhapur,2150,3,3.0,1.0,235.72
Banjara Hills,1437,2,2.0,3.0,233.58
Kondapur,3964,4,5.0,2.0,308.83
Jubilee Hills,881,1,1.0,2.5,182.66
Kondapur,3946,4,4.0,2.0,322.33
Manikonda,3146,4,5.0,4.0,192.05
Miyapur,1499,2,3.0,0.2,98.46
Kondapur,2552,3,3.0,2.0,209.56
Kondapur,3762,4,4.0,2.0,326.69
Manikonda,1267,2,2.0,4.0,89.58
Uppal,1406,2,3.0,0.1,85.17
Jubilee Hills,2353,3,3.0,2.5,446.08
Gachibowli,3860,4,4.0,1.5,352.44
Madhapur,1336,2,2.0,1.0,141.54
Kondapur,1374,2,3.0,2.0,131.55
Madhapur,3074,4,5.0,1.0,303.24
Gachibowli,1519,2,2.0,1.5,145.37
Miyapur,3122,4,4.0,0.2,193.02
Manikonda,1081,2,2.0,4.0,69.34
Madhapur,3482,4,4.0,1.0,328.37
Ameerpet,2961,4,4.0,0.0,217.03
Miyapur,2428,3,3.0,0.2,154.73
Banjara Hills,3639,4,5.0,3.0,552.15
Banjara Hills,846,1,1.0,3.0,141.92
Jubilee Hills,2617,3,4.0,2.5,476.88
Uppal,1312,2,2.0,0.1,77.12
Uppal,1555,2,3.0,0.1,79.38
Ameerpet,3986,4,4.0,0.0,311.66
Kondapur,1451,2,3.0,2.0,129.25
Jubilee Hills,2072,3,3.0,2.5,413.02
Ameerpet,2558,3,3.0,0.0,219.17
Kondapur,2776,3,3.0,2.0,228.9
Uppal,2356,3,4.0,0.1,122.58
Jubilee Hills,2542,3,4.0,2.5,441.54
Ameerpet,3840,4,4.0,0.0,268.05
Manikonda,1619,2,2.0,4.0,113.2
Ameerpet,1223,2,3.0,0.0,99.7
Banjara Hills,1508,2,2.0,3.0,260.93
Jubilee Hills,1388,2,2.0,2.5,242.69
Kondapur,2505,3,3.0,2.0,213.7
Ameerpet,2822,4,4.0,0.0,217.75
Banjara Hills,3152,4,5.0,3.0,472.76
Uppal,1252,2,3.0,0.1,67.19
Manikonda,2393,3,4.0,4.0,159.59
Jubilee Hills,3423,4,5.0,2.5,653.97
Banjara Hills,1977,3,4.0,3.0,289.81
Gachibowli,1808,3,3.0,1.5,172.76
Uppal,3048,4,5.0,0.1,173.21
Kukatpally,1407,2,2.0,0.5,106.09
Ameerpet,2400,3,3.0,0.0,203.22
Banjara Hills,3248,4,5.0,3.0,475.09
Gachibowli,3387,4,4.0,1.5,304.82
Kukatpally,1196,2,2.0,0.5,85.69
Uppal,3883,4,4.0,0.1,191.29
Madhapur,1106,2,2.0,1.0,121.1
Kondapur,1315,2,2.0,2.0,114.73
Banjara Hills,2037,3,3.0,3.0,330.78
Madhapur,3459,4,5.0,1.0,335.12
Uppal,2457,3,3.0,0.1,135.42
Kondapur,3206,4,4.0,2.0,267.19
Kukatpally,1182,2,2.0,0.5,87.94
Kondapur,1257,2,2.0,2.0,115.61
Madhapur,1154,2,2.0,1.0,121.36
Madhapur,860,1,1.0,1.0,96.67
Jubilee Hills,848,1,2.0,2.5,157.66
Madhapur,3551,4,4.0,1.0,363.35
Miyapur,1763,2,2.0,0.2,111.89
Gachibowli,1337,2,3.0,1.5,125.87
Madhapur,3098,4,5.0,1.0,306.61
Ameerpet,2154,3,3.0,0.0,184.6
Manikonda,1571,2,2.0,4.0,102.21
Uppal,3191,4,5.0,0.1,173.36
Banjara Hills,1674,2,2.0,3.0,267.25
Kukatpally,1537,2,2.0,0.5,129.01
Ameerpet,3173,4,5.0,0.0,236.44
Uppal,1299,2,2.0,0.1,67.66
Miyapur,3286,4,4.0,0.2,197.87
Jubilee Hills,1152,2,3.0,2.5,225.17
Gachibowli,2390,3,3.0,1.5,222.22
Manikonda,1023,2,2.0,4.0,74.46
Kondapur,1875,3,3.0,2.0,160.59
Kukatpally,3718,4,4.0,0.5,250.42
Manikonda,2380,3,3.0,4.0,154.4
Madhapur,1869,3,3.0,1.0,184.89
Ameerpet,3845,4,4.0,0.0,253.04
Ameerpet,2251,3,3.0,0.0,181.15
Madhapur,2236,3,3.0,1.0,221.07
Ameerpet,1396,2,2.0,0.0,127.04
Jubilee Hills,3557,4,4.0,2.5,631.52
Uppal,3795,4,4.0,0.1,196.08
Kukatpally,3643,4,4.0,0.5,246.84
Banjara Hills,1432,2,2.0,3.0,232.34
Ameerpet,3041,4,4.0,0.0,223.27
Banjara Hills,2661,3,3.0,3.0,406.35
Madhapur,2846,4,4.0,1.0,312.82
Manikonda,1032,2,2.0,4.0,69.72
Gachibowli,3533,4,4.0,1.5,339.26
Ameerpet,1575,2,2.0,0.0,128.95
Miyapur,3093,4,4.0,0.2,196.09
Manikonda,1422,2,2.0,4.0,92.05
Kondapur,2210,3,4.0,2.0,193.03
Uppal,1465,2,2.0,0.1,84.72
Madhapur,3024,4,4.0,1.0,302.7
Uppal,3483,4,4.0,0.1,181.89
Jubilee Hills,2619,3,3.0,2.5,481.09
Banjara Hills,3101,4,4.0,3.0,494.81
Miyapur,1821,3,3.0,0.2,111.83
Uppal,2248,3,3.0,0.1,126.79
Ameerpet,3098,4,5.0,0.0,250.44
Ameerpet,899,1,1.0,0.0,89.34
Uppal,3496,4,4.0,0.1,179.19
Ameerpet,1753,2,2.0,0.0,133.11
Jubilee Hills,1906,3,3.0,2.5,327.23
Madhapur,3594,4,5.0,1.0,356.98
Uppal,3470,4,5.0,0.1,157.88
Gachibowli,3214,4,4.0,1.5,270.17
Gachibowli,1843,3,4.0,1.5,182.07
Uppal,1446,2,3.0,0.1,80.82
Miyapur,2090,3,3.0,0.2,125.44
Uppal,2092,3,3.0,0.1,118.2
Ameerpet,1162,2,3.0,0.0,94.95
Kukatpally,2292,3,3.0,0.5,153.27
Banjara Hills,953,1,1.0,3.0,147.18
Ameerpet,3610,4,4.0,0.0,282.22
Kondapur,2819,4,5.0,2.0,231.43
Ameerpet,1269,2,2.0,0.0,98.45
Kukatpally,2160,3,4.0,0.5,144.59
Kukatpally,3887,4,4.0,0.5,265.84
Madhapur,2872,4,4.0,1.0,299.09
Gachibowli,2577,3,3.0,1.5,249.56
Madhapur,2690,3,4.0,1.0,266.15
Uppal,2149,3,3.0,0.1,114.82
Banjara Hills,1405,2,3.0,3.0,244.01
Madhapur,3131,4,4.0,1.0,298.89
Banjara Hills,897,1,1.0,3.0,151.45
Ameerpet,3502,4,4.0,0.0,261.37
Ameerpet,1255,2,2.0,0.0,112.7
Uppal,1358,2,2.0,0.1,85.37
Ameerpet,998,1,1.0,0.0,84.56
Uppal,2960,4,4.0,0.1,159.41
Miyapur,3024,4,4.0,0.2,166.01
Madhapur,2759,3,3.0,1.0,264.49
Miyapur,1144,2,2.0,0.2,83.39
Madhapur,2673,3,3.0,1.0,282.89
Banjara Hills,2786,3,3.0,3.0,417.05
Kondapur,3183,4,4.0,2.0,273.6
Kondapur,2566,3,3.0,2.0,221.35
Madhapur,2049,3,4.0,1.0,218.05
Uppal,3868,4,4.0,0.1,189.25
Kukatpally,2502,3,3.0,0.5,172.88
Miyapur,2065,3,4.0,0.2,126.55
Kondapur,2968,4,4.0,2.0,248.8
Miyapur,1911,3,3.0,0.2,123.08
Miyapur,2940,4,4.0,0.2,180.19
Jubilee Hills,3876,4,4.0,2.5,732.08
Manikonda,3299,4,4.0,4.0,209.5
Kondapur,1950,3,4.0,2.0,164.56
Miyapur,2576,3,3.0,0.2,153.48
Banjara Hills,2109,3,3.0,3.0,324.51
Kukatpally,3503,4,5.0,0.5,242.27
Banjara Hills,1598,2,2.0,3.0,246.08
Uppal,3312,4,4.0,0.1,179.3
Banjara Hills,3537,4,4.0,3.0,543.03
Madhapur,3502,4,5.0,1.0,321.84
Madhapur,1509,2,2.0,1.0,151.6
Banjara Hills,3074,4,4.0,3.0,464.26
Jubilee Hills,923,1,2.0,2.5,168.93
Banjara Hills,2721,3,3.0,3.0,410.87
Madhapur,3908,4,4.0,1.0,378.39
Ameerpet,3155,4,4.0,0.0,218.22
Uppal,3742,4,4.0,0.1,174.23
Madhapur,2904,4,5.0,1.0,288.79
Manikonda,1201,2,2.0,4.0,77.0
Miyapur,861,1,2.0,0.2,69.13
Ameerpet,1698,2,3.0,0.0,125.55
Madhapur,3163,4,5.0,1.0,317.89
Miyapur,3635,4,4.0,0.2,209.5
Ameerpet,3882,4,5.0,0.0,280.74
Ameerpet,3317,4,4.0,0.0,231.97
Miyapur,1457,2,3.0,0.2,95.13
Uppal,2623,3,3.0,0.1,137.59
Madhapur,2189,3,3.0,1.0,213.4
Madhapur,1748,2,2.0,1.0,194.72
Madhapur,2396,3,4.0,1.0,256.27
Uppal,2075,3,3.0,0.1,109.91
Manikonda,1743,2,3.0,4.0,129.03
Kukatpally,980,1,1.0,0.5,69.15
Manikonda,3856,4,4.0,4.0,240.16
Miyapur,2717,3,4.0,0.2,172.87
Kondapur,2428,3,4.0,2.0,192.05
Madhapur,2688,3,3.0,1.0,259.01
Kukatpally,1748,2,2.0,0.5,139.03
Kondapur,3588,4,4.0,2.0,273.31
Uppal,1917,3,3.0,0.1,106.65
Gachibowli,2692,3,3.0,1.5,255.89
Kukatpally,2862,4,4.0,0.5,212.06
Kondapur,2401,3,3.0,2.0,229.69
Kukatpally,832,1,1.0,0.5,67.02
Miyapur,813,1,1.0,0.2,55.37
Miyapur,3216,4,4.0,0.2,190.35
Jubilee Hills,1009,2,2.0,2.5,200.72
Kondapur,3463,4,5.0,2.0,304.93
Uppal,1763,2,2.0,0.1,90.8
Uppal,3208,4,4.0,0.1,178.42
Madhapur,2633,3,3.0,1.0,269.34
Gachibowli,2944,4,4.0,1.5,278.65
Miyapur,2049,3,3.0,0.2,119.09
Manikonda,2236,3,3.0,4.0,134.06
Ameerpet,2487,3,3.0,0.0,197.53
Madhapur,3457,4,4.0,1.0,385.21
Miyapur,2637,3,4.0,0.2,152.52
Manikonda,3753,4,5.0,4.0,240.51
Miyapur,3652,4,4.0,0.2,226.52
Manikonda,892,1,2.0,4.0,57.43
Ameerpet,2515,3,3.0,0.0,200.75
Jubilee Hills,2336,3,3.0,2.5,424.6
Miyapur,898,1,1.0,0.2,72.24
Madhapur,2466,3,4.0,1.0,229.85
Gachibowli,2803,4,4.0,1.5,253.17
Madhapur,3708,4,4.0,1.0,350.0
Uppal,988,1,2.0,0.1,63.67
Kondapur,2853,4,5.0,2.0,216.74
Manikonda,1749,2,2.0,4.0,118.32
Jubilee Hills,1279,2,2.0,2.5,236.95
Gachibowli,3011,4,4.0,1.5,275.62
Kukatpally,3148,4,4.0,0.5,204.02
Kondapur,3192,4,5.0,2.0,230.76
Ameerpet,1293,2,2.0,0.0,100.28
Jubilee Hills,867,1,1.0,2.5,170.97
Madhapur,3968,4,5.0,1.0,408.83
Miyapur,3420,4,5.0,0.2,190.21
Kondapur,1668,2,2.0,2.0,152.22
Kondapur,1321,2,3.0,2.0,110.27
Miyapur,1763,2,2.0,0.2,110.9
Uppal,3246,4,5.0,0.1,160.34
Uppal,3797,4,4.0,0.1,174.17
Ameerpet,3675,4,4.0,0.0,256.59
Miyapur,1900,3,3.0,0.2,120.53
Ameerpet,1515,2,2.0,0.0,107.3
Manikonda,1894,3,3.0,4.0,116.11
Gachibowli,2587,3,3.0,1.5,211.35
Jubilee Hills,3958,4,4.0,2.5,782.66
Ameerpet,3972,4,4.0,0.0,305.7
Kukatpally,941,1,2.0,0.5,80.33
Ameerpet,2900,4,4.0,0.0,215.07
Jubilee Hills,3430,4,4.0,2.5,586.78
Ameerpet,2975,4,4.0,0.0,247.05
Kondapur,3485,4,4.0,2.0,278.66
Madhapur,1688,2,2.0,1.0,171.12
Kondapur,3641,4,4.0,2.0,302.3
Gachibowli,1586,2,3.0,1.5,152.16
Banjara Hills,2940,4,4.0,3.0,451.52
Banjara Hills,3230,4,4.0,3.0,503.32
Kukatpally,1169,2,3.0,0.5,87.37
Kondapur,2630,3,3.0,2.0,223.37
Ameerpet,3521,4,4.0,0.0,266.61
Kondapur,1041,2,3.0,2.0,100.52
Manikonda,2371,3,3.0,4.0,142.03
Kukatpally,1829,3,3.0,0.5,139.39
Madhapur,973,1,1.0,1.0,105.36
Jubilee Hills,3209,4,4.0,2.5,574.67
Banjara Hills,1444,2,2.0,3.0,205.8
Jubilee Hills,2358,3,3.0,2.5,419.59
Banjara Hills,2001,3,3.0,3.0,274.44
Kukatpally,3538,4,5.0,0.5,244.3
Manikonda,1990,3,3.0,4.0,129.07
Banjara Hills,2251,3,4.0,3.0,334.51
Madhapur,2098,3,4.0,1.0,205.38
Kukatpally,2882,4,5.0,0.5,196.09
Manikonda,2188,3,3.0,4.0,145.21
Madhapur,1787,2,2.0,1.0,177.4
Kondapur,1302,2,3.0,2.0,123.85
Gachibowli,1569,2,2.0,1.5,148.36
Manikonda,1370,2,3.0,4.0,87.1
Uppal,3916,4,4.0,0.1,190.69
Banjara Hills,2578,3,3.0,3.0,349.61
Kondapur,3572,4,4.0,2.0,323.52
Kondapur,3970,4,4.0,2.0,332.15
Gachibowli,1063,2,2.0,1.5,95.22
Banjara Hills,3187,4,4.0,3.0,509.88
Kukatpally,3960,4,4.0,0.5,270.18
Uppal,1518,2,3.0,0.1,89.78
Gachibowli,2034,3,3.0,1.5,189.48
Miyapur,1184,2,2.0,0.2,73.5
Miyapur,2512,3,4.0,0.2,155.46
Miyapur,1622,2,3.0,0.2,97.8
Manikonda,3764,4,4.0,4.0,238.08
Manikonda,3200,4,4.0,4.0,226.07
Miyapur,1919,3,3.0,0.2,109.06
Uppal,2758,3,3.0,0.1,141.82
Jubilee Hills,1172,2,2.0,2.5,212.86
Kondapur,1853,3,3.0,2.0,155.76
Banjara Hills,1435,2,3.0,3.0,231.22
Manikonda,1844,3,3.0,4.0,109.97
Madhapur,1238,2,2.0,1.0,137.25
Banjara Hills,1215,2,2.0,3.0,208.22
Miyapur,2335,3,4.0,0.2,145.36
Madhapur,2177,3,3.0,1.0,213.26
Uppal,3285,4,4.0,0.1,151.49
Madhapur,3015,4,5.0,1.0,296.34
Gachibowli,2760,3,4.0,1.5,267.55
Gachibowli,2947,4,5.0,1.5,259.96
Gachibowli,1463,2,2.0,1.5,155.54
Uppal,1982,3,4.0,0.1,104.34
Ameerpet,2910,4,4.0,0.0,210.31
Madhapur,2893,4,5.0,1.0,274.19
Uppal,1775,2,3.0,0.1,105.14
Jubilee Hills,1929,3,3.0,2.5,397.18
Jubilee Hills,3704,4,4.0,2.5,706.55
Jubilee Hills,3366,4,4.0,2.5,635.78
Manikonda,1087,2,2.0,4.0,74.08
Jubilee Hills,2651,3,4.0,2.5,483.43
Uppal,2209,3,4.0,0.1,122.1
Miyapur,1941,3,4.0,0.2,128.25
Miyapur,3503,4,4.0,0.2,221.12
Ameerpet,2515,3,3.0,0.0,205.53
Ameerpet,2967,4,4.0,0.0,208.92
Gachibowli,2843,4,5.0,1.5,235.53
Miyapur,990,1,1.0,0.2,76.71
Kukatpally,1692,2,3.0,0.5,126.18
Ameerpet,2582,3,3.0,0.0,203.35
Jubilee Hills,3811,4,4.0,2.5,697.63
Jubilee Hills,985,1,1.0,2.5,181.2
Uppal,1131,2,2.0,0.1,72.4
Manikonda,2594,3,4.0,4.0,168.91
Ameerpet,3576,4,4.0,0.0,260.07
Miyapur,2850,4,4.0,0.2,195.52
Kukatpally,1365,2,2.0,0.5,103.26
Kondapur,2130,3,4.0,2.0,190.01
Ameerpet,960,1,2.0,0.0,87.61
Ameerpet,3261,4,4.0,0.0,244.21
Jubilee Hills,3427,4,4.0,2.5,624.4
Kukatpally,1238,2,2.0,0.5,92.22
Banjara Hills,1400,2,2.0,3.0,223.95
Madhapur,1375,2,2.0,1.0,137.44
Miyapur,2098,3,3.0,0.2,122.94
Banjara Hills,990,1,1.0,3.0,146.06
Gachibowli,3981,4,4.0,1.5,346.82
Ameerpet,1007,2,2.0,0.0,85.9
Madhapur,3741,4,5.0,1.0,376.25
Manikonda,1568,2,2.0,4.0,106.75
Kondapur,903,1,1.0,2.0,84.78
Gachibowli,3491,4,4.0,1.5,297.94
Miyapur,3144,4,4.0,0.2,171.9
Banjara Hills,3227,4,5.0,3.0,533.29
Ameerpet,1600,2,2.0,0.0,130.06
Kondapur,1510,2,2.0,2.0,147.13
Manikonda,1180,2,2.0,4.0,73.35
Gachibowli,2060,3,3.0,1.5,184.41
Miyapur,3859,4,4.0,0.2,218.62
Jubilee Hills,1926,3,4.0,2.5,364.81
Gachibowli,2248,3,4.0,1.5,206.15
Miyapur,2722,3,3.0,0.2,164.18
Banjara Hills,3118,4,5.0,3.0,464.79
Madhapur,1381,2,2.0,1.0,154.46
Madhapur,1945,3,4.0,1.0,206.45
Banjara Hills,920,1,1.0,3.0,147.71
Uppal,2291,3,3.0,0.1,125.65
Kukatpally,1928,3,4.0,0.5,139.59
Gachibowli,1782,2,2.0,1.5,161.33
Banjara Hills,1585,2,3.0,3.0,260.03
Manikonda,1484,2,3.0,4.0,100.78
Banjara Hills,834,1,1.0,3.0,146.55
Kondapur,1803,3,3.0,2.0,165.9
Miyapur,2914,4,4.0,0.2,182.62
Ameerpet,1430,2,2.0,0.0,123.37
Miyapur,3571,4,5.0,0.2,194.07
Gachibowli,927,1,2.0,1.5,89.41
Kukatpally,1473,2,3.0,0.5,108.77
Ameerpet,2651,3,3.0,0.0,192.52
Uppal,1783,2,2.0,0.1,90.97
Jubilee Hills,3310,4,5.0,2.5,575.31
Miyapur,1237,2,2.0,0.2,86.43
Kondapur,3093,4,4.0,2.0,263.65
Kukatpally,1682,2,2.0,0.5,121.37
Ameerpet,2458,3,3.0,0.0,176.96
Kondapur,3225,4,4.0,2.0,269.92
Kondapur,3753,4,4.0,2.0,305.7
Ameerpet,1360,2,3.0,0.0,111.33
Gachibowli,2127,3,3.0,1.5,197.05
Manikonda,1136,2,2.0,4.0,68.04
Madhapur,3855,4,4.0,1.0,392.91
Madhapur,1930,3,3.0,1.0,184.92
Gachibowli,2076,3,3.0,1.5,192.17
Gachibowli,1881,3,4.0,1.5,164.73
Banjara Hills,1956,3,3.0,3.0,301.83
Manikonda,3540,4,5.0,4.0,225.08
Manikonda,1109,2,3.0,4.0,73.88
Ameerpet,3424,4,5.0,0.0,235.23
Miyapur,3664,4,4.0,0.2,201.76
Gachibowli,953,1,2.0,1.5,95.36
Kondapur,1183,2,2.0,2.0,98.05
Gachibowli,1934,3,3.0,1.5,171.84
Madhapur,2350,3,4.0,1.0,225.02
Miyapur,2048,3,3.0,0.2,126.21
Miyapur,3571,4,5.0,0.2,225.88
Gachibowli,2007,3,3.0,1.5,205.87
Jubilee Hills,1789,2,3.0,2.5,349.66
Miyapur,1257,2,2.0,0.2,91.98
Uppal,3425,4,4.0,0.1,172.19
Miyapur,1263,2,3.0,0.2,86.02
Jubilee Hills,1258,2,3.0,2.5,230.79
Ameerpet,1086,2,2.0,0.0,94.56
Kondapur,1261,2,2.0,2.0,117.34
Manikonda,2292,3,4.0,4.0,151.7
Gachibowli,3296,4,4.0,1.5,306.25
Kondapur,3750,4,4.0,2.0,324.54
Gachibowli,2041,3,3.0,1.5,184.51
Banjara Hills,2774,3,3.0,3.0,410.48
Jubilee Hills,3105,4,4.0,2.5,573.53
Jubilee Hills,1518,2,3.0,2.5,301.27
Madhapur,2232,3,3.0,1.0,225.14
Kukatpally,2542,3,3.0,0.5,179.59
Ameerpet,939,1,1.0,0.0,85.78
Uppal,911,1,1.0,0.1,53.72
Manikonda,3423,4,4.0,4.0,217.09
Manikonda,3046,4,4.0,4.0,180.06
Kukatpally,3421,4,5.0,0.5,236.07
Jubilee Hills,2255,3,3.0,2.5,416.3
Banjara Hills,3155,4,4.0,3.0,486.32
Uppal,3004,4,5.0,0.1,151.08
Jubilee Hills,3856,4,4.0,2.5,689.54
Gachibowli,3392,4,4.0,1.5,300.25
Banjara Hills,2874,4,4.0,3.0,421.05
Kondapur,984,1,1.0,2.0,89.83
Kukatpally,2702,3,3.0,0.5,206.67
Kondapur,3879,4,4.0,2.0,332.52
Jubilee Hills,3951,4,4.0,2.5,754.81
Banjara Hills,2448,3,3.0,3.0,393.69
Miyapur,2954,4,4.0,0.2,170.34
Kukatpally,1340,2,2.0,0.5,124.27
Uppal,893,1,1.0,0.1,53.53
Madhapur,1719,2,2.0,1.0,168.81
Uppal,1771,2,2.0,0.1,87.15
Banjara Hills,2214,3,4.0,3.0,339.66
Kondapur,2224,3,3.0,2.0,194.41
Uppal,1779,2,2.0,0.1,92.95
Manikonda,1366,2,2.0,4.0,83.81
Manikonda,3439,4,4.0,4.0,216.91
Kukatpally,1305,2,3.0,0.5,100.34
Manikonda,1217,2,3.0,4.0,77.33
Kondapur,1093,2,3.0,2.0,91.7
Kondapur,1728,2,2.0,2.0,151.72
Ameerpet,3957,4,4.0,0.0,305.35
Kukatpally,3807,4,4.0,0.5,272.05
Kukatpally,2229,3,3.0,0.5,171.03
Uppal,3091,4,4.0,0.1,154.25
Miyapur,3585,4,5.0,0.2,204.02
Madhapur,2168,3,3.0,1.0,219.53
Gachibowli,3310,4,4.0,1.5,276.53
Kondapur,1025,2,2.0,2.0,98.16
Banjara Hills,3851,4,5.0,3.0,556.69
Manikonda,1538,2,2.0,4.0,100.18
Ameerpet,2039,3,3.0,0.0,158.3
Manikonda,2116,3,3.0,4.0,141.51
Kukatpally,3253,4,5.0,0.5,220.84
Madhapur,1240,2,2.0,1.0,130.5
Gachibowli,1712,2,3.0,1.5,166.22
Jubilee Hills,1110,2,3.0,2.5,201.27
Madhapur,2725,3,3.0,1.0,268.6
Jubilee Hills,1428,2,2.0,2.5,297.54
Kukatpally,1082,2,3.0,0.5,91.6
Uppal,2194,3,4.0,0.1,108.86
Gachibowli,2795,3,3.0,1.5,255.61
Jubilee Hills,1725,2,2.0,2.5,338.4
Miyapur,3360,4,4.0,0.2,198.85
Manikonda,1900,3,4.0,4.0,126.15
Banjara Hills,2751,3,4.0,3.0,415.08
Madhapur,2857,4,5.0,1.0,282.86
Gachibowli,1570,2,3.0,1.5,151.74
Miyapur,1761,2,3.0,0.2,116.62
Kondapur,1392,2,3.0,2.0,126.35
Ameerpet,2245,3,3.0,0.0,186.21
Manikonda,1836,3,4.0,4.0,106.99
Manikonda,1555,2,2.0,4.0,106.14
Ameerpet,2134,3,4.0,0.0,158.42
Uppal,3680,4,4.0,0.1,193.24
Kondapur,2854,4,4.0,2.0,235.58
Gachibowli,3060,4,4.0,1.5,240.78
Gachibowli,3915,4,4.0,1.5,354.64
Uppal,1808,3,4.0,0.1,97.79
Jubilee Hills,2662,3,3.0,2.5,516.77
Jubilee Hills,3690,4,4.0,2.5,701.92
Miyapur,3170,4,4.0,0.2,194.59
Kondapur,1405,2,2.0,2.0,133.34
Manikonda,1959,3,3.0,4.0,121.54
Jubilee Hills,2133,3,3.0,2.5,396.0
Jubilee Hills,2977,4,4.0,2.5,527.81
Jubilee Hills,1979,3,4.0,2.5,392.94
Gachibowli,3943,4,4.0,1.5,322.86
Manikonda,3885,4,4.0,4.0,216.31
Banjara Hills,2883,4,4.0,3.0,447.29
Madhapur,1043,2,2.0,1.0,112.01
Gachibowli,2956,4,5.0,1.5,274.41
Madhapur,1780,2,2.0,1.0,195.91
Ameerpet,885,1,1.0,0.0,78.92
Gachibowli,2524,3,3.0,1.5,221.75
Madhapur,3028,4,4.0,1.0,314.39
Ameerpet,2216,3,4.0,0.0,189.14
Uppal,1112,2,3.0,0.1,62.55
Uppal,1180,2,2.0,0.1,64.58
Ameerpet,1663,2,3.0,0.0,131.13
Gachibowli,2532,3,3.0,1.5,237.6
Banjara Hills,3711,4,4.0,3.0,563.4
Miyapur,1398,2,2.0,0.2,90.65
Manikonda,1997,3,3.0,4.0,120.68
Uppal,1494,2,3.0,0.1,77.79
Banjara Hills,1567,2,3.0,3.0,242.91
Miyapur,3120,4,4.0,0.2,195.1
Ameerpet,3379,4,4.0,0.0,270.17
Miyapur,1166,2,2.0,0.2,84.95
Gachibowli,1530,2,3.0,1.5,146.18
Gachibowli,3029,4,4.0,1.5,279.37
Kondapur,1149,2,2.0,2.0,102.03
Ameerpet,2471,3,3.0,0.0,210.86
Kukatpally,825,1,1.0,0.5,76.06
Miyapur,2386,3,3.0,0.2,147.33
Jubilee Hills,1467,2,3.0,2.5,260.57
Jubilee Hills,1692,2,3.0,2.5,347.37
Banjara Hills,2517,3,4.0,3.0,407.23
Uppal,2884,4,4.0,0.1,154.24
Ameerpet,1443,2,2.0,0.0,111.69
Ameerpet,2839,4,4.0,0.0,208.62
Jubilee Hills,3497,4,4.0,2.5,691.81
Ameerpet,1593,2,2.0,0.0,131.52
Uppal,3121,4,4.0,0.1,150.08
Ameerpet,873,1,1.0,0.0,81.81
Kukatpally,3349,4,4.0,0.5,220.67
Madhapur,2585,3,4.0,1.0,240.04
Kondapur,2903,4,4.0,2.0,221.94
Uppal,2783,3,4.0,0.1,144.04
Manikonda,1665,2,2.0,4.0,117.31
Uppal,1365,2,3.0,0.1,85.56
Jubilee Hills,3283,4,4.0,2.5,602.1
Miyapur,3280,4,5.0,0.2,209.17
Banjara Hills,3513,4,4.0,3.0,563.96
Kukatpally,3192,4,5.0,0.5,209.64
Gachibowli,1158,2,2.0,1.5,115.98
Jubilee Hills,1530,2,2.0,2.5,274.95
Ameerpet,3683,4,4.0,0.0,272.44
Kondapur,1569,2,2.0,2.0,152.93
Kukatpally,1832,3,4.0,0.5,143.89
Miyapur,3663,4,4.0,0.2,231.11
Ameerpet,3425,4,4.0,0.0,234.18
Manikonda,3831,4,4.0,4.0,252.26
Banjara Hills,2729,3,3.0,3.0,423.71
Uppal,1404,2,3.0,0.1,81.41
Jubilee Hills,822,1,2.0,2.5,166.78
Uppal,2440,3,3.0,0.1,137.46
Gachibowli,1649,2,2.0,1.5,158.62
Gachibowli,3264,4,4.0,1.5,282.46
Gachibowli,1203,2,2.0,1.5,110.51
Banjara Hills,918,1,1.0,3.0,145.41
Uppal,3855,4,4.0,0.1,179.56
Miyapur,1154,2,2.0,0.2,78.56
Banjara Hills,3619,4,4.0,3.0,567.17
Jubilee Hills,2785,3,3.0,2.5,512.05
Kukatpally,1826,3,3.0,0.5,116.55
Kukatpally,3843,4,4.0,0.5,273.47
Manikonda,2626,3,3.0,4.0,165.94
Madhapur,1927,3,3.0,1.0,212.49
Banjara Hills,2562,3,3.0,3.0,393.05
Kukatpally,1258,2,2.0,0.5,99.21
Kondapur,3706,4,4.0,2.0,296.26
Gachibowli,1731,2,2.0,1.5,167.11
Banjara Hills,2081,3,4.0,3.0,300.96
Banjara Hills,1279,2,3.0,3.0,199.37
Jubilee Hills,3233,4,4.0,2.5,580.8
Uppal,1308,2,2.0,0.1,72.81
Kondapur,1651,2,2.0,2.0,141.41
Kukatpally,2893,4,4.0,0.5,199.5
Kondapur,1381,2,3.0,2.0,117.23
Banjara Hills,3953,4,5.0,3.0,634.46
Jubilee Hills,856,1,1.0,2.5,165.88
Madhapur,1835,3,3.0,1.0,206.22
Kukatpally,1066,2,3.0,0.5,84.69
Gachibowli,1632,2,2.0,1.5,147.16
Uppal,2085,3,4.0,0.1,110.88
Ameerpet,3296,4,4.0,0.0,237.39
Miyapur,1707,2,2.0,0.2,115.24
Manikonda,1964,3,3.0,4.0,127.39
Banjara Hills,1534,2,2.0,3.0,234.93
Banjara Hills,2731,3,3.0,3.0,371.0
Ameerpet,1927,3,3.0,0.0,138.95
Gachibowli,3571,4,4.0,1.5,305.29
Gachibowli,1695,2,2.0,1.5,165.92
Uppal,1627,2,2.0,0.1,85.13
Jubilee Hills,2698,3,3.0,2.5,525.39
Manikonda,3743,4,5.0,4.0,222.34
Uppal,1684,2,2.0,0.1,93.81
Gachibowli,2402,3,4.0,1.5,221.78
Gachibowli,2077,3,3.0,1.5,187.78
Manikonda,1323,2,2.0,4.0,98.16
Manikonda,2001,3,4.0,4.0,125.73
Jubilee Hills,3866,4,4.0,2.5,751.53
Madhapur,3482,4,5.0,1.0,336.38
Kukatpally,2595,3,3.0,0.5,182.56
Uppal,3008,4,4.0,0.1,155.22
Kukatpally,1406,2,2.0,0.5,105.97
Kondapur,2654,3,3.0,2.0,199.5
Kukatpally,1550,2,3.0,0.5,114.78
Jubilee Hills,2337,3,3.0,2.5,388.93
Madhapur,3624,4,4.0,1.0,387.47
Uppal,3392,4,4.0,0.1,167.26
Manikonda,1533,2,2.0,4.0,105.67
Kondapur,1824,3,4.0,2.0,157.18
Ameerpet,1021,2,2.0,0.0,96.51
Ameerpet,1237,2,2.0,0.0,99.36
Miyapur,2456,3,3.0,0.2,156.1
Manikonda,1834,3,4.0,4.0,118.57
Ameerpet,1413,2,3.0,0.0,104.69
Madhapur,1964,3,3.0,1.0,199.41
Manikonda,2409,3,3.0,4.0,155.62
Kukatpally,3743,4,4.0,0.5,270.24
Kukatpally,3329,4,4.0,0.5,223.55
Ameerpet,3019,4,4.0,0.0,239.68
Madhapur,1697,2,2.0,1.0,171.14
Madhapur,1704,2,2.0,1.0,172.47
Kondapur,2681,3,3.0,2.0,214.49
Jubilee Hills,2850,4,4.0,2.5,516.43
Miyapur,1242,2,2.0,0.2,80.82
Miyapur,1034,2,3.0,0.2,74.89
Manikonda,2296,3,3.0,4.0,146.95
Ameerpet,2851,4,4.0,0.0,213.72
Uppal,3180,4,4.0,0.1,154.93
Banjara Hills,3809,4,4.0,3.0,584.97
Manikonda,2434,3,3.0,4.0,159.28
Uppal,3315,4,4.0,0.1,167.94
Madhapur,1555,2,2.0,1.0,160.47
Madhapur,2149,3,3.0,1.0,191.48
Manikonda,2982,4,5.0,4.0,177.67
Manikonda,3661,4,4.0,4.0,231.9
Kondapur,2474,3,3.0,2.0,201.9
Miyapur,2665,3,3.0,0.2,157.72
Madhapur,3469,4,4.0,1.0,343.91
Ameerpet,3659,4,4.0,0.0,255.78
Kukatpally,1748,2,2.0,0.5,136.26
Uppal,1574,2,2.0,0.1,91.1
Manikonda,1423,2,2.0,4.0,101.42
Kukatpally,2500,3,4.0,0.5,182.42
Miyapur,2807,4,5.0,0.2,165.98
Banjara Hills,2241,3,3.0,3.0,329.49
Miyapur,3119,4,5.0,0.2,197.65
Kukatpally,1316,2,2.0,0.5,104.7
Kukatpally,3515,4,4.0,0.5,258.33
Kondapur,2944,4,4.0,2.0,251.61
Jubilee Hills,3265,4,4.0,2.5,604.47
Banjara Hills,1032,2,2.0,3.0,159.73
Banjara Hills,1956,3,3.0,3.0,322.96
Kukatpally,1744,2,2.0,0.5,122.26
Miyapur,1942,3,3.0,0.2,122.6
Manikonda,1919,3,4.0,4.0,135.76
Banjara Hills,3872,4,5.0,3.0,679.2
Manikonda,2171,3,3.0,4.0,142.15
Kukatpally,3747,4,4.0,0.5,259.68
Uppal,2931,4,4.0,0.1,159.03
Banjara Hills,2598,3,3.0,3.0,392.62
Jubilee Hills,3785,4,4.0,2.5,758.72
Uppal,1579,2,2.0,0.1,93.64
Jubilee Hills,2557,3,3.0,2.5,505.55
Gachibowli,3844,4,5.0,1.5,336.17
Miyapur,3119,4,4.0,0.2,172.16
Manikonda,2898,4,4.0,4.0,182.42
Kukatpally,2031,3,3.0,0.5,142.12
Manikonda,3358,4,4.0,4.0,200.32
Gachibowli,1424,2,2.0,1.5,132.64
Manikonda,2462,3,4.0,4.0,155.31
Uppal,3118,4,4.0,0.1,166.83
Manikonda,862,1,1.0,4.0,56.69
Manikonda,3401,4,4.0,4.0,236.59
Kondapur,908,1,1.0,2.0,90.95
Uppal,3432,4,4.0,0.1,174.58
Ameerpet,2541,3,4.0,0.0,185.42
Manikonda,1353,2,2.0,4.0,91.23
Kukatpally,1489,2,2.0,0.5,109.83
Kukatpally,1784,2,2.0,0.5,131.38
Miyapur,1676,2,2.0,0.2,109.25
Ameerpet,3949,4,4.0,0.0,299.23
Miyapur,1870,3,3.0,0.2,117.16
Ameerpet,1277,2,3.0,0.0,108.55
Manikonda,3218,4,4.0,4.0,177.05
Kukatpally,968,1,2.0,0.5,77.61
Uppal,1850,3,4.0,0.1,98.85
Ameerpet,1214,2,2.0,0.0,100.28
Miyapur,979,1,1.0,0.2,71.43
Manikonda,3410,4,5.0,4.0,206.77
Miyapur,2630,3,3.0,0.2,151.14
Manikonda,3102,4,5.0,4.0,179.62
Banjara Hills,3754,4,4.0,3.0,574.69
Banjara Hills,3950,4,4.0,3.0,656.91
Uppal,1162,2,2.0,0.1,73.62
Uppal,3903,4,4.0,0.1,173.83
Gachibowli,3339,4,4.0,1.5,317.29
Miyapur,856,1,1.0,0.2,65.0
Jubilee Hills,983,1,1.0,2.5,191.84
Uppal,1704,2,2.0,0.1,85.93
Ameerpet,3973,4,4.0,0.0,291.94
Gachibowli,2869,4,4.0,1.5,247.74
Kondapur,1922,3,3.0,2.0,170.01
Jubilee Hills,2071,3,4.0,2.5,361.04
Miyapur,1465,2,2.0,0.2,88.28
Uppal,3267,4,4.0,0.1,174.74
Gachibowli,1627,2,2.0,1.5,153.06
Kukatpally,1704,2,2.0,0.5,133.33
Gachibowli,1897,3,4.0,1.5,174.74
Banjara Hills,1216,2,3.0,3.0,189.19
Kondapur,2418,3,3.0,2.0,201.32
Manikonda,1301,2,2.0,4.0,85.57
Madhapur,1516,2,2.0,1.0,142.68
Jubilee Hills,1513,2,3.0,2.5,270.83
Jubilee Hills,3827,4,5.0,2.5,707.18
Kukatpally,1896,3,3.0,0.5,133.29
Gachibowli,1436,2,3.0,1.5,138.64
Ameerpet,3210,4,4.0,0.0,237.73
Manikonda,2893,4,5.0,4.0,191.57
Manikonda,3140,4,4.0,4.0,204.99
Ameerpet,3110,4,4.0,0.0,238.17
Ameerpet,2645,3,4.0,0.0,202.55
Madhapur,3716,4,4.0,1.0,372.32
Jubilee Hills,2363,3,4.0,2.5,445.74
Kukatpally,3725,4,4.0,0.5,262.55
Manikonda,883,1,2.0,4.0,60.37
Jubilee Hills,3632,4,4.0,2.5,655.55
Gachibowli,1428,2,2.0,1.5,129.25
Miyapur,1467,2,2.0,0.2,103.0
Uppal,3033,4,4.0,0.1,165.65
Gachibowli,3583,4,4.0,1.5,284.47
Ameerpet,1129,2,2.0,0.0,102.84
Madhapur,2769,3,3.0,1.0,260.76
Gachibowli,3977,4,5.0,1.5,351.62
Kondapur,2639,3,3.0,2.0,221.05
Madhapur,1212,2,2.0,1.0,130.58
Madhapur,3698,4,4.0,1.0,366.5
Banjara Hills,3015,4,5.0,3.0,482.01
Madhapur,3435,4,5.0,1.0,350.12
Manikonda,1386,2,2.0,4.0,96.95
Uppal,1949,3,3.0,0.1,108.4
Ameerpet,3313,4,4.0,0.0,262.89
Jubilee Hills,2894,4,5.0,2.5,561.56
Madhapur,1091,2,3.0,1.0,119.38
Ameerpet,2272,3,3.0,0.0,188.69
Manikonda,2704,3,3.0,4.0,155.64
Manikonda,1518,2,3.0,4.0,104.32
Manikonda,1332,2,3.0,4.0,90.59
Madhapur,3163,4,4.0,1.0,318.95
Jubilee Hills,1851,3,3.0,2.5,337.49
Uppal,2706,3,3.0,0.1,134.46
Manikonda,1786,2,3.0,4.0,113.59
Jubilee Hills,2830,4,4.0,2.5,555.51
Madhapur,2578,3,3.0,1.0,251.02
Kondapur,900,1,1.0,2.0,74.17
Kukatpally,3648,4,4.0,0.5,266.36
Miyapur,989,1,1.0,0.2,71.14
Jubilee Hills,1048,2,3.0,2.5,209.32
Miyapur,2280,3,4.0,0.2,146.86
Ameerpet,2649,3,3.0,0.0,205.37
Miyapur,2999,4,4.0,0.2,188.8
Manikonda,2600,3,3.0,4.0,158.65
Miyapur,2269,3,4.0,0.2,144.61
Banjara Hills,1207,2,2.0,3.0,199.97
Kukatpally,2993,4,5.0,0.5,224.24
Uppal,3516,4,4.0,0.1,176.27
Banjara Hills,879,1,1.0,3.0,143.6
Manikonda,2306,3,3.0,4.0,163.14
Kukatpally,2995,4,4.0,0.5,210.56
Ameerpet,832,1,1.0,0.0,78.92
Uppal,1484,2,3.0,0.1,85.87
Uppal,2341,3,4.0,0.1,110.08
Jubilee Hills,2604,3,4.0,2.5,484.71
Ameerpet,3230,4,5.0,0.0,257.58
Kukatpally,2984,4,4.0,0.5,205.98
Madhapur,2670,3,3.0,1.0,262.36
Manikonda,2029,3,3.0,4.0,132.67
Madhapur,1248,2,3.0,1.0,134.12
Ameerpet,2115,3,3.0,0.0,175.89
Gachibowli,3568,4,5.0,1.5,312.03
Madhapur,3256,4,4.0,1.0,273.9
Madhapur,1516,2,2.0,1.0,153.67
Kukatpally,3163,4,4.0,0.5,237.37
Kondapur,1918,3,3.0,2.0,159.37
Miyapur,1415,2,2.0,0.2,92.79
Kukatpally,3185,4,5.0,0.5,221.63
Madhapur,2433,3,3.0,1.0,248.34
Jubilee Hills,2079,3,3.0,2.5,368.82
Ameerpet,3551,4,4.0,0.0,278.79
Kukatpally,2346,3,4.0,0.5,183.9
Ameerpet,2588,3,3.0,0.0,209.61
Uppal,2823,4,4.0,0.1,150.06
Kondapur,1954,3,4.0,2.0,169.06
Gachibowli,3101,4,4.0,1.5,306.28
Miyapur,3558,4,4.0,0.2,200.01
Ameerpet,2716,3,3.0,0.0,204.26
Madhapur,918,1,1.0,1.0,95.85
Kukatpally,873,1,2.0,0.5,63.02
Manikonda,2104,3,3.0,4.0,141.27
Manikonda,3985,4,5.0,4.0,247.9
Miyapur,2647,3,4.0,0.2,157.97
Kukatpally,3860,4,4.0,0.5,258.03
Gachibowli,1929,3,3.0,1.5,174.76
Miyapur,2402,3,4.0,0.2,159.88
Miyapur,1677,2,3.0,0.2,113.59
Miyapur,3244,4,4.0,0.2,198.25
Madhapur,3306,4,4.0,1.0,302.85
Kondapur,3646,4,4.0,2.0,305.83
Ameerpet,2721,3,3.0,0.0,192.36
Kondapur,1692,2,2.0,2.0,130.74
Kondapur,2049,3,4.0,2.0,171.71
Kondapur,1064,2,2.0,2.0,93.21
Madhapur,3603,4,4.0,1.0,352.03
Gachibowli,3061,4,4.0,1.5,282.08
Kondapur,1540,2,2.0,2.0,129.59
Kukatpally,3445,4,4.0,0.5,232.03
Banjara Hills,2213,3,3.0,3.0,335.79
Jubilee Hills,1692,2,2.0,2.5,304.63
Banjara Hills,911,1,1.0,3.0,146.72
Ameerpet,3276,4,4.0,0.0,221.57
Manikonda,2566,3,4.0,4.0,179.16
Madhapur,1726,2,2.0,1.0,174.03
Manikonda,3239,4,4.0,4.0,204.51
Madhapur,953,1,1.0,1.0,106.31
Kukatpally,2006,3,4.0,0.5,148.11
Ameerpet,3717,4,4.0,0.0,265.99
Jubilee Hills,1566,2,2.0,2.5,309.55
Kukatpally,3461,4,4.0,0.5,245.07
Gachibowli,2881,4,4.0,1.5,280.53
Madhapur,1626,2,3.0,1.0,187.2
Manikonda,1456,2,2.0,4.0,104.35
Gachibowli,846,1,1.0,1.5,84.87
Kondapur,3001,4,5.0,2.0,245.11
Manikonda,3283,4,4.0,4.0,200.05
Banjara Hills,1497,2,2.0,3.0,240.56
Madhapur,2391,3,3.0,1.0,242.19
Banjara Hills,2268,3,3.0,3.0,349.37
Uppal,3256,4,4.0,0.1,175.85
Ameerpet,2445,3,4.0,0.0,196.65
Miyapur,3899,4,5.0,0.2,229.09
Uppal,1442,2,2.0,0.1,78.76
Manikonda,3805,4,4.0,4.0,228.43
Madhapur,3661,4,4.0,1.0,313.03
Ameerpet,3113,4,4.0,0.0,246.56
Kondapur,2440,3,3.0,2.0,202.35
Ameerpet,2883,4,4.0,0.0,218.43
Madhapur,924,1,1.0,1.0,107.7
Uppal,2265,3,3.0,0.1,118.23
Kukatpally,2839,4,5.0,0.5,188.77
Jubilee Hills,1514,2,2.0,2.5,265.56
Madhapur,3414,4,5.0,1.0,342.35
Miyapur,1132,2,3.0,0.2,78.85
Banjara Hills,2788,3,3.0,3.0,425.6
Kukatpally,2863,4,4.0,0.5,194.99
Uppal,3518,4,4.0,0.1,168.15
Kukatpally,2163,3,4.0,0.5,174.18
Madhapur,3591,4,4.0,1.0,356.87
Banjara Hills,3483,4,5.0,3.0,478.07
Banjara Hills,2552,3,3.0,3.0,426.34
Uppal,2989,4,4.0,0.1,154.36
Kondapur,3615,4,4.0,2.0,322.18
Miyapur,1474,2,2.0,0.2,102.36
Miyapur,1387,2,2.0,0.2,87.7
Jubilee Hills,3918,4,4.0,2.5,803.45
Kondapur,1908,3,3.0,2.0,171.74
Kukatpally,3933,4,4.0,0.5,290.37
Uppal,1898,3,3.0,0.1,94.74
Banjara Hills,1784,2,2.0,3.0,279.3
Jubilee Hills,2053,3,3.0,2.5,400.83
Manikonda,2488,3,3.0,4.0,168.39
Uppal,1070,2,2.0,0.1,66.15
Miyapur,2186,3,3.0,0.2,124.42
Kondapur,3804,4,5.0,2.0,363.01
Kondapur,2953,4,4.0,2.0,243.32
Banjara Hills,1650,2,2.0,3.0,236.24
Miyapur,1403,2,2.0,0.2,84.16
Ameerpet,2707,3,3.0,0.0,194.56
Kondapur,2954,4,4.0,2.0,256.11
Kukatpally,2058,3,3.0,0.5,146.7
Manikonda,813,1,1.0,4.0,63.38
Manikonda,3510,4,5.0,4.0,209.03
Banjara Hills,3212,4,4.0,3.0,452.89
Kondapur,3874,4,4.0,2.0,312.72
Manikonda,1488,2,2.0,4.0,90.17
Banjara Hills,3283,4,4.0,3.0,496.25
Miyapur,1654,2,3.0,0.2,102.82
Kukatpally,2144,3,3.0,0.5,160.58
Manikonda,3771,4,4.0,4.0,246.01
Banjara Hills,3927,4,4.0,3.0,598.37
Kukatpally,1401,2,2.0,0.5,105.78
Miyapur,2528,3,3.0,0.2,154.49
Miyapur,2502,3,4.0,0.2,148.27
Manikonda,1099,2,2.0,4.0,77.81
Ameerpet,1213,2,3.0,0.0,97.46
Manikonda,936,1,1.0,4.0,69.3
Banjara Hills,2748,3,3.0,3.0,391.54
Miyapur,1770,2,3.0,0.2,115.42
Manikonda,3448,4,5.0,4.0,236.17
Manikonda,3900,4,4.0,4.0,250.9
Banjara Hills,1405,2,2.0,3.0,226.93
Banjara Hills,2823,4,4.0,3.0,442.16
Gachibowli,1941,3,3.0,1.5,175.86
Manikonda,3454,4,4.0,4.0,232.71
Kukatpally,3266,4,4.0,0.5,240.9
Manikonda,2836,4,4.0,4.0,185.03
Banjara Hills,2742,3,4.0,3.0,421.69
Jubilee Hills,836,1,2.0,2.5,176.52
Ameerpet,3993,4,4.0,0.0,266.02
Ameerpet,2594,3,3.0,0.0,207.37
Ameerpet,1519,2,2.0,0.0,129.89
Kondapur,3025,4,4.0,2.0,253.35
Manikonda,3544,4,4.0,4.0,222.97
Gachibowli,1348,2,2.0,1.5,132.77
Manikonda,3723,4,5.0,4.0,256.53
Kondapur,3777,4,4.0,2.0,299.6
Manikonda,1671,2,3.0,4.0,107.79
Ameerpet,3987,4,4.0,0.0,293.21
Uppal,3847,4,5.0,0.1,181.81
Kukatpally,1852,3,4.0,0.5,132.21
Uppal,914,1,1.0,0.1,62.7
Kondapur,1713,2,2.0,2.0,155.24
Kondapur,2630,3,4.0,2.0,228.43
Banjara Hills,3732,4,4.0,3.0,587.63
Madhapur,1731,2,2.0,1.0,172.97
Kondapur,2215,3,3.0,2.0,194.83
Miyapur,1674,2,2.0,0.2,103.28
Ameerpet,2399,3,3.0,0.0,177.83
Banjara Hills,1977,3,4.0,3.0,276.53
Ameerpet,3832,4,5.0,0.0,288.82
Manikonda,1708,2,3.0,4.0,112.07
Kondapur,3485,4,4.0,2.0,284.28
Gachibowli,3446,4,5.0,1.5,318.65
Jubilee Hills,2098,3,3.0,2.5,425.06
Ameerpet,1904,3,4.0,0.0,150.45
Manikonda,1464,2,2.0,4.0,105.54
Miyapur,1626,2,3.0,0.2,107.47
Miyapur,2762,3,3.0,0.2,164.34
Gachibowli,1980,3,3.0,1.5,188.47
Uppal,1756,2,2.0,0.1,101.49
Kukatpally,823,1,1.0,0.5,60.3
Gachibowli,2964,4,5.0,1.5,267.71
Jubilee Hills,978,1,1.0,2.5,201.04
Banjara Hills,2365,3,3.0,3.0,390.48
Kondapur,986,1,1.0,2.0,83.25
Kondapur,1364,2,2.0,2.0,120.37
Kukatpally,1469,2,2.0,0.5,103.85
Uppal,2799,3,3.0,0.1,126.35
Jubilee Hills,3872,4,4.0,2.5,756.93
Uppal,2409,3,4.0,0.1,112.19
Manikonda,2580,3,3.0,4.0,173.08
Miyapur,3909,4,4.0,0.2,244.22
Gachibowli,2533,3,3.0,1.5,234.37
Manikonda,1909,3,3.0,4.0,118.34
Miyapur,2468,3,4.0,0.2,153.18
Miyapur,1046,2,2.0,0.2,69.74
Manikonda,3406,4,4.0,4.0,205.44
Ameerpet,3701,4,5.0,0.0,298.24
Uppal,997,1,2.0,0.1,55.37
Madhapur,970,1,2.0,1.0,104.81
Miyapur,3423,4,5.0,0.2,228.35
Banjara Hills,3373,4,5.0,3.0,498.62
Kondapur,1921,3,3.0,2.0,181.77
Banjara Hills,1022,2,2.0,3.0,148.91
Uppal,3007,4,4.0,0.1,148.97
Miyapur,3192,4,4.0,0.2,194.87
Gachibowli,1049,2,2.0,1.5,115.1
Kukatpally,3488,4,4.0,0.5,238.37
Madhapur,3901,4,4.0,1.0,365.08
Gachibowli,3554,4,4.0,1.5,312.97
Gachibowli,1711,2,2.0,1.5,161.36
Banjara Hills,2057,3,3.0,3.0,318.65
Gachibowli,2591,3,3.0,1.5,223.78
Miyapur,3200,4,4.0,0.2,202.92
Banjara Hills,2697,3,3.0,3.0,436.71
Gachibowli,2104,3,3.0,1.5,192.52
Manikonda,3856,4,4.0,4.0,236.62
Ameerpet,3565,4,4.0,0.0,270.19
Uppal,2536,3,3.0,0.1,124.88
Banjara Hills,2180,3,3.0,3.0,315.84
Kondapur,3556,4,5.0,2.0,292.34
Ameerpet,2944,4,4.0,0.0,208.0
Kukatpally,1135,2,2.0,0.5,86.29
Jubilee Hills,2688,3,3.0,2.5,502.37
Kukatpally,2438,3,3.0,0.5,195.92
Miyapur,1479,2,3.0,0.2,89.52
Jubilee Hills,2436,3,3.0,2.5,436.44
Kondapur,2134,3,3.0,2.0,177.2
Banjara Hills,1943,3,3.0,3.0,300.25
Jubilee Hills,3116,4,4.0,2.5,555.78
Ameerpet,1321,2,3.0,0.0,111.51
Jubilee Hills,1181,2,3.0,2.5,204.67
Manikonda,3709,4,4.0,4.0,240.68
Gachibowli,3357,4,5.0,1.5,289.9
Kukatpally,1495,2,2.0,0.5,124.0
Miyapur,873,1,1.0,0.2,62.07
Madhapur,3981,4,4.0,1.0,380.85
Kukatpally,2012,3,3.0,0.5,150.11
Kondapur,2419,3,4.0,2.0,199.74
Miyapur,3906,4,4.0,0.2,238.62
Madhapur,2659,3,4.0,1.0,282.61
Miyapur,2054,3,3.0,0.2,140.11
Ameerpet,815,1,1.0,0.0,76.51
Madhapur,1708,2,2.0,1.0,183.21
Manikonda,2032,3,3.0,4.0,124.77
Ameerpet,3962,4,4.0,0.0,282.41
Ameerpet,2861,4,4.0,0.0,212.63
Gachibowli,3230,4,4.0,1.5,318.58
Banjara Hills,3628,4,4.0,3.0,571.21
Miyapur,959,1,1.0,0.2,66.2
Jubilee Hills,2023,3,3.0,2.5,375.97
Kukatpally,2709,3,3.0,0.5,198.28
Manikonda,3288,4,4.0,4.0,207.78
Banjara Hills,3800,4,4.0,3.0,550.73
Manikonda,2508,3,3.0,4.0,163.45
Jubilee Hills,1897,3,3.0,2.5,345.97
Gachibowli,1917,3,3.0,1.5,193.77
Manikonda,1226,2,2.0,4.0,87.92
Kukatpally,3195,4,4.0,0.5,231.13
Banjara Hills,3566,4,4.0,3.0,551.7
Jubilee Hills,3219,4,4.0,2.5,562.2
Manikonda,2155,3,3.0,4.0,129.92
Madhapur,3055,4,4.0,1.0,313.97
Jubilee Hills,3684,4,4.0,2.5,658.91
Kondapur,3379,4,5.0,2.0,298.45
Kondapur,3199,4,4.0,2.0,283.87
Banjara Hills,2157,3,3.0,3.0,325.15
Madhapur,3175,4,4.0,1.0,295.81
Uppal,3452,4,4.0,0.1,181.71
Manikonda,1789,2,2.0,4.0,118.62
Uppal,1577,2,3.0,0.1,85.18
Jubilee Hills,904,1,1.0,2.5,163.2
Banjara Hills,1877,3,4.0,3.0,273.92
Manikonda,1352,2,2.0,4.0,101.0
Kukatpally,1060,2,2.0,0.5,79.25
Madhapur,1901,3,3.0,1.0,206.61
Miyapur,3696,4,4.0,0.2,219.14
Jubilee Hills,2472,3,3.0,2.5,454.38
Miyapur,3142,4,4.0,0.2,184.7
Kukatpally,3915,4,4.0,0.5,274.23
Gachibowli,2541,3,3.0,1.5,235.23
Kondapur,3781,4,4.0,2.0,296.56
Ameerpet,1026,2,2.0,0.0,102.05
Manikonda,2579,3,3.0,4.0,163.01
Jubilee Hills,1429,2,2.0,2.5,277.05
Jubilee Hills,2312,3,3.0,2.5,465.28
Madhapur,3623,4,4.0,1.0,361.66
Kondapur,2541,3,3.0,2.0,200.19
Jubilee Hills,3904,4,5.0,2.5,723.12
Uppal,3567,4,4.0,0.1,179.46
Jubilee Hills,1190,2,2.0,2.5,213.34
Kukatpally,3956,4,4.0,0.5,261.65
Kukatpally,1817,3,3.0,0.5,136.45
Madhapur,3556,4,4.0,1.0,354.85
Kondapur,3384,4,5.0,2.0,285.71
Miyapur,1596,2,2.0,0.2,98.34
Ameerpet,3243,4,4.0,0.0,236.14
Uppal,2474,3,3.0,0.1,129.58
Banjara Hills,1706,2,3.0,3.0,260.61
Banjara Hills,2163,3,4.0,3.0,307.09
Ameerpet,3905,4,5.0,0.0,259.16
Uppal,3225,4,5.0,0.1,152.01
Miyapur,3141,4,5.0,0.2,193.52
Gachibowli,3837,4,4.0,1.5,321.64
Kondapur,2056,3,4.0,2.0,174.86
Ameerpet,2615,3,4.0,0.0,201.67
Gachibowli,2980,4,4.0,1.5,266.07
Miyapur,2598,3,3.0,0.2,165.04
Madhapur,2641,3,3.0,1.0,259.41
Miyapur,1108,2,2.0,0.2,74.86
Miyapur,3821,4,5.0,0.2,212.78
Uppal,3583,4,5.0,0.1,171.15
Uppal,2215,3,4.0,0.1,105.59
Madhapur,2520,3,3.0,1.0,261.87
Manikonda,3385,4,4.0,4.0,206.88
Kondapur,2769,3,3.0,2.0,248.38
Ameerpet,3679,4,4.0,0.0,303.92
Banjara Hills,2028,3,3.0,3.0,329.56
Ameerpet,2694,3,4.0,0.0,205.21
Manikonda,837,1,1.0,4.0,54.49
Gachibowli,3602,4,4.0,1.5,294.47
Madhapur,2588,3,3.0,1.0,269.65
Jubilee Hills,2756,3,4.0,2.5,466.81
Jubilee Hills,3379,4,4.0,2.5,573.65
Kondapur,1176,2,3.0,2.0,112.0
Gachibowli,892,1,1.0,1.5,99.91
Jubilee Hills,2329,3,4.0,2.5,442.32
Ameerpet,2175,3,3.0,0.0,154.11
Madhapur,2816,4,4.0,1.0,286.23
Uppal,2446,3,3.0,0.1,126.45
Jubilee Hills,2302,3,3.0,2.5,460.73
Jubilee Hills,2708,3,3.0,2.5,487.1
Miyapur,3315,4,4.0,0.2,220.53
Uppal,2857,4,5.0,0.1,150.84
Kondapur,973,1,2.0,2.0,92.27
Miyapur,1367,2,2.0,0.2,96.85
Kondapur,3864,4,5.0,2.0,324.85
Gachibowli,3992,4,4.0,1.5,354.47
Kukatpally,2949,4,4.0,0.5,205.35
Uppal,3310,4,5.0,0.1,157.1
Banjara Hills,2165,3,3.0,3.0,320.77
Kondapur,3204,4,5.0,2.0,254.65
Kondapur,1103,2,2.0,2.0,105.21
Gachibowli,2977,4,4.0,1.5,263.23
Kondapur,1622,2,2.0,2.0,151.72
Madhapur,3953,4,4.0,1.0,421.92
Banjara Hills,1498,2,3.0,3.0,230.97
Manikonda,3909,4,4.0,4.0,241.81
Jubilee Hills,839,1,1.0,2.5,163.01
Kondapur,1884,3,4.0,2.0,172.08
Madhapur,2554,3,3.0,1.0,251.9
Gachibowli,1933,3,3.0,1.5,185.73
Manikonda,2624,3,3.0,4.0,151.84
Banjara Hills,3926,4,4.0,3.0,552.23
Ameerpet,3318,4,4.0,0.0,252.9
Manikonda,3177,4,4.0,4.0,201.66
Uppal,2004,3,3.0,0.1,103.94
Kukatpally,1581,2,2.0,0.5,120.66
Uppal,1068,2,2.0,0.1,63.39
Kukatpally,2501,3,4.0,0.5,171.48
Ameerpet,1154,2,3.0,0.0,105.13
Gachibowli,1053,2,2.0,1.5,108.16
Kondapur,3798,4,4.0,2.0,304.16
Ameerpet,3534,4,4.0,0.0,261.16
Kukatpally,1445,2,3.0,0.5,105.08
Miyapur,2471,3,3.0,0.2,149.96
Jubilee Hills,2594,3,3.0,2.5,508.33
Kukatpally,2417,3,3.0,0.5,179.88
Uppal,1574,2,3.0,0.1,85.41
Jubilee Hills,1250,2,2.0,2.5,240.37
Jubilee Hills,1446,2,2.0,2.5,270.66
Uppal,2206,3,4.0,0.1,111.8
Kukatpally,2723,3,4.0,0.5,191.25
Uppal,1818,3,4.0,0.1,99.6
Madhapur,1402,2,2.0,1.0,151.64
Miyapur,3021,4,4.0,0.2,169.77
Ameerpet,1189,2,2.0,0.0,91.5
Gachibowli,3207,4,4.0,1.5,280.95
Manikonda,1422,2,2.0,4.0,98.43
Gachibowli,2702,3,4.0,1.5,254.27
Miyapur,3143,4,5.0,0.2,187.41
Miyapur,1664,2,2.0,0.2,116.32
Banjara Hills,2256,3,3.0,3.0,360.29
Miyapur,3676,4,4.0,0.2,189.99
Manikonda,2185,3,4.0,4.0,134.06
Uppal,2852,4,4.0,0.1,136.73
Kukatpally,2533,3,3.0,0.5,180.5
Gachibowli,1632,2,3.0,1.5,157.64
Manikonda,1576,2,3.0,4.0,101.09
Jubilee Hills,2016,3,3.0,2.5,375.68
Gachibowli,2714,3,3.0,1.5,236.8
Uppal,2679,3,3.0,0.1,132.68
Gachibowli,1585,2,3.0,1.5,153.53
Gachibowli,2261,3,3.0,1.5,218.94
Banjara Hills,3555,4,4.0,3.0,575.18
Manikonda,3007,4,4.0,4.0,194.23
Kukatpally,3286,4,4.0,0.5,241.48
Kukatpally,925,1,1.0,0.5,77.46
Madhapur,1006,2,2.0,1.0,112.78
Miyapur,3679,4,4.0,0.2,215.71
Banjara Hills,1884,3,3.0,3.0,289.68
Manikonda,2932,4,4.0,4.0,184.56
Miyapur,1901,3,3.0,0.2,116.01
Jubilee Hills,2761,3,3.0,2.5,508.03
Gachibowli,2776,3,3.0,1.5,229.01
Jubilee Hills,3092,4,5.0,2.5,606.55
Miyapur,947,1,1.0,0.2,71.66
Ameerpet,1354,2,2.0,0.0,111.27
Gachibowli,1862,3,3.0,1.5,171.69
Ameerpet,3359,4,5.0,0.0,251.34
Jubilee Hills,1052,2,3.0,2.5,200.1
Madhapur,2112,3,3.0,1.0,212.62
Kondapur,1246,2,2.0,2.0,121.02
Kondapur,915,1,2.0,2.0,87.45
Madhapur,3277,4,4.0,1.0,308.99
Ameerpet,1657,2,2.0,0.0,131.75
Gachibowli,3580,4,4.0,1.5,341.69
Manikonda,2988,4,4.0,4.0,192.32
Manikonda,1554,2,3.0,4.0,105.03
Ameerpet,3234,4,4.0,0.0,239.1
Manikonda,3383,4,5.0,4.0,200.15
Ameerpet,1670,2,3.0,0.0,117.49
Uppal,2070,3,4.0,0.1,100.5
Kukatpally,2698,3,4.0,0.5,184.94
Banjara Hills,2393,3,4.0,3.0,352.03
Jubilee Hills,3747,4,4.0,2.5,657.52
Madhapur,1840,3,4.0,1.0,195.0
Madhapur,1138,2,2.0,1.0,123.21
Kukatpally,2184,3,3.0,0.5,159.05
Kondapur,3832,4,4.0,2.0,333.59
Gachibowli,1702,2,2.0,1.5,156.18
Jubilee Hills,2764,3,4.0,2.5,487.85
Uppal,3993,4,4.0,0.1,205.08
Kukatpally,2318,3,3.0,0.5,147.72
Uppal,2837,4,4.0,0.1,154.07
Ameerpet,1896,3,3.0,0.0,157.01
Banjara Hills,1797,2,3.0,3.0,276.83
Madhapur,830,1,1.0,1.0,91.44
Jubilee Hills,1953,3,4.0,2.5,339.13
Kondapur,3257,4,5.0,2.0,266.84
Banjara Hills,2905,4,5.0,3.0,432.57
Kukatpally,2256,3,4.0,0.5,158.17
Madhapur,3967,4,4.0,1.0,376.14
Gachibowli,2886,4,4.0,1.5,256.75
Jubilee Hills,948,1,2.0,2.5,171.36
Manikonda,837,1,1.0,4.0,54.7
Gachibowli,3051,4,4.0,1.5,288.5
Kukatpally,1877,3,3.0,0.5,133.07
Madhapur,2385,3,3.0,1.0,247.99
Banjara Hills,2275,3,3.0,3.0,393.48
Kondapur,1896,3,3.0,2.0,158.96
Banjara Hills,2398,3,4.0,3.0,405.54
Kondapur,1573,2,3.0,2.0,138.81
Ameerpet,2736,3,3.0,0.0,201.24
Jubilee Hills,2192,3,3.0,2.5,420.17
Ameerpet,3244,4,4.0,0.0,231.66
Banjara Hills,1459,2,3.0,3.0,234.38
Gachibowli,2158,3,3.0,1.5,197.55
Ameerpet,893,1,2.0,0.0,78.48
Manikonda,2479,3,3.0,4.0,162.6
Madhapur,949,1,1.0,1.0,105.32
Madhapur,2606,3,3.0,1.0,259.58
Manikonda,1534,2,3.0,4.0,100.96
Kondapur,3650,4,5.0,2.0,314.39
Kondapur,2783,3,4.0,2.0,225.86
Manikonda,1440,2,2.0,4.0,95.72
Kondapur,2538,3,4.0,2.0,232.87
Jubilee Hills,3830,4,4.0,2.5,645.42
Gachibowli,1461,2,2.0,1.5,137.33
Manikonda,1288,2,2.0,4.0,77.13
Ameerpet,3661,4,4.0,0.0,280.69
Ameerpet,1856,3,3.0,0.0,155.05
Manikonda,2293,3,4.0,4.0,143.05
Madhapur,3829,4,4.0,1.0,383.35
Banjara Hills,1958,3,3.0,3.0,295.45
Banjara Hills,1272,2,3.0,3.0,198.03
Banjara Hills,2167,3,3.0,3.0,332.38
Miyapur,1415,2,2.0,0.2,91.06
Miyapur,2748,3,4.0,0.2,170.43
Ameerpet,2032,3,3.0,0.0,162.94
Kondapur,3903,4,4.0,2.0,348.17
Manikonda,3385,4,5.0,4.0,209.05
Manikonda,3159,4,5.0,4.0,202.09
Miyapur,3584,4,4.0,0.2,223.59
Jubilee Hills,891,1,1.0,2.5,179.16
Madhapur,2456,3,3.0,1.0,238.85
Jubilee Hills,3481,4,4.0,2.5,625.78
Madhapur,3267,4,4.0,1.0,330.11
Madhapur,1266,2,2.0,1.0,125.87
Miyapur,1208,2,2.0,0.2,81.34
Banjara Hills,1950,3,3.0,3.0,315.56
Gachibowli,2822,4,5.0,1.5,261.54
Ameerpet,883,1,1.0,0.0,87.6
Madhapur,3840,4,5.0,1.0,388.61
Uppal,3847,4,5.0,0.1,179.91
Miyapur,3392,4,4.0,0.2,195.1
Uppal,2099,3,3.0,0.1,103.52
Kukatpally,1594,2,3.0,0.5,117.23
Manikonda,1382,2,3.0,4.0,85.08
Miyapur,1604,2,2.0,0.2,98.13
Manikonda,2749,3,3.0,4.0,170.36
Kukatpally,2327,3,3.0,0.5,150.71
Manikonda,1348,2,2.0,4.0,88.8
Gachibowli,3442,4,5.0,1.5,315.81
Ameerpet,1822,3,3.0,0.0,133.44
Gachibowli,1166,2,3.0,1.5,117.96
Ameerpet,1999,3,4.0,0.0,168.46
Miyapur,1315,2,3.0,0.2,86.31
Jubilee Hills,1470,2,2.0,2.5,276.7
Gachibowli,2970,4,4.0,1.5,231.47
Miyapur,3222,4,4.0,0.2,191.54
Uppal,2060,3,4.0,0.1,118.25
Kondapur,938,1,1.0,2.0,98.14
Kukatpally,3792,4,5.0,0.5,274.0
Kondapur,1923,3,4.0,2.0,170.07
Kondapur,953,1,2.0,2.0,92.28
Ameerpet,3419,4,4.0,0.0,256.18
Gachibowli,897,1,1.0,1.5,86.53
Jubilee Hills,1563,2,2.0,2.5,285.72
Miyapur,2789,3,4.0,0.2,161.47
Ameerpet,940,1,1.0,0.0,75.36
Kukatpally,882,1,1.0,0.5,77.75
Kondapur,1356,2,3.0,2.0,125.52
Madhapur,1750,2,2.0,1.0,192.22
Gachibowli,3698,4,4.0,1.5,306.48
Banjara Hills,979,1,2.0,3.0,141.7
Ameerpet,1815,3,3.0,0.0,137.98
Jubilee Hills,848,1,1.0,2.5,174.29
Miyapur,2325,3,3.0,0.2,152.6
Banjara Hills,2424,3,3.0,3.0,339.63
Madhapur,3162,4,4.0,1.0,316.08
Ameerpet,2436,3,3.0,0.0,193.86
Miyapur,3312,4,4.0,0.2,192.83
Uppal,1279,2,3.0,0.1,85.92
Ameerpet,1656,2,2.0,0.0,118.96
Ameerpet,1477,2,2.0,0.0,122.37
Gachibowli,1154,2,2.0,1.5,117.45
Manikonda,2156,3,3.0,4.0,144.33
Ameerpet,1830,3,3.0,0.0,149.67
Kondapur,1871,3,3.0,2.0,157.96
Banjara Hills,2565,3,3.0,3.0,363.0
Uppal,2456,3,3.0,0.1,136.06
Kondapur,3025,4,4.0,2.0,257.25
Uppal,2330,3,4.0,0.1,124.26
Gachibowli,3403,4,5.0,1.5,308.47
Banjara Hills,1355,2,2.0,3.0,231.69
Kukatpally,2593,3,4.0,0.5,174.88
Gachibowli,1686,2,2.0,1.5,161.03
Ameerpet,3003,4,4.0,0.0,234.29
Gachibowli,1060,2,2.0,1.5,95.53
Miyapur,1760,2,2.0,0.2,109.72
Kondapur,1354,2,2.0,2.0,130.05
Gachibowli,3899,4,4.0,1.5,340.31
Manikonda,2001,3,3.0,4.0,135.42
Kondapur,3344,4,5.0,2.0,288.91
Manikonda,2427,3,3.0,4.0,154.85
Uppal,1546,2,2.0,0.1,77.11
Madhapur,1320,2,3.0,1.0,126.53
Uppal,3128,4,4.0,0.1,141.84
Kukatpally,971,1,2.0,0.5,84.29
Ameerpet,3557,4,4.0,0.0,265.41
Madhapur,1732,2,2.0,1.0,188.61
Ameerpet,3976,4,5.0,0.0,303.52
Madhapur,3763,4,4.0,1.0,343.45
Jubilee Hills,3622,4,5.0,2.5,688.44
Manikonda,2888,4,4.0,4.0,192.19
Manikonda,1692,2,2.0,4.0,105.38
Kondapur,1929,3,4.0,2.0,148.87
Madhapur,1788,2,2.0,1.0,185.1
Manikonda,2033,3,4.0,4.0,135.05
Kondapur,1428,2,2.0,2.0,129.97
Banjara Hills,3799,4,4.0,3.0,599.17
Jubilee Hills,1047,2,2.0,2.5,190.61
Gachibowli,1449,2,3.0,1.5,145.37
Jubilee Hills,1449,2,2.0,2.5,268.8
Banjara Hills,2803,4,5.0,3.0,403.04
Uppal,2232,3,4.0,0.1,113.88
Uppal,2548,3,3.0,0.1,130.41
Ameerpet,2921,4,5.0,0.0,221.68
Ameerpet,3523,4,5.0,0.0,253.01
Jubilee Hills,1794,2,2.0,2.5,361.03
Manikonda,3524,4,5.0,4.0,229.63
Manikonda,1721,2,2.0,4.0,111.29
Ameerpet,2297,3,4.0,0.0,164.72
Miyapur,987,1,2.0,0.2,68.37
Kondapur,3277,4,5.0,2.0,282.16
Jubilee Hills,3681,4,4.0,2.5,630.17
Manikonda,1626,2,2.0,4.0,102.4
Uppal,1395,2,3.0,0.1,85.48
Madhapur,3259,4,4.0,1.0,341.54
Madhapur,3510,4,5.0,1.0,344.84
Ameerpet,3092,4,4.0,0.0,241.03
Gachibowli,3018,4,4.0,1.5,266.14
Gachibowli,977,1,2.0,1.5,91.89
Madhapur,3962,4,4.0,1.0,414.0
Uppal,937,1,1.0,0.1,66.29
Banjara Hills,906,1,1.0,3.0,153.78
Jubilee Hills,2593,3,4.0,2.5,505.32
Manikonda,3047,4,4.0,4.0,190.36
Jubilee Hills,2864,4,4.0,2.5,528.75
Kukatpally,1266,2,2.0,0.5,115.87
Jubilee Hills,2792,3,4.0,2.5,535.03
Uppal,3383,4,4.0,0.1,166.81
Jubilee Hills,1037,2,3.0,2.5,215.92
Miyapur,1344,2,2.0,0.2,80.25
Banjara Hills,3727,4,4.0,3.0,577.33
Uppal,3639,4,5.0,0.1,187.48
Jubilee Hills,1363,2,3.0,2.5,266.13
Jubilee Hills,1756,2,3.0,2.5,326.45
Manikonda,886,1,2.0,4.0,63.5
Madhapur,3866,4,4.0,1.0,389.88
Jubilee Hills,3470,4,4.0,2.5,680.43
Miyapur,1366,2,2.0,0.2,88.38
Kondapur,3428,4,4.0,2.0,275.97
Madhapur,2008,3,3.0,1.0,221.81
Madhapur,3071,4,4.0,1.0,312.96
Kondapur,3565,4,4.0,2.0,278.27
Uppal,852,1,1.0,0.1,50.9
Gachibowli,1684,2,2.0,1.5,155.68
Manikonda,1894,3,3.0,4.0,128.97
Miyapur,2144,3,3.0,0.2,133.34
Uppal,3559,4,4.0,0.1,167.32
Jubilee Hills,2906,4,5.0,2.5,562.68
Banjara Hills,2089,3,3.0,3.0,320.76
Ameerpet,3425,4,4.0,0.0,265.24
Kukatpally,3247,4,4.0,0.5,227.59
Gachibowli,916,1,1.0,1.5,95.33
Ameerpet,3397,4,4.0,0.0,243.52
Miyapur,3902,4,5.0,0.2,221.04
Madhapur,3171,4,4.0,1.0,311.34
Kukatpally,895,1,2.0,0.5,76.09
Ameerpet,1937,3,3.0,0.0,169.8
Kondapur,3151,4,4.0,2.0,279.61
Banjara Hills,1103,2,2.0,3.0,184.88
Kukatpally,1931,3,4.0,0.5,134.94
Manikonda,889,1,2.0,4.0,55.03
Ameerpet,1072,2,3.0,0.0,82.18
Banjara Hills,3458,4,5.0,3.0,512.09
Ameerpet,3374,4,5.0,0.0,239.74
Miyapur,875,1,1.0,0.2,64.98
Miyapur,2019,3,3.0,0.2,121.4
Kukatpally,2332,3,4.0,0.5,164.02
Kukatpally,2406,3,3.0,0.5,166.6
Miyapur,3353,4,4.0,0.2,211.14
Ameerpet,3673,4,5.0,0.0,261.44
Miyapur,2417,3,3.0,0.2,145.55
Gachibowli,1899,3,3.0,1.5,192.96
Manikonda,1779,2,2.0,4.0,114.14
Miyapur,1157,2,2.0,0.2,82.62
Banjara Hills,2929,4,4.0,3.0,440.61
Madhapur,3302,4,5.0,1.0,330.44
Miyapur,3514,4,4.0,0.2,212.8
Madhapur,2379,3,3.0,1.0,223.1
Miyapur,3295,4,4.0,0.2,187.31
Kukatpally,2118,3,3.0,0.5,169.04
Kondapur,2023,3,3.0,2.0,177.21
Banjara Hills,1838,3,3.0,3.0,290.39
Kukatpally,3531,4,4.0,0.5,249.31
Banjara Hills,2910,4,4.0,3.0,435.55
Gachibowli,2974,4,4.0,1.5,263.77
Miyapur,3007,4,5.0,0.2,164.24
Kukatpally,2505,3,3.0,0.5,182.31
Kondapur,3653,4,4.0,2.0,286.35
Miyapur,1012,2,2.0,0.2,63.18
Kondapur,1302,2,3.0,2.0,128.21
Banjara Hills,3623,4,4.0,3.0,545.02
Ameerpet,3763,4,4.0,0.0,275.96
Jubilee Hills,918,1,1.0,2.5,183.83
Manikonda,3556,4,4.0,4.0,218.19
Kukatpally,923,1,1.0,0.5,72.22
Madhapur,2982,4,4.0,1.0,304.75
Kukatpally,2010,3,3.0,0.5,142.98
Manikonda,2974,4,4.0,4.0,179.95
Miyapur,3291,4,5.0,0.2,197.76
Banjara Hills,1337,2,2.0,3.0,229.05
Madhapur,2590,3,3.0,1.0,272.99
Gachibowli,932,1,1.0,1.5,88.27
Jubilee Hills,1317,2,2.0,2.5,245.61
Manikonda,3412,4,4.0,4.0,205.44
Gachibowli,814,1,1.0,1.5,79.47
Kukatpally,2898,4,4.0,0.5,214.42
Kondapur,1810,3,4.0,2.0,158.07
Miyapur,3575,4,4.0,0.2,226.24
Jubilee Hills,2062,3,3.0,2.5,397.09
Banjara Hills,1469,2,2.0,3.0,239.26
Jubilee Hills,1375,2,2.0,2.5,255.38
Manikonda,1129,2,2.0,4.0,65.84
Uppal,2107,3,3.0,0.1,114.74
Ameerpet,1609,2,2.0,0.0,123.58
Miyapur,900,1,1.0,0.2,58.2
Jubilee Hills,2338,3,3.0,2.5,460.12
Kukatpally,2317,3,3.0,0.5,173.75
Gachibowli,2734,3,3.0,1.5,226.15
Ameerpet,1758,2,2.0,0.0,149.79
Jubilee Hills,3231,4,5.0,2.5,609.62
Kukatpally,3226,4,5.0,0.5,211.69
Kukatpally,3477,4,5.0,0.5,233.21
Miyapur,1387,2,2.0,0.2,89.9
Madhapur,3906,4,5.0,1.0,381.59
Uppal,2875,4,5.0,0.1,139.04
Kukatpally,2043,3,4.0,0.5,142.53
Gachibowli,985,1,1.0,1.5,91.28
Miyapur,2447,3,4.0,0.2,148.57
Kukatpally,2629,3,3.0,0.5,191.57
Kondapur,3062,4,4.0,2.0,254.68
Manikonda,2581,3,3.0,4.0,170.65
Kukatpally,994,1,1.0,0.5,82.81
Gachibowli,1909,3,4.0,1.5,166.19
Madhapur,860,1,1.0,1.0,95.65
Manikonda,2517,3,3.0,4.0,158.02
Banjara Hills,1682,2,2.0,3.0,268.65
Banjara Hills,1621,2,2.0,3.0,257.56
Manikonda,1006,2,2.0,4.0,69.64
Madhapur,989,1,2.0,1.0,108.81
Manikonda,1604,2,3.0,4.0,110.3
Madhapur,1563,2,2.0,1.0,158.59
Jubilee Hills,1771,2,3.0,2.5,327.44
Manikonda,3301,4,5.0,4.0,185.46
Kondapur,3020,4,4.0,2.0,228.97
Kondapur,1664,2,2.0,2.0,138.08
Madhapur,2022,3,4.0,1.0,194.64
Miyapur,3442,4,4.0,0.2,195.04
Jubilee Hills,3867,4,4.0,2.5,740.71
Banjara Hills,3651,4,4.0,3.0,574.51
Ameerpet,2806,4,4.0,0.0,199.72
Madhapur,1344,2,3.0,1.0,150.64
Gachibowli,1591,2,3.0,1.5,150.09
Banjara Hills,2636,3,3.0,3.0,394.51
Madhapur,3971,4,4.0,1.0,412.3
Ameerpet,1362,2,2.0,0.0,111.89
Kondapur,3077,4,4.0,2.0,237.74
Banjara Hills,2023,3,3.0,3.0,306.37
Manikonda,1539,2,2.0,4.0,104.58
Madhapur,3845,4,4.0,1.0,393.53
Kondapur,1906,3,3.0,2.0,156.71
Uppal,1955,3,3.0,0.1,110.62
Madhapur,1802,3,4.0,1.0,173.99
Ameerpet,3314,4,5.0,0.0,227.4
Banjara Hills,3960,4,4.0,3.0,547.51
Jubilee Hills,2680,3,3.0,2.5,485.59
Gachibowli,2891,4,5.0,1.5,239.9
Miyapur,2518,3,3.0,0.2,153.77
Manikonda,1949,3,3.0,4.0,135.44
Miyapur,3719,4,4.0,0.2,233.79
Ameerpet,3502,4,5.0,0.0,266.29
Banjara Hills,3405,4,5.0,3.0,509.77
Banjara Hills,1629,2,3.0,3.0,249.37
Madhapur,3006,4,4.0,1.0,304.01
Manikonda,3603,4,4.0,4.0,226.98
Ameerpet,3812,4,4.0,0.0,285.58
Kukatpally,2145,3,3.0,0.5,156.02
Kukatpally,3884,4,4.0,0.5,283.11
Jubilee Hills,3811,4,4.0,2.5,679.05
Manikonda,2498,3,3.0,4.0,170.62
Uppal,1385,2,2.0,0.1,82.49
Jubilee Hills,3634,4,5.0,2.5,677.67
Kondapur,1290,2,2.0,2.0,121.26
Ameerpet,830,1,2.0,0.0,77.26
Kondapur,2987,4,5.0,2.0,258.33
Madhapur,3186,4,4.0,1.0,331.72
Banjara Hills,2546,3,3.0,3.0,415.72
Uppal,2960,4,4.0,0.1,162.18
Ameerpet,2542,3,3.0,0.0,181.08
Jubilee Hills,3646,4,4.0,2.5,703.3
Ameerpet,1420,2,2.0,0.0,119.24
Gachibowli,3606,4,5.0,1.5,306.41
Kondapur,2761,3,3.0,2.0,233.48
Banjara Hills,3872,4,4.0,3.0,545.42
Banjara Hills,2558,3,3.0,3.0,390.81
Gachibowli,2329,3,3.0,1.5,206.77
Miyapur,1430,2,2.0,0.2,90.8
Banjara Hills,3960,4,4.0,3.0,635.3
Manikonda,904,1,1.0,4.0,73.25
Jubilee Hills,1245,2,3.0,2.5,242.49
Ameerpet,1692,2,2.0,0.0,133.13
Kondapur,3084,4,4.0,2.0,254.67
Ameerpet,1654,2,2.0,0.0,143.34
Uppal,2932,4,4.0,0.1,152.03
Madhapur,1563,2,2.0,1.0,159.79
Ameerpet,2298,3,3.0,0.0,192.76
Uppal,2342,3,3.0,0.1,118.62
Uppal,2201,3,4.0,0.1,108.44
Banjara Hills,1389,2,2.0,3.0,191.65
Madhapur,2359,3,3.0,1.0,254.17
Miyapur,928,1,1.0,0.2,72.39
Jubilee Hills,3010,4,5.0,2.5,583.89
Jubilee Hills,3477,4,4.0,2.5,641.88
Ameerpet,1567,2,3.0,0.0,125.45
Madhapur,3085,4,4.0,1.0,319.62
Uppal,1620,2,2.0,0.1,88.51
Miyapur,1933,3,3.0,0.2,138.62
Ameerpet,1630,2,2.0,0.0,132.59
Manikonda,3122,4,4.0,4.0,173.28
Madhapur,2558,3,3.0,1.0,228.21
Miyapur,1222,2,2.0,0.2,93.28
Manikonda,2423,3,3.0,4.0,166.79
Kukatpally,985,1,1.0,0.5,73.0
Jubilee Hills,2236,3,3.0,2.5,399.49
Uppal,2125,3,4.0,0.1,104.22
Ameerpet,2799,3,3.0,0.0,203.71
Miyapur,900,1,1.0,0.2,60.21
Manikonda,2210,3,3.0,4.0,138.48
Kukatpally,3339,4,4.0,0.5,222.65
Madhapur,1056,2,3.0,1.0,120.18
Madhapur,3038,4,4.0,1.0,299.33
Ameerpet,979,1,2.0,0.0,86.5
Banjara Hills,1337,2,2.0,3.0,221.18
Miyapur,944,1,1.0,0.2,58.27
Madhapur,2939,4,5.0,1.0,313.49
Jubilee Hills,1498,2,2.0,2.5,274.98
Madhapur,3454,4,5.0,1.0,340.46
Manikonda,2651,3,3.0,4.0,156.71
Kondapur,1819,3,3.0,2.0,147.45
Manikonda,2429,3,3.0,4.0,159.59
Kukatpally,1889,3,3.0,0.5,131.24
Jubilee Hills,3310,4,4.0,2.5,571.92
Kukatpally,3829,4,4.0,0.5,273.47
Miyapur,3168,4,4.0,0.2,192.48
Miyapur,3495,4,5.0,0.2,216.42
Gachibowli,2926,4,4.0,1.5,259.02
Kukatpally,3836,4,5.0,0.5,264.09
Manikonda,1336,2,2.0,4.0,102.46
Ameerpet,1437,2,2.0,0.0,112.12
Jubilee Hills,905,1,1.0,2.5,172.32
Miyapur,3421,4,4.0,0.2,200.73
Uppal,1275,2,2.0,0.1,65.03
Uppal,2142,3,3.0,0.1,105.78
Kondapur,3695,4,4.0,2.0,293.29
Gachibowli,1909,3,3.0,1.5,161.15
Gachibowli,3224,4,5.0,1.5,282.01
Manikonda,2172,3,3.0,4.0,137.05
Manikonda,2871,4,5.0,4.0,178.48
Kondapur,1463,2,2.0,2.0,128.22
Banjara Hills,1751,2,2.0,3.0,293.18
Ameerpet,3152,4,4.0,0.0,232.85
Kukatpally,1941,3,3.0,0.5,143.79
Kondapur,3521,4,4.0,2.0,308.73
Ameerpet,1349,2,2.0,0.0,119.0
Uppal,2637,3,4.0,0.1,125.33
Ameerpet,3975,4,5.0,0.0,292.54
Uppal,1024,2,2.0,0.1,60.66
Ameerpet,2887,4,4.0,0.0,226.39
Uppal,2831,4,4.0,0.1,132.47
Gachibowli,1960,3,3.0,1.5,181.52
Madhapur,3643,4,5.0,1.0,388.67
Uppal,1746,2,2.0,0.1,91.19
Madhapur,1427,2,2.0,1.0,147.67
Ameerpet,2861,4,5.0,0.0,235.76
Jubilee Hills,1386,2,2.0,2.5,264.77
Banjara Hills,2597,3,3.0,3.0,400.25
Miyapur,1800,3,4.0,0.2,120.02
Uppal,3032,4,4.0,0.1,165.09
Banjara Hills,1455,2,2.0,3.0,248.85
Manikonda,2203,3,4.0,4.0,141.77
Miyapur,2866,4,5.0,0.2,167.77
Gachibowli,2010,3,3.0,1.5,176.31
Uppal,1449,2,3.0,0.1,84.03
Jubilee Hills,3943,4,4.0,2.5,685.91
Jubilee Hills,2452,3,3.0,2.5,482.47
Gachibowli,2217,3,4.0,1.5,218.52
Uppal,2201,3,4.0,0.1,109.06
Jubilee Hills,1031,2,2.0,2.5,194.65
Jubilee Hills,2675,3,3.0,2.5,468.85
Jubilee Hills,1735,2,3.0,2.5,316.38
Kukatpally,2192,3,3.0,0.5,164.03
Miyapur,3718,4,4.0,0.2,226.64
Manikonda,2568,3,3.0,4.0,155.82
Miyapur,1799,2,2.0,0.2,105.97
Madhapur,1001,2,2.0,1.0,117.0
Ameerpet,3205,4,4.0,0.0,214.92
Uppal,3115,4,4.0,0.1,152.39
Uppal,3168,4,4.0,0.1,159.28
Miyapur,1052,2,2.0,0.2,73.08
Madhapur,3274,4,4.0,1.0,301.16
Kukatpally,3005,4,4.0,0.5,211.36
Jubilee Hills,2669,3,3.0,2.5,484.47
Jubilee Hills,905,1,1.0,2.5,182.14
Uppal,2603,3,3.0,0.1,139.22
Kukatpally,3552,4,4.0,0.5,248.07
Jubilee Hills,1142,2,2.0,2.5,237.67
Banjara Hills,3533,4,4.0,3.0,533.5
Kondapur,3045,4,5.0,2.0,260.49
Miyapur,1058,2,2.0,0.2,83.76
Madhapur,1338,2,2.0,1.0,133.8
Kukatpally,3456,4,4.0,0.5,240.92
Miyapur,2792,3,4.0,0.2,171.86
Madhapur,3844,4,4.0,1.0,375.17
Gachibowli,3327,4,4.0,1.5,290.89
Banjara Hills,3611,4,5.0,3.0,589.28
Madhapur,2480,3,4.0,1.0,251.47
Banjara Hills,803,1,1.0,3.0,122.42
Miyapur,2422,3,3.0,0.2,143.54
Madhapur,3366,4,4.0,1.0,334.19
Madhapur,1387,2,3.0,1.0,135.77
Kondapur,801,1,1.0,2.0,77.16
Banjara Hills,1107,2,3.0,3.0,177.16
Banjara Hills,3078,4,4.0,3.0,450.47
Madhapur,1221,2,2.0,1.0,125.8
Kondapur,1852,3,4.0,2.0,146.94
Manikonda,1050,2,2.0,4.0,67.48
Manikonda,3307,4,4.0,4.0,198.51
Uppal,1941,3,3.0,0.1,116.87
Kukatpally,3470,4,4.0,0.5,228.9
Jubilee Hills,3101,4,5.0,2.5,632.03
Miyapur,3479,4,4.0,0.2,199.02
Kondapur,3749,4,4.0,2.0,295.91
Kukatpally,3772,4,4.0,0.5,255.75
Ameerpet,3376,4,4.0,0.0,228.27
Banjara Hills,3794,4,5.0,3.0,580.38
Jubilee Hills,3696,4,4.0,2.5,681.99
Gachibowli,1528,2,2.0,1.5,161.23
Kukatpally,3652,4,5.0,0.5,259.12
Miyapur,3856,4,4.0,0.2,219.58
Banjara Hills,2818,4,4.0,3.0,450.33
Uppal,3615,4,5.0,0.1,192.44
Gachibowli,3253,4,5.0,1.5,274.49
Manikonda,3792,4,5.0,4.0,246.6
Gachibowli,1635,2,3.0,1.5,144.42
Ameerpet,871,1,1.0,0.0,75.43
Madhapur,3910,4,4.0,1.0,411.28
Madhapur,3642,4,4.0,1.0,338.75
Banjara Hills,1103,2,2.0,3.0,192.23
Manikonda,1807,3,3.0,4.0,117.48
Uppal,2323,3,3.0,0.1,113.04
Madhapur,2051,3,4.0,1.0,206.73
Madhapur,2002,3,3.0,1.0,220.67
Kukatpally,2191,3,4.0,0.5,157.76
Miyapur,1651,2,2.0,0.2,110.15
Kondapur,1906,3,3.0,2.0,152.75
Banjara Hills,2373,3,3.0,3.0,358.75
Madhapur,2822,4,4.0,1.0,300.8
Banjara Hills,3432,4,4.0,3.0,502.44
Kukatpally,1443,2,2.0,0.5,113.11
Banjara Hills,1585,2,3.0,3.0,234.06
Kondapur,1456,2,2.0,2.0,119.82
Uppal,1452,2,2.0,0.1,89.65
Madhapur,1097,2,2.0,1.0,125.57
Madhapur,1628,2,2.0,1.0,159.07
Banjara Hills,1042,2,3.0,3.0,159.03
Madhapur,3784,4,4.0,1.0,373.67
Kukatpally,3447,4,4.0,0.5,237.67
Uppal,3988,4,5.0,0.1,189.81
Madhapur,2760,3,4.0,1.0,265.08
Gachibowli,3724,4,4.0,1.5,348.65
Jubilee Hills,3130,4,4.0,2.5,587.68
Banjara Hills,2953,4,5.0,3.0,463.45
Gachibowli,1716,2,2.0,1.5,159.65
Jubilee Hills,1020,2,2.0,2.5,192.68
Miyapur,860,1,1.0,0.2,70.17
Banjara Hills,3896,4,4.0,3.0,556.45
Kukatpally,1146,2,2.0,0.5,87.45
Kukatpally,2419,3,3.0,0.5,177.22
Kukatpally,3509,4,4.0,0.5,234.15
Kukatpally,3563,4,5.0,0.5,242.4
Miyapur,2204,3,3.0,0.2,141.67
Banjara Hills,1460,2,3.0,3.0,253.2
Banjara Hills,1078,2,2.0,3.0,174.9
Miyapur,2104,3,3.0,0.2,135.61
Kukatpally,3110,4,5.0,0.5,213.37
Uppal,2659,3,4.0,0.1,136.23
Madhapur,2020,3,4.0,1.0,206.33
Kukatpally,892,1,2.0,0.5,80.38
Miyapur,3988,4,4.0,0.2,232.43
Madhapur,3386,4,4.0,1.0,299.3
Ameerpet,2815,4,4.0,0.0,218.87
Kondapur,3309,4,4.0,2.0,268.92
Uppal,2004,3,4.0,0.1,103.68
Kondapur,3639,4,4.0,2.0,268.66
Kukatpally,2885,4,4.0,0.5,193.41
Gachibowli,2376,3,3.0,1.5,197.83
Banjara Hills,1434,2,2.0,3.0,227.6
Gachibowli,2554,3,3.0,1.5,249.64
Manikonda,3970,4,4.0,4.0,243.29
Madhapur,1217,2,3.0,1.0,127.01
Ameerpet,1338,2,3.0,0.0,111.2
Manikonda,2603,3,4.0,4.0,180.68
Jubilee Hills,3730,4,5.0,2.5,690.73
Uppal,2720,3,3.0,0.1,148.81
Kondapur,1013,2,2.0,2.0,91.72
Banjara Hills,1517,2,2.0,3.0,246.36
Miyapur,3386,4,4.0,0.2,210.51
Jubilee Hills,3850,4,4.0,2.5,739.17
Manikonda,1465,2,2.0,4.0,101.5
Ameerpet,1580,2,3.0,0.0,106.28
Madhapur,1521,2,2.0,1.0,153.27
Gachibowli,1610,2,3.0,1.5,162.16
Kondapur,2410,3,3.0,2.0,202.44
Ameerpet,2141,3,4.0,0.0,167.14
Ameerpet,2919,4,4.0,0.0,212.34
Uppal,3096,4,4.0,0.1,156.8
Gachibowli,1739,2,2.0,1.5,173.08
Banjara Hills,2717,3,3.0,3.0,388.06
Kondapur,1159,2,3.0,2.0,102.69
Jubilee Hills,968,1,2.0,2.5,179.73
Banjara Hills,3890,4,5.0,3.0,628.46
Miyapur,956,1,2.0,0.2,67.19
Uppal,1712,2,3.0,0.1,92.6
Jubilee Hills,2602,3,3.0,2.5,501.35
Gachibowli,2914,4,4.0,1.5,262.64
Banjara Hills,3786,4,4.0,3.0,644.1
Madhapur,2461,3,3.0,1.0,228.98
Manikonda,3766,4,4.0,4.0,216.23
Jubilee Hills,1658,2,2.0,2.5,309.56
Kondapur,3788,4,4.0,2.0,288.63
Jubilee Hills,3023,4,4.0,2.5,592.46
Jubilee Hills,2441,3,3.0,2.5,440.95
Manikonda,2363,3,3.0,4.0,145.79
Gachibowli,2145,3,4.0,1.5,167.08
Madhapur,3833,4,4.0,1.0,412.21
Manikonda,1728,2,2.0,4.0,121.16
Madhapur,2544,3,4.0,1.0,250.61
Gachibowli,1518,2,3.0,1.5,149.27
Manikonda,1833,3,4.0,4.0,119.52
Kondapur,2137,3,4.0,2.0,184.91
Miyapur,2741,3,3.0,0.2,173.26
Banjara Hills,2309,3,4.0,3.0,362.84
Kukatpally,3019,4,4.0,0.5,223.13
Manikonda,2847,4,4.0,4.0,184.91
Miyapur,1393,2,2.0,0.2,102.37
Madhapur,2563,3,3.0,1.0,254.53
Madhapur,3824,4,4.0,1.0,329.39
Banjara Hills,3131,4,4.0,3.0,446.88
Jubilee Hills,3341,4,4.0,2.5,618.12
Uppal,2681,3,3.0,0.1,133.61
Manikonda,1083,2,3.0,4.0,79.12
Manikonda,2891,4,4.0,4.0,186.37
Jubilee Hills,1093,2,2.0,2.5,212.29
Gachibowli,3196,4,4.0,1.5,286.65
Madhapur,2992,4,5.0,1.0,325.55
Uppal,3217,4,4.0,0.1,154.92
Madhapur,1602,2,2.0,1.0,169.84
Manikonda,1538,2,2.0,4.0,103.49
Gachibowli,3212,4,4.0,1.5,286.33
Gachibowli,1600,2,2.0,1.5,158.86
Manikonda,3572,4,4.0,4.0,212.65
Manikonda,1856,3,3.0,4.0,118.92
Jubilee Hills,3068,4,5.0,2.5,567.42
Gachibowli,2633,3,3.0,1.5,246.13
Gachibowli,929,1,1.0,1.5,87.21
Kondapur,3439,4,4.0,2.0,287.39
Gachibowli,3421,4,5.0,1.5,284.26
Manikonda,1204,2,3.0,4.0,79.85
Ameerpet,2926,4,4.0,0.0,213.79
Ameerpet,3845,4,4.0,0.0,289.66
Gachibowli,3738,4,4.0,1.5,308.8
Madhapur,2935,4,4.0,1.0,288.31
Gachibowli,3537,4,5.0,1.5,296.41
Banjara Hills,2518,3,3.0,3.0,402.13
Gachibowli,2274,3,3.0,1.5,212.71
Banjara Hills,3237,4,5.0,3.0,485.13
Kondapur,1115,2,2.0,2.0,97.29
Jubilee Hills,2161,3,4.0,2.5,346.49
Uppal,2849,4,5.0,0.1,136.58
Ameerpet,3548,4,4.0,0.0,271.95
Kukatpally,1124,2,2.0,0.5,85.99
Kondapur,2916,4,5.0,2.0,252.32
Ameerpet,3690,4,5.0,0.0,263.47
Banjara Hills,2811,4,4.0,3.0,468.62
Kondapur,3502,4,4.0,2.0,268.52
Jubilee Hills,2682,3,3.0,2.5,501.58
Miyapur,1332,2,3.0,0.2,90.15
Ameerpet,2342,3,4.0,0.0,187.72
Manikonda,2019,3,4.0,4.0,128.53
Kondapur,3497,4,4.0,2.0,308.74
Kondapur,1711,2,3.0,2.0,154.48
Uppal,2559,3,3.0,0.1,125.8
Uppal,1954,3,3.0,0.1,100.39
Banjara Hills,1303,2,2.0,3.0,209.61
Madhapur,1380,2,2.0,1.0,143.32
Kondapur,2457,3,3.0,2.0,208.63
Gachibowli,1890,3,3.0,1.5,170.75
Kondapur,3009,4,4.0,2.0,251.37
Uppal,2653,3,3.0,0.1,132.37
Madhapur,2128,3,4.0,1.0,216.0
Ameerpet,3896,4,5.0,0.0,288.66
Gachibowli,2000,3,3.0,1.5,202.19
Gachibowli,3789,4,5.0,1.5,341.28
Kondapur,2399,3,3.0,2.0,204.52
Banjara Hills,1581,2,2.0,3.0,247.51
Kondapur,3724,4,5.0,2.0,324.12
Madhapur,3812,4,4.0,1.0,382.54
Madhapur,889,1,1.0,1.0,101.79
Uppal,3008,4,5.0,0.1,151.89
Miyapur,1656,2,2.0,0.2,103.75
Manikonda,2686,3,3.0,4.0,168.68
Jubilee Hills,3874,4,4.0,2.5,661.13
Banjara Hills,3802,4,4.0,3.0,564.15
Ameerpet,3156,4,5.0,0.0,228.43
Manikonda,3487,4,4.0,4.0,239.8
Ameerpet,1789,2,2.0,0.0,152.15
Ameerpet,2625,3,3.0,0.0,194.36
Ameerpet,2500,3,4.0,0.0,195.12
Kondapur,1940,3,4.0,2.0,162.31
Gachibowli,2744,3,3.0,1.5,252.3
Kondapur,1397,2,2.0,2.0,123.3
Kondapur,2498,3,4.0,2.0,200.93
Banjara Hills,1178,2,2.0,3.0,183.71
Gachibowli,2930,4,5.0,1.5,271.5
Gachibowli,2247,3,3.0,1.5,196.08
Jubilee Hills,3712,4,4.0,2.5,665.45
Banjara Hills,1085,2,2.0,3.0,163.97
Manikonda,1949,3,3.0,4.0,133.2
Gachibowli,2499,3,3.0,1.5,229.54
Ameerpet,890,1,2.0,0.0,71.73
Jubilee Hills,1592,2,2.0,2.5,304.67
Uppal,1075,2,3.0,0.1,62.11
Kukatpally,2434,3,3.0,0.5,186.67
Kondapur,3757,4,4.0,2.0,322.72
Madhapur,1821,3,3.0,1.0,196.14
Jubilee Hills,1909,3,3.0,2.5,352.69
Miyapur,1040,2,3.0,0.2,67.06
Miyapur,3165,4,5.0,0.2,171.64
Kondapur,1329,2,2.0,2.0,127.24
Miyapur,2268,3,3.0,0.2,149.56
Gachibowli,2102,3,3.0,1.5,207.9
Kondapur,1758,2,2.0,2.0,163.43
Manikonda,2168,3,3.0,4.0,153.01
Ameerpet,881,1,1.0,0.0,77.89
Manikonda,1170,2,2.0,4.0,74.28
Gachibowli,1922,3,3.0,1.5,182.3
Banjara Hills,2735,3,3.0,3.0,446.68
Jubilee Hills,2962,4,5.0,2.5,587.94
Kondapur,1277,2,2.0,2.0,105.23
Kukatpally,1307,2,2.0,0.5,95.88
Kondapur,2276,3,3.0,2.0,190.62
Kukatpally,1615,2,3.0,0.5,113.68
Banjara Hills,3080,4,5.0,3.0,470.48
Manikonda,1054,2,2.0,4.0,78.4
Jubilee Hills,2032,3,3.0,2.5,386.73
Jubilee Hills,3369,4,4.0,2.5,640.26
Uppal,1541,2,3.0,0.1,83.6
Jubilee Hills,2182,3,4.0,2.5,364.09
Gachibowli,3045,4,4.0,1.5,299.92
Jubilee Hills,2858,4,5.0,2.5,480.9
Ameerpet,2198,3,3.0,0.0,167.98
Kukatpally,2064,3,4.0,0.5,150.4
Gachibowli,1460,2,2.0,1.5,156.67
Ameerpet,1401,2,3.0,0.0,121.39
Kondapur,3339,4,4.0,2.0,273.69
Kondapur,2200,3,4.0,2.0,190.29
Miyapur,3075,4,4.0,0.2,193.97
Manikonda,1559,2,2.0,4.0,105.06
Gachibowli,3239,4,5.0,1.5,284.94
Manikonda,3144,4,4.0,4.0,197.05
Kondapur,891,1,1.0,2.0,82.98
Uppal,1972,3,3.0,0.1,100.61
Uppal,1084,2,2.0,0.1,56.63
Jubilee Hills,1240,2,2.0,2.5,212.74
Banjara Hills,1229,2,3.0,3.0,197.73
Kondapur,3147,4,5.0,2.0,293.72
Banjara Hills,1872,3,4.0,3.0,276.78
Manikonda,3814,4,4.0,4.0,238.34
Madhapur,3918,4,5.0,1.0,350.99
Madhapur,3942,4,5.0,1.0,373.13
Manikonda,1615,2,2.0,4.0,107.4
Kondapur,3412,4,4.0,2.0,289.59
Gachibowli,2778,3,3.0,1.5,249.64
Banjara Hills,3149,4,4.0,3.0,462.63
Gachibowli,1464,2,2.0,1.5,135.83
Kukatpally,964,1,1.0,0.5,80.21
Banjara Hills,2838,4,4.0,3.0,376.81
Kukatpally,1671,2,2.0,0.5,128.41
Uppal,1693,2,3.0,0.1,89.6
Uppal,2618,3,4.0,0.1,139.44
Gachibowli,1342,2,2.0,1.5,110.11
Manikonda,2656,3,3.0,4.0,171.85
Madhapur,2910,4,4.0,1.0,302.35
Jubilee Hills,1269,2,3.0,2.5,235.55
Miyapur,879,1,2.0,0.2,72.0
Madhapur,3200,4,5.0,1.0,289.89
Manikonda,3932,4,4.0,4.0,221.54
Ameerpet,2704,3,3.0,0.0,204.98
Kondapur,3212,4,4.0,2.0,263.92
Jubilee Hills,2152,3,4.0,2.5,379.48
Uppal,3176,4,4.0,0.1,154.61
Manikonda,1736,2,2.0,4.0,126.62
Banjara Hills,3408,4,4.0,3.0,502.2
Ameerpet,3927,4,4.0,0.0,295.83
Kondapur,3191,4,4.0,2.0,256.6
Ameerpet,2564,3,3.0,0.0,187.63
Ameerpet,1909,3,3.0,0.0,154.35
Kondapur,2390,3,3.0,2.0,230.81
Miyapur,3835,4,5.0,0.2,242.37
Kukatpally,2845,4,4.0,0.5,189.1
Uppal,828,1,1.0,0.1,50.35
Banjara Hills,946,1,1.0,3.0,146.67
Banjara Hills,1663,2,2.0,3.0,259.84
Jubilee Hills,844,1,1.0,2.5,161.4
Gachibowli,3333,4,4.0,1.5,301.68
Uppal,2568,3,4.0,0.1,130.46
Miyapur,3953,4,4.0,0.2,225.73
Kukatpally,1459,2,2.0,0.5,114.84
Madhapur,2093,3,3.0,1.0,191.36
Ameerpet,1844,3,4.0,0.0,143.94
Banjara Hills,3208,4,4.0,3.0,468.05
Uppal,3426,4,4.0,0.1,176.36
Gachibowli,3829,4,4.0,1.5,335.01
Manikonda,3143,4,4.0,4.0,192.82
Kukatpally,2030,3,3.0,0.5,140.85
Ameerpet,2318,3,3.0,0.0,184.79
Ameerpet,2201,3,4.0,0.0,169.75
Kondapur,885,1,1.0,2.0,76.85
Madhapur,1297,2,2.0,1.0,138.49
Gachibowli,3081,4,4.0,1.5,280.48
Gachibowli,1235,2,3.0,1.5,128.0
Banjara Hills,3411,4,4.0,3.0,536.46
Madhapur,3605,4,5.0,1.0,335.63
Uppal,2754,3,3.0,0.1,142.37
Gachibowli,1621,2,2.0,1.5,130.18
Manikonda,1261,2,2.0,4.0,82.83
Manikonda,2501,3,3.0,4.0,161.6
Kondapur,2100,3,4.0,2.0,180.7
Jubilee Hills,2716,3,3.0,2.5,484.47
Manikonda,3448,4,5.0,4.0,233.25
Gachibowli,836,1,1.0,1.5,86.31
Ameerpet,893,1,1.0,0.0,77.04
Madhapur,1113,2,3.0,1.0,114.41
Uppal,948,1,2.0,0.1,64.41
Jubilee Hills,1760,2,3.0,2.5,313.75
Jubilee Hills,2023,3,3.0,2.5,388.73
Manikonda,2742,3,4.0,4.0,187.78
Uppal,1233,2,3.0,0.1,63.81
Miyapur,3528,4,4.0,0.2,215.43
Banjara Hills,3165,4,5.0,3.0,537.51
Miyapur,2729,3,3.0,0.2,165.84
Manikonda,2498,3,3.0,4.0,167.06
Kukatpally,2123,3,3.0,0.5,157.41
Jubilee Hills,1975,3,4.0,2.5,326.09
Uppal,1480,2,3.0,0.1,80.26
Kondapur,3947,4,4.0,2.0,328.87
Ameerpet,3755,4,4.0,0.0,270.35
Madhapur,1886,3,3.0,1.0,175.47
Madhapur,1603,2,2.0,1.0,172.42
Miyapur,949,1,2.0,0.2,65.06
Manikonda,3119,4,5.0,4.0,192.3
Banjara Hills,3354,4,5.0,3.0,521.02
Manikonda,926,1,2.0,4.0,66.41
Gachibowli,2967,4,5.0,1.5,259.48
Miyapur,1763,2,2.0,0.2,110.42
Kukatpally,1305,2,3.0,0.5,107.15
Ameerpet,3117,4,4.0,0.0,235.95
Banjara Hills,3040,4,4.0,3.0,465.55
Kondapur,2731,3,4.0,2.0,224.98
Ameerpet,1275,2,2.0,0.0,109.15
Banjara Hills,1604,2,3.0,3.0,258.39
Gachibowli,3683,4,4.0,1.5,342.4
Manikonda,1720,2,2.0,4.0,119.11
Miyapur,3045,4,5.0,0.2,171.58
Miyapur,2313,3,3.0,0.2,142.16
Ameerpet,1063,2,3.0,0.0,92.9
Kukatpally,2844,4,4.0,0.5,188.26
Gachibowli,2473,3,4.0,1.5,220.59
Madhapur,1946,3,4.0,1.0,217.38
Uppal,1464,2,2.0,0.1,74.65
Jubilee Hills,3177,4,4.0,2.5,575.6
Gachibowli,3969,4,4.0,1.5,360.4
Ameerpet,1668,2,2.0,0.0,133.12
Gachibowli,3790,4,4.0,1.5,326.83
Banjara Hills,1756,2,3.0,3.0,250.4
Gachibowli,1765,2,2.0,1.5,166.37
Ameerpet,2702,3,4.0,0.0,198.97
Kukatpally,2958,4,4.0,0.5,216.9
Gachibowli,813,1,1.0,1.5,81.4
Uppal,3366,4,4.0,0.1,167.22
Uppal,1869,3,3.0,0.1,106.27
Uppal,1539,2,2.0,0.1,81.58
Manikonda,3062,4,4.0,4.0,197.84
Ameerpet,1816,3,3.0,0.0,133.59
Jubilee Hills,2253,3,4.0,2.5,427.97
Miyapur,3260,4,5.0,0.2,205.0
Madhapur,1058,2,2.0,1.0,109.41
Kukatpally,1241,2,2.0,0.5,101.37
Banjara Hills,1456,2,2.0,3.0,224.64
Manikonda,3185,4,5.0,4.0,212.67
Banjara Hills,1118,2,3.0,3.0,189.23
Kondapur,3706,4,4.0,2.0,317.15
Uppal,3262,4,4.0,0.1,172.66
Manikonda,3435,4,4.0,4.0,221.52
Manikonda,1224,2,2.0,4.0,87.55
Miyapur,1770,2,2.0,0.2,115.53
Miyapur,1525,2,2.0,0.2,99.32
Manikonda,1312,2,2.0,4.0,90.79
Uppal,2626,3,3.0,0.1,131.46
Uppal,1110,2,2.0,0.1,73.4
Miyapur,1220,2,3.0,0.2,86.16
Kukatpally,1186,2,2.0,0.5,80.56
Miyapur,1581,2,3.0,0.2,103.01
Manikonda,2183,3,4.0,4.0,133.03
Uppal,1637,2,2.0,0.1,91.66
Ameerpet,1011,2,2.0,0.0,90.53
Kukatpally,1082,2,3.0,0.5,78.51
Miyapur,2856,4,4.0,0.2,152.59
Kondapur,3151,4,4.0,2.0,250.51
Kondapur,1873,3,4.0,2.0,160.66
Kukatpally,2293,3,4.0,0.5,158.14
Gachibowli,3227,4,4.0,1.5,308.03
Gachibowli,935,1,1.0,1.5,86.31
Miyapur,3254,4,5.0,0.2,188.85
Jubilee Hills,3792,4,5.0,2.5,764.15
Kukatpally,1159,2,3.0,0.5,85.47
Kondapur,2792,3,3.0,2.0,238.67
Jubilee Hills,3135,4,4.0,2.5,555.84
Kondapur,980,1,1.0,2.0,89.57
Gachibowli,2503,3,3.0,1.5,234.33
Gachibowli,3065,4,4.0,1.5,276.52
Uppal,2978,4,4.0,0.1,155.4
Madhapur,1366,2,2.0,1.0,143.93
Madhapur,1944,3,3.0,1.0,205.98
Madhapur,1130,2,2.0,1.0,115.45
Miyapur,2874,4,4.0,0.2,189.56
Gachibowli,2024,3,4.0,1.5,175.38
Ameerpet,2690,3,3.0,0.0,201.96
Miyapur,2217,3,4.0,0.2,150.03
Jubilee Hills,1558,2,2.0,2.5,298.38
Miyapur,1809,3,4.0,0.2,113.09
Kondapur,2692,3,4.0,2.0,214.99
Gachibowli,2590,3,3.0,1.5,232.35
Ameerpet,3816,4,4.0,0.0,277.79
Uppal,3280,4,4.0,0.1,151.64
Manikonda,2922,4,4.0,4.0,183.37
Manikonda,826,1,1.0,4.0,47.84
Miyapur,3909,4,4.0,0.2,225.9
Kondapur,2500,3,3.0,2.0,208.53
Gachibowli,1277,2,2.0,1.5,118.77
Manikonda,1061,2,3.0,4.0,67.86
Gachibowli,3827,4,4.0,1.5,353.42
Jubilee Hills,3097,4,4.0,2.5,626.62
Banjara Hills,1021,2,2.0,3.0,147.66
Madhapur,3633,4,5.0,1.0,373.83
Manikonda,2533,3,4.0,4.0,151.36
Banjara Hills,1778,2,2.0,3.0,266.21
Ameerpet,3596,4,4.0,0.0,270.94
Madhapur,1776,2,3.0,1.0,173.96
Manikonda,2837,4,5.0,4.0,186.99
Jubilee Hills,1703,2,3.0,2.5,304.33
Kondapur,3513,4,5.0,2.0,310.83
Manikonda,1575,2,3.0,4.0,103.61
Madhapur,2633,3,3.0,1.0,254.27
Kukatpally,3784,4,4.0,0.5,243.17
Uppal,3839,4,4.0,0.1,180.11
Madhapur,1611,2,2.0,1.0,173.19
Miyapur,2544,3,3.0,0.2,145.01
Gachibowli,1731,2,3.0,1.5,155.68
Kukatpally,2491,3,3.0,0.5,154.99
Banjara Hills,1081,2,2.0,3.0,190.23
Miyapur,1564,2,2.0,0.2,101.81
Miyapur,2022,3,4.0,0.2,113.43
Gachibowli,3883,4,4.0,1.5,370.76
Ameerpet,1705,2,2.0,0.0,141.05
Gachibowli,1326,2,2.0,1.5,132.65
Gachibowli,1711,2,2.0,1.5,162.85
Ameerpet,2680,3,3.0,0.0,202.33
Manikonda,953,1,1.0,4.0,64.26
Uppal,2673,3,3.0,0.1,138.74
Kondapur,2896,4,4.0,2.0,241.81
Kondapur,1438,2,3.0,2.0,121.17
Jubilee Hills,3783,4,5.0,2.5,653.08
Kondapur,3374,4,4.0,2.0,292.59
Manikonda,2516,3,4.0,4.0,152.99
Kukatpally,1902,3,4.0,0.5,137.9
Kondapur,3844,4,4.0,2.0,335.72
Jubilee Hills,921,1,1.0,2.5,173.8
Banjara Hills,1389,2,3.0,3.0,222.48
Manikonda,990,1,1.0,4.0,61.86
Manikonda,1947,3,3.0,4.0,119.29
Jubilee Hills,2311,3,3.0,2.5,423.4
Uppal,3795,4,4.0,0.1,180.24
Gachibowli,3393,4,5.0,1.5,293.47
Kukatpally,3351,4,5.0,0.5,229.15
Gachibowli,2487,3,4.0,1.5,220.49
Kondapur,1735,2,2.0,2.0,150.04
Ameerpet,2152,3,3.0,0.0,182.6
Banjara Hills,3626,4,4.0,3.0,558.8
Kukatpally,3995,4,4.0,0.5,266.65
Ameerpet,3115,4,5.0,0.0,242.15
Manikonda,3524,4,4.0,4.0,221.94
Manikonda,3204,4,4.0,4.0,202.62
Banjara Hills,3414,4,4.0,3.0,525.13
Uppal,3276,4,4.0,0.1,153.7
Gachibowli,2318,3,4.0,1.5,212.97
Miyapur,3385,4,4.0,0.2,184.13
Ameerpet,2297,3,3.0,0.0,184.79
Uppal,2782,3,4.0,0.1,144.78
Banjara Hills,1046,2,2.0,3.0,169.63
Banjara Hills,1681,2,2.0,3.0,246.48
Madhapur,1659,2,2.0,1.0,173.41
Banjara Hills,1930,3,4.0,3.0,301.76
Miyapur,2466,3,4.0,0.2,134.66
Uppal,3960,4,4.0,0.1,178.99
Kukatpally,2374,3,3.0,0.5,181.09
Kukatpally,1981,3,3.0,0.5,135.81
Gachibowli,3743,4,5.0,1.5,335.2
Uppal,2580,3,3.0,0.1,140.27
Kukatpally,1469,2,2.0,0.5,113.8
Madhapur,2786,3,4.0,1.0,272.35
Ameerpet,3577,4,5.0,0.0,272.61
Miyapur,2690,3,4.0,0.2,176.98
Manikonda,3149,4,5.0,4.0,213.96
Jubilee Hills,1648,2,2.0,2.5,294.19
Madhapur,3214,4,4.0,1.0,337.02
Madhapur,1644,2,2.0,1.0,162.59
Kondapur,1338,2,2.0,2.0,121.29
Gachibowli,2943,4,4.0,1.5,267.94
Manikonda,3449,4,4.0,4.0,230.72
Banjara Hills,1417,2,2.0,3.0,216.05
Madhapur,1661,2,3.0,1.0,154.07
Gachibowli,1599,2,2.0,1.5,145.36
Banjara Hills,3277,4,4.0,3.0,520.33
Manikonda,1110,2,2.0,4.0,69.31
Kondapur,985,1,1.0,2.0,93.93
Ameerpet,2085,3,4.0,0.0,165.34
Gachibowli,1259,2,2.0,1.5,114.44
Miyapur,801,1,1.0,0.2,60.89
Gachibowli,1105,2,3.0,1.5,110.13
Banjara Hills,3637,4,5.0,3.0,553.2
Madhapur,1341,2,2.0,1.0,145.87
Kondapur,3691,4,4.0,2.0,319.2
Kondapur,2495,3,3.0,2.0,218.36
Jubilee Hills,2608,3,3.0,2.5,508.42
Uppal,3795,4,5.0,0.1,183.54
Jubilee Hills,1434,2,2.0,2.5,274.75
Miyapur,1501,2,2.0,0.2,96.14
Kondapur,2448,3,3.0,2.0,201.1
Uppal,1203,2,3.0,0.1,74.64
Uppal,1216,2,3.0,0.1,75.49
Banjara Hills,2767,3,3.0,3.0,438.11
Jubilee Hills,1065,2,3.0,2.5,204.4
Uppal,3454,4,4.0,0.1,167.68
Manikonda,1724,2,3.0,4.0,116.2
Banjara Hills,3889,4,5.0,3.0,610.48
Ameerpet,1639,2,2.0,0.0,123.73
Miyapur,3293,4,4.0,0.2,199.42
Ameerpet,1452,2,2.0,0.0,118.61
Manikonda,2813,4,4.0,4.0,192.71
Kondapur,3677,4,4.0,2.0,293.95
Banjara Hills,2196,3,3.0,3.0,351.18
Ameerpet,3810,4,4.0,0.0,257.87
Gachibowli,2638,3,4.0,1.5,245.7
Ameerpet,3591,4,4.0,0.0,267.35
Ameerpet,2260,3,4.0,0.0,171.85
Madhapur,2073,3,3.0,1.0,225.08
Uppal,2502,3,3.0,0.1,115.36
Gachibowli,3017,4,4.0,1.5,266.41
Kondapur,3601,4,4.0,2.0,295.21
Ameerpet,2355,3,3.0,0.0,183.71
Manikonda,3873,4,5.0,4.0,225.96
Ameerpet,2831,4,4.0,0.0,208.01
Manikonda,1766,2,3.0,4.0,113.34
Miyapur,3045,4,4.0,0.2,189.57
Miyapur,981,1,1.0,0.2,73.86
Madhapur,2050,3,3.0,1.0,221.15
Kondapur,1607,2,2.0,2.0,150.04
Kondapur,3361,4,5.0,2.0,264.47
Miyapur,1567,2,2.0,0.2,109.96
Kondapur,1928,3,3.0,2.0,171.84
Uppal,2690,3,3.0,0.1,135.61
Jubilee Hills,2400,3,4.0,2.5,416.91
Kondapur,3749,4,4.0,2.0,316.62
Gachibowli,1720,2,2.0,1.5,149.16
Uppal,1382,2,2.0,0.1,77.98
Kukatpally,3512,4,4.0,0.5,233.54
Kondapur,3164,4,4.0,2.0,264.24
Miyapur,3059,4,5.0,0.2,164.89
Miyapur,2202,3,3.0,0.2,123.68
Kukatpally,2122,3,4.0,0.5,157.48
Kukatpally,2382,3,3.0,0.5,159.91
Kukatpally,1560,2,2.0,0.5,118.42
Miyapur,1288,2,2.0,0.2,93.05
Manikonda,1507,2,3.0,4.0,103.8
Banjara Hills,3727,4,4.0,3.0,585.98
Kondapur,2999,4,4.0,2.0,233.34
Ameerpet,3879,4,4.0,0.0,265.1
Ameerpet,1543,2,2.0,0.0,126.07
Jubilee Hills,3318,4,4.0,2.5,598.55
Gachibowli,1674,2,2.0,1.5,164.0
Banjara Hills,1912,3,4.0,3.0,299.78
Madhapur,1696,2,3.0,1.0,188.26
Jubilee Hills,2071,3,4.0,2.5,384.89
Jubilee Hills,3067,4,4.0,2.5,535.82
Ameerpet,1116,2,3.0,0.0,90.97
Uppal,3616,4,4.0,0.1,167.41
Kondapur,3270,4,5.0,2.0,288.85
Kondapur,3456,4,4.0,2.0,314.49
Miyapur,3186,4,4.0,0.2,197.73
Ameerpet,3540,4,4.0,0.0,265.21
Kondapur,2275,3,3.0,2.0,197.37
Jubilee Hills,3551,4,4.0,2.5,677.56
Banjara Hills,3997,4,5.0,3.0,552.45
Ameerpet,1172,2,3.0,0.0,101.8
Jubilee Hills,2411,3,3.0,2.5,449.17
Madhapur,3852,4,4.0,1.0,370.72
Jubilee Hills,2350,3,3.0,2.5,458.06
Miyapur,2609,3,4.0,0.2,142.81
Banjara Hills,2306,3,3.0,3.0,325.76
Kondapur,811,1,1.0,2.0,77.92
Manikonda,2057,3,3.0,4.0,146.58
Ameerpet,1164,2,2.0,0.0,93.76
Jubilee Hills,1618,2,2.0,2.5,308.92
Jubilee Hills,3752,4,4.0,2.5,698.06
Kondapur,2927,4,5.0,2.0,246.33
Madhapur,1572,2,2.0,1.0,158.67
Banjara Hills,1410,2,2.0,3.0,219.18
Gachibowli,3179,4,4.0,1.5,284.93
Kukatpally,3751,4,4.0,0.5,273.25
Uppal,3986,4,5.0,0.1,207.87
Gachibowli,3577,4,4.0,1.5,311.8
Gachibowli,3128,4,5.0,1.5,270.58
Gachibowli,3682,4,4.0,1.5,309.98
Gachibowli,1088,2,2.0,1.5,112.16
Gachibowli,2872,4,4.0,1.5,238.9
Kukatpally,2498,3,3.0,0.5,181.49
Kukatpally,3961,4,4.0,0.5,276.91
Banjara Hills,3630,4,4.0,3.0,589.34
Ameerpet,1479,2,2.0,0.0,120.08
Manikonda,3696,4,4.0,4.0,223.39
Uppal,3388,4,5.0,0.1,158.19
Jubilee Hills,3095,4,4.0,2.5,530.75
Banjara Hills,2476,3,4.0,3.0,389.58
Kukatpally,3233,4,4.0,0.5,209.65
Jubilee Hills,800,1,1.0,2.5,154.53
Ameerpet,908,1,1.0,0.0,77.67
Madhapur,1158,2,2.0,1.0,129.45
Banjara Hills,3172,4,4.0,3.0,467.13
Ameerpet,1071,2,3.0,0.0,100.96
Uppal,2633,3,3.0,0.1,118.89
Uppal,3141,4,4.0,0.1,158.94
Banjara Hills,2674,3,3.0,3.0,428.74
Kondapur,2157,3,4.0,2.0,192.21
Madhapur,2606,3,3.0,1.0,252.23
Uppal,2377,3,4.0,0.1,119.79
Jubilee Hills,1241,2,3.0,2.5,257.44
Uppal,1619,2,2.0,0.1,80.69
Manikonda,1937,3,4.0,4.0,128.13
Jubilee Hills,1225,2,2.0,2.5,219.0
Uppal,1041,2,2.0,0.1,60.1
Uppal,3395,4,4.0,0.1,171.69
Kukatpally,3760,4,4.0,0.5,255.54
Uppal,3442,4,4.0,0.1,167.38
Uppal,3013,4,4.0,0.1,150.41
Jubilee Hills,3294,4,4.0,2.5,578.25
Kukatpally,1549,2,2.0,0.5,118.7
Madhapur,2243,3,3.0,1.0,228.39
Madhapur,3763,4,4.0,1.0,366.1
Jubilee Hills,2248,3,3.0,2.5,426.27
Banjara Hills,3715,4,4.0,3.0,527.83
Ameerpet,2048,3,3.0,0.0,165.06
Jubilee Hills,3302,4,4.0,2.5,671.73
Kukatpally,971,1,1.0,0.5,83.64
Miyapur,2152,3,4.0,0.2,128.97
Gachibowli,3003,4,5.0,1.5,268.95
Manikonda,2220,3,3.0,4.0,136.97
Miyapur,2972,4,4.0,0.2,180.55
Ameerpet,2901,4,4.0,0.0,226.43
Banjara Hills,1587,2,2.0,3.0,234.54
Ameerpet,852,1,2.0,0.0,82.09
Kondapur,1739,2,2.0,2.0,156.23
Kukatpally,2045,3,4.0,0.5,153.4
Manikonda,2755,3,4.0,4.0,174.39
Madhapur,865,1,2.0,1.0,93.36
Jubilee Hills,3070,4,4.0,2.5,575.11
Manikonda,2351,3,3.0,4.0,150.44
Kondapur,3817,4,4.0,2.0,299.16
Kukatpally,2342,3,3.0,0.5,163.58
Kondapur,1012,2,3.0,2.0,91.08
Miyapur,1478,2,2.0,0.2,92.96
Gachibowli,1262,2,3.0,1.5,130.79
Jubilee Hills,3279,4,4.0,2.5,580.42
Madhapur,1926,3,3.0,1.0,192.69
Jubilee Hills,1967,3,3.0,2.5,341.22
Ameerpet,3727,4,4.0,0.0,293.98
Uppal,1003,2,2.0,0.1,54.21
Kondapur,1145,2,2.0,2.0,98.29
Jubilee Hills,3248,4,4.0,2.5,604.51
Kukatpally,3145,4,4.0,0.5,214.5
Kondapur,1757,2,2.0,2.0,150.13
Madhapur,3766,4,4.0,1.0,380.34
Manikonda,851,1,1.0,4.0,52.08
Madhapur,3295,4,5.0,1.0,338.63
Kondapur,3264,4,5.0,2.0,268.11
Uppal,3012,4,5.0,0.1,145.42
Banjara Hills,2156,3,3.0,3.0,345.14
Miyapur,3708,4,4.0,0.2,227.68
Banjara Hills,1659,2,2.0,3.0,248.55
Manikonda,1445,2,3.0,4.0,99.44
Kukatpally,2984,4,4.0,0.5,213.52
Jubilee Hills,1678,2,2.0,2.5,308.2
Jubilee Hills,3558,4,5.0,2.5,631.88
Miyapur,3805,4,4.0,0.2,203.91
Uppal,2670,3,4.0,0.1,140.43
Banjara Hills,3361,4,5.0,3.0,470.53
Gachibowli,894,1,1.0,1.5,78.69
Miyapur,2231,3,3.0,0.2,133.91
Banjara Hills,2282,3,3.0,3.0,382.54
Gachibowli,3051,4,4.0,1.5,249.26
Kondapur,1811,3,3.0,2.0,143.98
Madhapur,1954,3,3.0,1.0,218.15
Madhapur,2086,3,3.0,1.0,206.19
Kondapur,3760,4,5.0,2.0,323.08
Madhapur,1007,2,3.0,1.0,100.76
Gachibowli,3016,4,5.0,1.5,282.45
Miyapur,1477,2,2.0,0.2,109.13
Kondapur,3413,4,4.0,2.0,289.95
Miyapur,1058,2,2.0,0.2,68.94
Ameerpet,2052,3,3.0,0.0,146.3
Miyapur,860,1,2.0,0.2,67.02
Jubilee Hills,3194,4,5.0,2.5,557.07
Uppal,3078,4,4.0,0.1,161.48
Kukatpally,2671,3,3.0,0.5,208.52
Gachibowli,902,1,2.0,1.5,89.28
Madhapur,2954,4,4.0,1.0,317.55
Madhapur,1012,2,2.0,1.0,104.32
Manikonda,2545,3,3.0,4.0,165.34
Jubilee Hills,2501,3,4.0,2.5,462.73
Manikonda,3958,4,4.0,4.0,242.54
Kukatpally,1617,2,2.0,0.5,125.2
Miyapur,1365,2,3.0,0.2,92.06
Madhapur,2458,3,3.0,1.0,241.34
Kukatpally,3780,4,4.0,0.5,265.04
Miyapur,1128,2,2.0,0.2,78.83
Miyapur,1180,2,2.0,0.2,71.29
Ameerpet,1252,2,2.0,0.0,98.29
Gachibowli,3127,4,5.0,1.5,305.49
Ameerpet,1078,2,2.0,0.0,87.98
Jubilee Hills,2022,3,3.0,2.5,382.37
Jubilee Hills,1081,2,2.0,2.5,190.77
Ameerpet,2256,3,3.0,0.0,185.35
Uppal,1523,2,2.0,0.1,89.07
Ameerpet,3631,4,4.0,0.0,273.99
Manikonda,3420,4,5.0,4.0,192.48
Ameerpet,1840,3,4.0,0.0,165.37
Gachibowli,3094,4,4.0,1.5,248.89
Gachibowli,2384,3,3.0,1.5,216.29
Kukatpally,1927,3,4.0,0.5,135.2
Banjara Hills,1436,2,2.0,3.0,239.35
Uppal,2533,3,4.0,0.1,137.56
Ameerpet,3272,4,5.0,0.0,260.85
Banjara Hills,2200,3,4.0,3.0,329.23
Uppal,2274,3,4.0,0.1,127.78
Manikonda,2761,3,3.0,4.0,184.89
Uppal,3057,4,4.0,0.1,160.99
Miyapur,2503,3,4.0,0.2,138.81
Miyapur,3793,4,4.0,0.2,199.98
Miyapur,3233,4,5.0,0.2,200.09
Kondapur,1576,2,2.0,2.0,145.18
Manikonda,3082,4,5.0,4.0,175.28
Madhapur,3697,4,4.0,1.0,379.12
Madhapur,2659,3,3.0,1.0,255.88
Ameerpet,3806,4,4.0,0.0,295.37
Gachibowli,812,1,2.0,1.5,78.92
Kondapur,957,1,2.0,2.0,91.01
Madhapur,3653,4,4.0,1.0,369.81
Ameerpet,3922,4,5.0,0.0,301.49
Jubilee Hills,1084,2,2.0,2.5,214.45
Jubilee Hills,3162,4,4.0,2.5,562.05
Madhapur,3411,4,4.0,1.0,333.68
Kondapur,1032,2,3.0,2.0,93.59
Uppal,3109,4,4.0,0.1,163.52
Miyapur,2377,3,3.0,0.2,144.1
Kukatpally,2749,3,4.0,0.5,189.33
Kukatpally,1121,2,2.0,0.5,98.59
Banjara Hills,2733,3,4.0,3.0,404.24
Banjara Hills,3192,4,4.0,3.0,486.27
Miyapur,2015,3,4.0,0.2,128.33
Gachibowli,2021,3,3.0,1.5,184.57
Madhapur,1820,3,3.0,1.0,185.08
Uppal,938,1,2.0,0.1,61.54
Manikonda,1912,3,3.0,4.0,121.0
Madhapur,2063,3,3.0,1.0,214.89
Kondapur,3273,4,4.0,2.0,254.18
Kondapur,920,1,1.0,2.0,86.38
Manikonda,2439,3,3.0,4.0,168.59
Miyapur,1688,2,2.0,0.2,104.61
Banjara Hills,2309,3,4.0,3.0,356.95
Kondapur,3217,4,4.0,2.0,265.81
Kondapur,1667,2,2.0,2.0,152.44
Banjara Hills,3131,4,5.0,3.0,498.02
Manikonda,3913,4,4.0,4.0,236.69
Gachibowli,1700,2,2.0,1.5,139.65
Miyapur,1023,2,2.0,0.2,64.82
Manikonda,1888,3,3.0,4.0,114.13
Banjara Hills,3355,4,4.0,3.0,496.85
Miyapur,2247,3,3.0,0.2,145.61
Banjara Hills,3389,4,4.0,3.0,537.84
Kondapur,3633,4,4.0,2.0,288.57
Kondapur,3705,4,5.0,2.0,301.02
Banjara Hills,2678,3,4.0,3.0,441.65
Ameerpet,2815,4,4.0,0.0,212.7
Uppal,1331,2,2.0,0.1,79.01
Jubilee Hills,2508,3,3.0,2.5,510.33
Jubilee Hills,1638,2,2.0,2.5,299.13
Manikonda,2096,3,3.0,4.0,126.68
Kondapur,3071,4,5.0,2.0,254.04
Kondapur,3365,4,4.0,2.0,273.9
Gachibowli,1997,3,3.0,1.5,182.41
Banjara Hills,3013,4,4.0,3.0,446.16
Banjara Hills,875,1,1.0,3.0,142.7
Gachibowli,1463,2,2.0,1.5,136.41
Banjara Hills,1375,2,2.0,3.0,203.71
Kondapur,2194,3,3.0,2.0,175.36
Kondapur,2263,3,4.0,2.0,184.64
Kukatpally,3683,4,4.0,0.5,251.92
Kukatpally,2414,3,3.0,0.5,172.11
Kukatpally,3339,4,4.0,0.5,231.44
Miyapur,3331,4,4.0,0.2,193.89
Banjara Hills,1664,2,2.0,3.0,270.95
Jubilee Hills,2368,3,3.0,2.5,430.4
Gachibowli,3910,4,5.0,1.5,323.5
Manikonda,1423,2,2.0,4.0,91.98
Miyapur,3320,4,4.0,0.2,217.24
Ameerpet,3633,4,4.0,0.0,280.27
Jubilee Hills,1437,2,2.0,2.5,274.88
Uppal,3686,4,5.0,0.1,186.87
Jubilee Hills,3824,4,4.0,2.5,751.87
Kondapur,2346,3,3.0,2.0,203.8
Jubilee Hills,1931,3,4.0,2.5,362.95
Jubilee Hills,2601,3,3.0,2.5,451.32
Jubilee Hills,3724,4,4.0,2.5,628.6
Gachibowli,1381,2,2.0,1.5,141.86
Uppal,3399,4,4.0,0.1,176.25
Banjara Hills,1153,2,2.0,3.0,172.15
Gachibowli,3111,4,5.0,1.5,283.64
Ameerpet,3961,4,5.0,0.0,298.77
Gachibowli,1175,2,2.0,1.5,113.92
Gachibowli,1044,2,2.0,1.5,101.48
Kondapur,2891,4,5.0,2.0,244.19
Ameerpet,2496,3,3.0,0.0,191.75
Banjara Hills,2563,3,4.0,3.0,392.87
Miyapur,2685,3,4.0,0.2,169.67
Ameerpet,2868,4,4.0,0.0,204.55
Ameerpet,1656,2,2.0,0.0,136.78
Banjara Hills,1795,2,2.0,3.0,265.85
Manikonda,3690,4,4.0,4.0,207.24
Manikonda,1467,2,2.0,4.0,91.12
Kukatpally,2384,3,3.0,0.5,171.81
Jubilee Hills,1372,2,3.0,2.5,259.57
Kukatpally,1350,2,2.0,0.5,97.53
Gachibowli,2851,4,4.0,1.5,245.0
Kondapur,3910,4,4.0,2.0,328.08
Miyapur,1079,2,2.0,0.2,79.63
Gachibowli,1904,3,4.0,1.5,180.82
Ameerpet,3744,4,5.0,0.0,270.44
Manikonda,3264,4,4.0,4.0,204.29
Ameerpet,2847,4,5.0,0.0,242.14
Banjara Hills,1554,2,2.0,3.0,263.46
Ameerpet,1482,2,2.0,0.0,118.37
Kukatpally,3279,4,4.0,0.5,232.78
Gachibowli,1385,2,2.0,1.5,144.5
Kukatpally,2212,3,3.0,0.5,153.09
Gachibowli,974,1,1.0,1.5,97.19
Kukatpally,3686,4,5.0,0.5,260.64
Ameerpet,1360,2,2.0,0.0,106.77
Ameerpet,2671,3,3.0,0.0,206.7
Ameerpet,3511,4,5.0,0.0,258.89
Uppal,1256,2,3.0,0.1,73.1
Banjara Hills,1665,2,2.0,3.0,253.73
Kukatpally,846,1,2.0,0.5,63.05
Ameerpet,1120,2,2.0,0.0,95.35
Kondapur,2303,3,3.0,2.0,192.78
Jubilee Hills,2273,3,3.0,2.5,412.61
Jubilee Hills,2416,3,4.0,2.5,433.85
Madhapur,1031,2,3.0,1.0,103.09
Madhapur,1849,3,4.0,1.0,196.75
Madhapur,3063,4,5.0,1.0,293.39
Jubilee Hills,2537,3,3.0,2.5,475.82
Uppal,1358,2,2.0,0.1,77.33
Manikonda,1237,2,3.0,4.0,84.56
Miyapur,1059,2,3.0,0.2,65.87
Ameerpet,2744,3,3.0,0.0,206.17
Banjara Hills,3362,4,4.0,3.0,531.63
Ameerpet,1111,2,2.0,0.0,94.91
Jubilee Hills,1819,3,3.0,2.5,346.41
Gachibowli,3913,4,4.0,1.5,360.65
Miyapur,3512,4,5.0,0.2,207.21
Kukatpally,2382,3,4.0,0.5,165.04
Kukatpally,1483,2,2.0,0.5,117.29
Kondapur,1391,2,2.0,2.0,110.56
Banjara Hills,2282,3,4.0,3.0,337.85
Uppal,2522,3,3.0,0.1,131.08
Miyapur,1023,2,3.0,0.2,70.0
Jubilee Hills,3439,4,4.0,2.5,632.73
Jubilee Hills,1509,2,2.0,2.5,290.94
Gachibowli,1657,2,2.0,1.5,162.22
Madhapur,1821,3,3.0,1.0,183.28
Kukatpally,3697,4,5.0,0.5,252.83
Madhapur,1148,2,3.0,1.0,136.31
Kondapur,3232,4,4.0,2.0,304.55
Jubilee Hills,1053,2,2.0,2.5,201.18
Ameerpet,3387,4,4.0,0.0,272.36
Kukatpally,2320,3,4.0,0.5,174.01
Manikonda,1171,2,2.0,4.0,73.65
Madhapur,2213,3,4.0,1.0,213.19
Kondapur,3106,4,5.0,2.0,243.26
Miyapur,1995,3,4.0,0.2,141.74
Madhapur,2601,3,3.0,1.0,265.29
Kondapur,2959,4,4.0,2.0,235.72
Gachibowli,1591,2,2.0,1.5,149.91
Jubilee Hills,3090,4,4.0,2.5,585.39
Manikonda,3804,4,4.0,4.0,241.5
Jubilee Hills,2329,3,3.0,2.5,436.34
Madhapur,3973,4,5.0,1.0,428.62
Uppal,1570,2,2.0,0.1,86.09
Banjara Hills,3254,4,4.0,3.0,491.11
Jubilee Hills,3138,4,5.0,2.5,598.32
Ameerpet,1143,2,2.0,0.0,92.51
Manikonda,3312,4,4.0,4.0,213.02
Madhapur,1241,2,2.0,1.0,134.54
Uppal,3343,4,4.0,0.1,161.51
Uppal,2579,3,3.0,0.1,146.39
Madhapur,3722,4,4.0,1.0,331.98
Kondapur,1679,2,2.0,2.0,141.15
Kondapur,1645,2,2.0,2.0,138.78
Ameerpet,3827,4,4.0,0.0,270.77
Kukatpally,986,1,2.0,0.5,92.62
Uppal,3349,4,5.0,0.1,173.49
Ameerpet,1904,3,4.0,0.0,144.06
Banjara Hills,1291,2,2.0,3.0,199.99
Gachibowli,1073,2,2.0,1.5,109.93
Kondapur,2064,3,3.0,2.0,176.68
Gachibowli,3426,4,4.0,1.5,290.57
Uppal,3572,4,5.0,0.1,179.59
Miyapur,1326,2,2.0,0.2,77.74
Banjara Hills,3433,4,5.0,3.0,509.42
Ameerpet,2938,4,5.0,0.0,210.37
Ameerpet,2905,4,4.0,0.0,215.94
Kondapur,3171,4,4.0,2.0,257.82
Manikonda,2645,3,4.0,4.0,153.86
Banjara Hills,1530,2,2.0,3.0,216.26
Miyapur,2186,3,3.0,0.2,127.29
Gachibowli,3860,4,5.0,1.5,325.27
Miyapur,1163,2,2.0,0.2,80.25
Kondapur,3216,4,4.0,2.0,260.39
Miyapur,1635,2,2.0,0.2,110.64
Kukatpally,3200,4,5.0,0.5,222.02
Gachibowli,3614,4,4.0,1.5,315.95
Manikonda,1976,3,3.0,4.0,136.07
Manikonda,2836,4,5.0,4.0,168.09
Madhapur,3757,4,4.0,1.0,350.89
Madhapur,1197,2,2.0,1.0,123.1
Miyapur,3075,4,4.0,0.2,182.45
Jubilee Hills,921,1,1.0,2.5,190.76
Gachibowli,1568,2,3.0,1.5,162.94
Kondapur,3119,4,4.0,2.0,262.13
Uppal,2694,3,3.0,0.1,140.93
Miyapur,1436,2,2.0,0.2,99.96
Manikonda,3177,4,5.0,4.0,205.52
Kondapur,2138,3,3.0,2.0,190.41
Jubilee Hills,3420,4,5.0,2.5,630.17
Kukatpally,3029,4,5.0,0.5,214.31
Uppal,1502,2,2.0,0.1,85.54
Kukatpally,3220,4,5.0,0.5,243.03
Kukatpally,1635,2,2.0,0.5,135.45
Gachibowli,1205,2,3.0,1.5,123.13
Uppal,2875,4,4.0,0.1,156.48
Uppal,3178,4,5.0,0.1,158.95
Manikonda,2469,3,3.0,4.0,161.7
Kukatpally,3966,4,4.0,0.5,266.26
Banjara Hills,1217,2,3.0,3.0,213.26
Kondapur,3095,4,4.0,2.0,258.51
Kondapur,1282,2,2.0,2.0,131.73
Kukatpally,1726,2,2.0,0.5,133.96
Gachibowli,1749,2,3.0,1.5,161.77
Uppal,1973,3,4.0,0.1,114.92
Gachibowli,2955,4,4.0,1.5,246.93
Banjara Hills,2058,3,3.0,3.0,317.18
Miyapur,1594,2,2.0,0.2,104.4
Ameerpet,2602,3,3.0,0.0,200.49
Ameerpet,1146,2,2.0,0.0,94.83
Uppal,2533,3,3.0,0.1,134.14
Manikonda,3953,4,4.0,4.0,262.78
Ameerpet,2512,3,3.0,0.0,192.52
Ameerpet,1528,2,2.0,0.0,120.49
Uppal,1807,3,4.0,0.1,95.53
Miyapur,3610,4,5.0,0.2,218.91
Madhapur,2810,4,5.0,1.0,294.14
Miyapur,1296,2,3.0,0.2,76.67
Madhapur,1744,2,2.0,1.0,194.42
Banjara Hills,1810,3,3.0,3.0,279.53
Jubilee Hills,1690,2,2.0,2.5,293.24
Uppal,2273,3,3.0,0.1,118.1
Ameerpet,3049,4,5.0,0.0,228.78
Madhapur,2122,3,3.0,1.0,225.92
Kondapur,2103,3,4.0,2.0,197.2
Ameerpet,2837,4,4.0,0.0,204.67
Madhapur,2154,3,4.0,1.0,220.85
Kukatpally,2265,3,4.0,0.5,185.64
Kondapur,3612,4,4.0,2.0,299.6
Ameerpet,895,1,1.0,0.0,90.06
Madhapur,2004,3,3.0,1.0,204.96
Jubilee Hills,2537,3,3.0,2.5,480.13
Miyapur,2524,3,4.0,0.2,155.42
Kukatpally,3862,4,4.0,0.5,253.17
Manikonda,3504,4,5.0,4.0,217.42
Madhapur,1436,2,2.0,1.0,134.8
Manikonda,3276,4,4.0,4.0,210.94
Ameerpet,1789,2,2.0,0.0,156.8
Jubilee Hills,2288,3,3.0,2.5,438.68
Banjara Hills,3120,4,4.0,3.0,481.7
Banjara Hills,921,1,2.0,3.0,147.3
Gachibowli,3596,4,4.0,1.5,304.69
Banjara Hills,2832,4,4.0,3.0,455.13
Madhapur,1671,2,2.0,1.0,171.01
Banjara Hills,1837,3,3.0,3.0,268.86
Jubilee Hills,2912,4,4.0,2.5,558.53
Manikonda,3136,4,4.0,4.0,199.64
Jubilee Hills,2578,3,4.0,2.5,446.51
Miyapur,2982,4,5.0,0.2,166.41
Ameerpet,2183,3,3.0,0.0,179.47
Uppal,2157,3,3.0,0.1,113.45
Jubilee Hills,827,1,2.0,2.5,171.31
Banjara Hills,3787,4,4.0,3.0,575.24
Manikonda,1776,2,2.0,4.0,113.93
Banjara Hills,1750,2,3.0,3.0,282.2
Gachibowli,1538,2,3.0,1.5,150.62
Kondapur,2755,3,3.0,2.0,215.19
Miyapur,2042,3,4.0,0.2,119.1
Ameerpet,2944,4,4.0,0.0,225.25
Banjara Hills,2915,4,4.0,3.0,494.02
Ameerpet,1161,2,2.0,0.0,92.06
Kukatpally,3376,4,5.0,0.5,243.27
Kukatpally,2173,3,4.0,0.5,146.15
Madhapur,3016,4,4.0,1.0,295.46
Kondapur,3364,4,5.0,2.0,285.71
Kukatpally,3830,4,4.0,0.5,260.71
Banjara Hills,3798,4,4.0,3.0,567.3
Ameerpet,3319,4,4.0,0.0,273.9
Ameerpet,1653,2,2.0,0.0,130.9
Jubilee Hills,3086,4,5.0,2.5,562.07
Miyapur,3388,4,5.0,0.2,202.7
Madhapur,1732,2,2.0,1.0,175.47
Ameerpet,3467,4,4.0,0.0,248.4
Banjara Hills,3334,4,5.0,3.0,526.12
Uppal,1780,2,2.0,0.1,94.97
Gachibowli,1168,2,2.0,1.5,107.76
Madhapur,3109,4,5.0,1.0,317.86
Uppal,2313,3,3.0,0.1,126.4
Kukatpally,2252,3,3.0,0.5,156.18
Madhapur,2686,3,4.0,1.0,270.96
Miyapur,2478,3,3.0,0.2,152.04
Banjara Hills,1085,2,2.0,3.0,157.87
Kukatpally,2017,3,4.0,0.5,151.61
Kondapur,3312,4,4.0,2.0,289.72
Banjara Hills,1116,2,2.0,3.0,163.54
Jubilee Hills,1714,2,2.0,2.5,338.73
Ameerpet,954,1,1.0,0.0,91.64
Madhapur,3281,4,4.0,1.0,318.7
Miyapur,3420,4,5.0,0.2,187.23
Kondapur,1118,2,2.0,2.0,95.43
Kukatpally,1436,2,2.0,0.5,101.52
Jubilee Hills,1793,2,2.0,2.5,334.57
Kondapur,3679,4,4.0,2.0,301.12
Uppal,3448,4,5.0,0.1,165.88
Ameerpet,3296,4,4.0,0.0,260.57
Jubilee Hills,1087,2,2.0,2.5,215.2
Madhapur,2141,3,3.0,1.0,212.87
Madhapur,2121,3,3.0,1.0,221.79
Banjara Hills,1756,2,3.0,3.0,277.22
Jubilee Hills,2399,3,4.0,2.5,449.6
Kukatpally,2643,3,3.0,0.5,179.32
Kukatpally,1702,2,2.0,0.5,128.3
Uppal,2968,4,4.0,0.1,149.5
Manikonda,3862,4,4.0,4.0,267.74
Miyapur,3931,4,5.0,0.2,227.85
Kukatpally,3475,4,4.0,0.5,235.23
Manikonda,2134,3,3.0,4.0,135.16
Manikonda,1651,2,2.0,4.0,100.54
Gachibowli,2663,3,3.0,1.5,240.53
Jubilee Hills,1420,2,2.0,2.5,297.74
Gachibowli,3401,4,4.0,1.5,299.3
Jubilee Hills,2129,3,3.0,2.5,393.11
Ameerpet,3150,4,4.0,0.0,237.11
Manikonda,3145,4,5.0,4.0,184.57
Uppal,1086,2,2.0,0.1,59.96
Jubilee Hills,3336,4,4.0,2.5,571.5
Manikonda,1800,3,3.0,4.0,125.44
Manikonda,2875,4,5.0,4.0,187.96
Gachibowli,1598,2,3.0,1.5,140.35
Manikonda,3850,4,4.0,4.0,215.29
Uppal,1026,2,3.0,0.1,59.9
Manikonda,3910,4,4.0,4.0,252.11
Kukatpally,3897,4,4.0,0.5,278.15
Madhapur,2960,4,5.0,1.0,305.9
Miyapur,3426,4,5.0,0.2,196.78
Jubilee Hills,3318,4,5.0,2.5,603.97
Jubilee Hills,1680,2,2.0,2.5,317.93
Kondapur,1312,2,2.0,2.0,111.52
Manikonda,931,1,1.0,4.0,65.39
Miyapur,2768,3,3.0,0.2,159.16
Kukatpally,2562,3,4.0,0.5,173.45
Jubilee Hills,1280,2,3.0,2.5,226.91
Miyapur,1935,3,4.0,0.2,121.27
Kukatpally,3081,4,4.0,0.5,220.63
Madhapur,2826,4,4.0,1.0,282.44
Uppal,1110,2,3.0,0.1,61.01
Banjara Hills,3619,4,4.0,3.0,558.58
Ameerpet,3594,4,4.0,0.0,284.97
Kondapur,3128,4,4.0,2.0,254.97
Jubilee Hills,1987,3,4.0,2.5,379.14
Uppal,3934,4,5.0,0.1,189.13
Jubilee Hills,1146,2,2.0,2.5,232.53
Kondapur,944,1,1.0,2.0,86.39
Jubilee Hills,1682,2,2.0,2.5,331.9
Gachibowli,2419,3,3.0,1.5,226.86
Kondapur,2911,4,4.0,2.0,236.62
Miyapur,1019,2,2.0,0.2,76.52
Miyapur,3863,4,5.0,0.2,232.63
Ameerpet,3162,4,5.0,0.0,246.51
Uppal,995,1,2.0,0.1,63.28
Jubilee Hills,1901,3,4.0,2.5,319.27
Gachibowli,2705,3,3.0,1.5,244.33
Kondapur,3695,4,4.0,2.0,308.81
Kukatpally,1830,3,3.0,0.5,131.83
Miyapur,1229,2,2.0,0.2,86.65
Banjara Hills,3180,4,5.0,3.0,474.14
Manikonda,3609,4,5.0,4.0,220.64
Uppal,2825,4,5.0,0.1,136.67
Gachibowli,811,1,2.0,1.5,82.24
Ameerpet,2944,4,4.0,0.0,222.05
Manikonda,1683,2,2.0,4.0,116.25
Uppal,1834,3,3.0,0.1,86.92
Uppal,1827,3,3.0,0.1,103.53
Ameerpet,1155,2,3.0,0.0,93.16
Banjara Hills,2650,3,4.0,3.0,407.43
Miyapur,2088,3,4.0,0.2,129.61
Kondapur,872,1,1.0,2.0,84.35
Gachibowli,3402,4,4.0,1.5,297.76
Manikonda,3455,4,4.0,4.0,222.49
Madhapur,2220,3,4.0,1.0,218.06
Madhapur,1041,2,2.0,1.0,112.58
Kondapur,1218,2,3.0,2.0,106.3
Miyapur,2117,3,4.0,0.2,127.31
Ameerpet,2456,3,3.0,0.0,180.19
Kondapur,3475,4,5.0,2.0,288.09
Uppal,1756,2,2.0,0.1,100.97
Banjara Hills,2438,3,3.0,3.0,415.91
Gachibowli,2764,3,4.0,1.5,250.05
Uppal,3611,4,4.0,0.1,195.39
Miyapur,1603,2,2.0,0.2,108.84
Gachibowli,1748,2,3.0,1.5,171.13
Miyapur,3671,4,5.0,0.2,209.34
Madhapur,932,1,1.0,1.0,103.35
Gachibowli,3447,4,4.0,1.5,295.26
Gachibowli,2692,3,3.0,1.5,240.71
Uppal,1195,2,3.0,0.1,73.11
Kukatpally,1839,3,3.0,0.5,141.64
Jubilee Hills,3280,4,5.0,2.5,637.1
Madhapur,2610,3,4.0,1.0,265.3
Kukatpally,3766,4,4.0,0.5,255.13
Kondapur,1011,2,2.0,2.0,93.67
Manikonda,2639,3,4.0,4.0,150.89
Gachibowli,2636,3,3.0,1.5,242.46
Banjara Hills,2023,3,3.0,3.0,303.37
Gachibowli,2372,3,3.0,1.5,221.2
Banjara Hills,2835,4,4.0,3.0,452.24
Banjara Hills,3236,4,4.0,3.0,492.02
Kukatpally,1433,2,3.0,0.5,113.19
Gachibowli,1886,3,3.0,1.5,160.09
Manikonda,3550,4,4.0,4.0,236.01
Jubilee Hills,1703,2,2.0,2.5,300.88
Manikonda,1863,3,4.0,4.0,122.57
Manikonda,992,1,1.0,4.0,62.46
Kukatpally,925,1,1.0,0.5,78.53
Miyapur,1972,3,3.0,0.2,114.19
Banjara Hills,3926,4,5.0,3.0,586.58
Gachibowli,3528,4,5.0,1.5,311.73
Kukatpally,2456,3,3.0,0.5,186.35
Uppal,1036,2,2.0,0.1,60.7
Miyapur,2921,4,5.0,0.2,187.6
Uppal,896,1,1.0,0.1,60.94
Miyapur,3823,4,4.0,0.2,217.15
Banjara Hills,3066,4,4.0,3.0,473.39
Banjara Hills,2467,3,3.0,3.0,370.17
Banjara Hills,2327,3,3.0,3.0,374.9
Ameerpet,3390,4,4.0,0.0,264.65
Manikonda,2240,3,3.0,4.0,156.75
Miyapur,1304,2,2.0,0.2,88.74
Ameerpet,1807,3,3.0,0.0,149.59
Banjara Hills,1130,2,2.0,3.0,184.16
Ameerpet,1976,3,3.0,0.0,160.8
Kondapur,2045,3,3.0,2.0,164.27
Kondapur,3135,4,4.0,2.0,246.59
Uppal,3132,4,4.0,0.1,169.71
Madhapur,1286,2,2.0,1.0,140.62
Gachibowli,1555,2,2.0,1.5,145.16
Manikonda,2889,4,4.0,4.0,193.36
Banjara Hills,3914,4,4.0,3.0,531.95
Uppal,2399,3,4.0,0.1,122.83
Banjara Hills,1502,2,2.0,3.0,246.48
Manikonda,1720,2,2.0,4.0,107.01
Manikonda,2642,3,3.0,4.0,168.77
Ameerpet,1116,2,2.0,0.0,107.15
Kukatpally,1031,2,3.0,0.5,92.89
Gachibowli,1497,2,2.0,1.5,135.88
Jubilee Hills,3897,4,5.0,2.5,691.79
Ameerpet,1711,2,2.0,0.0,135.44
Kondapur,1317,2,2.0,2.0,112.25
Gachibowli,1029,2,2.0,1.5,105.31
Ameerpet,1751,2,2.0,0.0,133.7
Uppal,2700,3,4.0,0.1,134.58
Manikonda,3474,4,4.0,4.0,220.13
Manikonda,3068,4,5.0,4.0,209.93
Banjara Hills,3509,4,4.0,3.0,533.63
Miyapur,2421,3,3.0,0.2,163.71
Kukatpally,2561,3,4.0,0.5,174.83
Uppal,3387,4,4.0,0.1,168.81
Madhapur,1662,2,2.0,1.0,169.08
Manikonda,3693,4,4.0,4.0,221.2
Manikonda,3819,4,4.0,4.0,253.89
Gachibowli,3713,4,5.0,1.5,340.55
Manikonda,1278,2,2.0,4.0,80.1
Madhapur,1789,2,3.0,1.0,187.87
Manikonda,1576,2,3.0,4.0,105.3
Madhapur,1586,2,2.0,1.0,160.24
Gachibowli,1504,2,2.0,1.5,146.99
Kondapur,2008,3,4.0,2.0,175.01
Miyapur,2571,3,3.0,0.2,137.94
Madhapur,1578,2,3.0,1.0,164.69
Jubilee Hills,3370,4,5.0,2.5,638.19
Jubilee Hills,1599,2,2.0,2.5,315.29
Miyapur,1905,3,3.0,0.2,112.8
Gachibowli,2330,3,3.0,1.5,197.38
Madhapur,1305,2,3.0,1.0,146.5
Uppal,914,1,1.0,0.1,52.29
Kukatpally,2883,4,4.0,0.5,205.15
Jubilee Hills,1814,3,4.0,2.5,364.42
Kondapur,3040,4,5.0,2.0,256.26
Kondapur,1421,2,2.0,2.0,122.25
Uppal,3243,4,4.0,0.1,165.22
Ameerpet,3304,4,5.0,0.0,227.05
Uppal,3575,4,4.0,0.1,200.25
Uppal,1874,3,3.0,0.1,104.38
Banjara Hills,1070,2,2.0,3.0,158.93
Manikonda,2116,3,3.0,4.0,137.59
Kondapur,3736,4,4.0,2.0,326.58
Kondapur,2732,3,3.0,2.0,262.6
Ameerpet,2470,3,3.0,0.0,196.93
Miyapur,3760,4,4.0,0.2,220.34
Gachibowli,1965,3,3.0,1.5,181.66
Miyapur,3862,4,5.0,0.2,212.91
Jubilee Hills,1444,2,2.0,2.5,261.01
Kukatpally,3723,4,5.0,0.5,267.02
Gachibowli,3782,4,4.0,1.5,314.7
Uppal,1772,2,3.0,0.1,89.08
Miyapur,1532,2,2.0,0.2,105.22
Kukatpally,3730,4,5.0,0.5,263.83
Kondapur,2456,3,4.0,2.0,206.06
Kukatpally,3405,4,4.0,0.5,225.61
Kondapur,1257,2,2.0,2.0,118.89
Uppal,2204,3,3.0,0.1,123.07
Madhapur,2654,3,3.0,1.0,299.56
Gachibowli,2465,3,3.0,1.5,231.01
Manikonda,2548,3,3.0,4.0,160.14
Manikonda,2629,3,3.0,4.0,179.64
Miyapur,3523,4,4.0,0.2,203.41
Ameerpet,2766,3,3.0,0.0,221.1
Banjara Hills,2119,3,3.0,3.0,328.99
Gachibowli,3997,4,5.0,1.5,351.8
Ameerpet,1991,3,3.0,0.0,154.48
Uppal,3948,4,5.0,0.1,193.66
Uppal,3402,4,5.0,0.1,168.55
Kukatpally,3189,4,4.0,0.5,215.53
Miyapur,3511,4,4.0,0.2,197.42
Jubilee Hills,3981,4,5.0,2.5,730.88
Gachibowli,3135,4,4.0,1.5,294.52
Uppal,2437,3,3.0,0.1,136.63
Uppal,2956,4,5.0,0.1,140.92
Banjara Hills,1020,2,2.0,3.0,180.01
Miyapur,1658,2,2.0,0.2,107.05
Miyapur,1988,3,3.0,0.2,126.48
Gachibowli,2731,3,4.0,1.5,221.75
Uppal,2838,4,4.0,0.1,141.15
Ameerpet,2179,3,3.0,0.0,152.13
Ameerpet,2774,3,3.0,0.0,214.03
Madhapur,2113,3,3.0,1.0,216.93
Miyapur,3619,4,4.0,0.2,223.64
Banjara Hills,1991,3,3.0,3.0,298.49
Jubilee Hills,1280,2,2.0,2.5,244.1
Ameerpet,1774,2,2.0,0.0,144.48
Madhapur,1060,2,2.0,1.0,122.68
Madhapur,1919,3,4.0,1.0,198.24
Banjara Hills,2157,3,3.0,3.0,307.34
Gachibowli,3884,4,4.0,1.5,322.32
Kondapur,2238,3,3.0,2.0,174.39
Kukatpally,2118,3,3.0,0.5,169.67
Ameerpet,3076,4,4.0,0.0,219.26
Kondapur,3989,4,5.0,2.0,308.73
Madhapur,997,1,2.0,1.0,107.29
Gachibowli,1127,2,3.0,1.5,114.75
Kukatpally,3130,4,4.0,0.5,195.2
Ameerpet,3204,4,5.0,0.0,258.08
Manikonda,3849,4,4.0,4.0,233.2
Jubilee Hills,3651,4,5.0,2.5,669.03
Banjara Hills,1704,2,2.0,3.0,264.42
Jubilee Hills,1445,2,2.0,2.5,284.3
Jubilee Hills,2796,3,3.0,2.5,561.07
Ameerpet,904,1,1.0,0.0,84.9
Uppal,3124,4,4.0,0.1,157.91
Jubilee Hills,1150,2,2.0,2.5,212.99
Kukatpally,954,1,1.0,0.5,73.06
Gachibowli,1654,2,3.0,1.5,146.64
Madhapur,2911,4,4.0,1.0,267.81
Uppal,3761,4,5.0,0.1,205.54
Miyapur,1743,2,2.0,0.2,102.13
Ameerpet,1619,2,3.0,0.0,139.1
Banjara Hills,3139,4,5.0,3.0,507.98
Ameerpet,3729,4,4.0,0.0,253.06
Kukatpally,2906,4,4.0,0.5,221.19
Uppal,3606,4,5.0,0.1,179.35
Kondapur,2422,3,4.0,2.0,219.78
Manikonda,1306,2,3.0,4.0,82.0
Uppal,2823,4,5.0,0.1,144.23
Miyapur,3561,4,5.0,0.2,231.39
Miyapur,1352,2,2.0,0.2,95.24
Manikonda,2968,4,4.0,4.0,178.59
Ameerpet,3812,4,5.0,0.0,301.19
Madhapur,2205,3,3.0,1.0,223.15
Uppal,1354,2,2.0,0.1,73.74
Ameerpet,3655,4,4.0,0.0,296.37
Kukatpally,1833,3,3.0,0.5,141.64
Manikonda,3018,4,4.0,4.0,175.96
Jubilee Hills,2078,3,4.0,2.5,424.67
Manikonda,3042,4,5.0,4.0,188.1
Manikonda,2057,3,3.0,4.0,134.07
Kondapur,3601,4,4.0,2.0,310.51
Uppal,1356,2,2.0,0.1,79.86
Kukatpally,2364,3,3.0,0.5,168.94
Ameerpet,1237,2,2.0,0.0,100.59
Kukatpally,3489,4,5.0,0.5,242.05
Gachibowli,2246,3,4.0,1.5,211.24
Ameerpet,1364,2,3.0,0.0,115.84
Kukatpally,3907,4,5.0,0.5,255.13
Jubilee Hills,2020,3,3.0,2.5,381.24
Gachibowli,1073,2,2.0,1.5,108.58
Ameerpet,989,1,2.0,0.0,80.34
Manikonda,1084,2,2.0,4.0,71.57
Jubilee Hills,1952,3,3.0,2.5,367.64
Ameerpet,1904,3,3.0,0.0,150.7
Madhapur,951,1,1.0,1.0,91.58
Gachibowli,3050,4,4.0,1.5,277.86
Manikonda,2756,3,3.0,4.0,168.13
Jubilee Hills,803,1,2.0,2.5,155.88
Madhapur,2112,3,3.0,1.0,207.59
Manikonda,3900,4,4.0,4.0,233.86
Kukatpally,3772,4,4.0,0.5,264.8
Gachibowli,3999,4,4.0,1.5,333.64
Ameerpet,2111,3,4.0,0.0,171.9
Miyapur,1086,2,2.0,0.2,71.74
Miyapur,3945,4,4.0,0.2,225.98
Gachibowli,2367,3,3.0,1.5,210.34
Uppal,1803,3,4.0,0.1,92.17
Banjara Hills,3294,4,4.0,3.0,471.46
Miyapur,3461,4,5.0,0.2,208.57
Kukatpally,2145,3,3.0,0.5,161.29
Kukatpally,3893,4,4.0,0.5,278.11
Ameerpet,3389,4,5.0,0.0,259.49
Kukatpally,2983,4,4.0,0.5,226.97
Kondapur,3172,4,4.0,2.0,270.36
Kondapur,1225,2,2.0,2.0,107.19
Banjara Hills,2266,3,3.0,3.0,352.88
Kondapur,3535,4,5.0,2.0,289.57
Madhapur,2483,3,4.0,1.0,243.17
Manikonda,3400,4,4.0,4.0,231.7
Banjara Hills,2891,4,4.0,3.0,479.67
Kukatpally,3467,4,4.0,0.5,268.35
Kukatpally,2672,3,3.0,0.5,193.73
Kondapur,1075,2,2.0,2.0,100.58
Ameerpet,1611,2,2.0,0.0,133.91
Madhapur,2992,4,5.0,1.0,280.57
Gachibowli,1930,3,3.0,1.5,180.63
Ameerpet,2406,3,4.0,0.0,190.68
Uppal,1539,2,2.0,0.1,90.95
Miyapur,2170,3,3.0,0.2,130.86
Ameerpet,1321,2,2.0,0.0,99.61
Uppal,3499,4,4.0,0.1,166.82
Ameerpet,3419,4,5.0,0.0,250.47
Gachibowli,1320,2,2.0,1.5,115.6
Madhapur,3168,4,4.0,1.0,320.75
Jubilee Hills,2850,4,4.0,2.5,549.6
Madhapur,1184,2,2.0,1.0,148.69
Uppal,1091,2,2.0,0.1,63.88
Banjara Hills,3871,4,4.0,3.0,578.47
Manikonda,2128,3,3.0,4.0,127.01
Madhapur,2679,3,3.0,1.0,273.7
Jubilee Hills,1983,3,4.0,2.5,377.68
Manikonda,3068,4,4.0,4.0,184.25
Jubilee Hills,2597,3,3.0,2.5,517.76
Madhapur,1652,2,3.0,1.0,183.26
Kondapur,3925,4,4.0,2.0,358.66
Manikonda,3745,4,4.0,4.0,240.14
Madhapur,1604,2,3.0,1.0,172.07
Uppal,3356,4,4.0,0.1,160.43
Kukatpally,3007,4,5.0,0.5,219.58
Kondapur,1549,2,2.0,2.0,138.6
Ameerpet,2256,3,3.0,0.0,190.43
Miyapur,1830,3,4.0,0.2,116.23
Uppal,2074,3,3.0,0.1,102.95
Jubilee Hills,1081,2,2.0,2.5,207.95
Kukatpally,2328,3,4.0,0.5,169.45
Banjara Hills,3050,4,4.0,3.0,461.61
Kukatpally,1093,2,3.0,0.5,74.98
Gachibowli,3076,4,4.0,1.5,275.97
Ameerpet,1764,2,2.0,0.0,149.09
Banjara Hills,3496,4,4.0,3.0,538.02
Uppal,1042,2,2.0,0.1,70.2
Banjara Hills,1275,2,3.0,3.0,211.1
US_NAmes,1656,3,1.0,5.0,172.0
US_NAmes,896,2,1.0,5.0,84.0
US_NAmes,1329,3,1.5,5.0,137.6
US_NAmes,2110,3,2.5,5.0,195.2
US_Gilbert,1629,3,2.5,5.0,151.92
US_Gilbert,1604,3,2.5,5.0,156.4
US_StoneBr,1338,2,2.0,5.0,170.8
US_StoneBr,1280,2,2.0,5.0,153.2
US_StoneBr,1616,2,2.0,5.0,189.2
US_Gilbert,1804,3,2.5,5.0,151.2
US_Gilbert,1655,3,2.5,5.0,140.72
US_Gilbert,1187,3,2.0,5.0,148.0
US_Gilbert,1465,3,2.5,5.0,144.32
US_Gilbert,1341,2,1.5,5.0,137.2
US_StoneBr,1502,1,1.5,5.0,169.6
US_StoneBr,3279,4,3.5,5.0,430.4
US_Gilbert,1752,4,2.0,5.0,131.2
US_StoneBr,1856,1,1.5,5.0,315.5456
US_Gilbert,864,2,1.0,5.0,112.8
US_NWAmes,2073,3,2.0,5.0,168.0
US_NWAmes,1844,3,2.0,5.0,152.0
US_NWAmes,1173,3,2.0,5.0,136.0
US_Somerst,1674,3,2.5,5.0,172.8
US_NAmes,1004,2,1.0,5.0,119.2
US_NAmes,1078,3,1.5,5.0,119.92
US_NAmes,1056,3,1.0,5.0,113.6
US_NAmes,882,2,1.0,5.0,100.8
US_NAmes,864,3,1.0,5.0,92.0
US_NAmes,1337,2,2.0,5.0,147.2
US_BrDale,987,2,1.5,5.0,76.8
US_BrDale,1092,3,1.5,5.0,84.4
US_BrDale,1092,3,1.5,5.0,70.4
US_NPkVill,1069,2,2.0,5.0,102.0
US_NPkVill,1456,3,2.5,5.0,119.92
US_NPkVill,836,2,1.0,5.0,96.0
US_NPkVill,1456,3,2.5,5.0,116.8
US_NridgHt,2334,3,2.5,5.0,300.9296
US_NridgHt,1704,3,2.0,5.0,244.8
US_NridgHt,1940,3,2.5,5.0,316.1536
US_NridgHt,1544,3,2.0,5.0,232.7528
US_NridgHt,1541,3,2.0,5.0,176.0
US_NridgHt,1698,3,2.0,5.0,220.0
US_NridgHt,1822,3,2.0,5.0,207.2
US_NridgHt,1535,3,2.0,5.0,171.2
US_NridgHt,2364,2,2.5,5.0,489.3256
US_NridgHt,1358,2,2.0,5.0,179.2
US_NridgHt,2696,3,2.5,5.0,400.0
US_NridgHt,2250,3,2.5,5.0,256.0
US_NridgHt,1752,2,2.0,5.0,255.92
US_NridgHt,1370,2,2.0,5.0,164.0
US_NridgHt,1626,2,2.5,5.0,140.4
US_Gilbert,1324,3,2.0,5.0,159.6
US_Blmngtn,1145,2,2.0,5.0,128.0
US_Blmngtn,1269,2,2.0,5.0,153.6
US_Gilbert,1374,3,2.5,5.0,147.6
US_Gilbert,1960,4,2.5,5.0,173.2
US_Gilbert,1733,3,2.5,5.0,148.0704
US_Gilbert,1430,3,2.5,5.0,144.0
US_Gilbert,2035,3,2.5,5.0,178.0
US_NoRidge,2599,4,2.5,5.0,266.5344
US_NoRidge,2475,4,2.5,5.0,284.0
US_NoRidge,1720,3,2.0,5.0,208.32
US_NoRidge,2622,3,2.5,5.0,260.0
US_NoRidge,2270,4,2.5,5.0,232.0
US_NoRidge,1839,4,2.5,5.0,176.8
US_NoRidge,3238,4,2.5,5.0,328.0
US_Somerst,1595,2,2.0,5.0,177.2
US_Somerst,1218,2,2.0,5.0,163.6
US_Somerst,1547,3,2.5,5.0,172.16
US_Somerst,1566,3,2.0,5.0,210.0
US_Somerst,1947,3,2.5,5.0,203.92
US_Somerst,1468,2,2.0,5.0,217.2
US_SawyerW,2084,4,2.5,5.0,186.4
US_SawyerW,1659,3,2.5,5.0,144.8
US_SawyerW,2110,3,2.5,5.0,164.0
US_SawyerW,923,2,2.0,5.0,114.4
US_SawyerW,1845,3,2.5,5.0,151.2
US_SawyerW,918,2,2.0,5.0,79.6
US_SawyerW,752,2,1.0,5.0,100.0
US_SawyerW,1744,3,2.5,5.0,155.6
US_SawyerW,1097,3,2.0,5.0,121.6
US_SawyerW,1564,3,2.5,5.0,136.8
US_SawyerW,1012,2,1.0,5.0,54.0
US_Sawyer,1902,4,2.0,5.0,89.6
US_Sawyer,1155,3,1.0,5.0,118.4
US_Sawyer,894,3,1.0,5.0,110.8
US_Sawyer,900,3,1.0,5.0,97.6
US_Sawyer,1040,3,1.5,5.0,106.4
US_Sawyer,1040,3,1.5,5.0,101.6
US_Sawyer,1494,3,2.0,5.0,135.2
US_NoRidge,1923,3,2.5,5.0,152.0
US_NoRidge,2349,4,2.5,5.0,290.0
US_NoRidge,2225,4,2.5,5.0,228.0
US_Somerst,1488,2,2.0,5.0,208.0
US_Somerst,1680,2,2.5,5.0,152.0
US_Somerst,1200,2,2.5,5.0,124.0
US_Somerst,1200,2,2.5,5.0,120.8
US_Somerst,1200,2,2.5,5.0,119.6
US_Somerst,1236,2,2.5,5.0,121.6
US_Somerst,1478,2,2.5,5.0,177.6
US_Somerst,1573,3,2.5,5.0,142.0
US_Somerst,1512,2,2.5,5.0,141.6
US_Somerst,1416,3,2.5,5.0,124.0
US_Somerst,1080,2,2.5,5.0,117.688
US_Somerst,1418,1,1.5,5.0,214.3328
US_Somerst,1848,3,2.5,5.0,203.2
US_Greens,788,1,1.0,5.0,124.0
US_Greens,1226,1,1.0,5.0,164.8
US_Sawyer,1479,3,2.5,5.0,104.4
US_Somerst,1492,3,2.0,5.0,184.0
US_NWAmes,1829,4,2.0,5.0,174.8
US_NWAmes,2495,4,2.5,5.0,194.8
US_NWAmes,1610,3,2.0,5.0,164.0
US_NWAmes,1891,3,3.0,5.0,170.0
US_NWAmes,1714,3,2.5,5.0,157.2
US_NWAmes,1381,3,1.5,5.0,158.0
US_NWAmes,1645,4,2.0,5.0,136.8
US_NAmes,1232,3,1.5,5.0,113.8
US_NWAmes,1328,3,1.5,5.0,114.4
US_NAmes,1225,3,1.5,5.0,103.16
US_NAmes,1209,3,1.0,5.0,127.2
US_NAmes,1510,3,2.0,5.0,143.12
US_NAmes,1775,3,2.0,5.0,109.04
US_NAmes,1152,3,1.0,5.0,144.4
US_NAmes,1054,3,1.0,5.0,110.0
US_NAmes,1728,6,2.0,5.0,67.92
US_NAmes,1078,2,1.0,5.0,113.7
US_NAmes,2461,3,2.0,5.0,158.08
US_NAmes,1556,3,2.0,5.0,138.0
US_BrkSide,858,2,1.0,5.0,93.2
US_BrkSide,1306,3,1.0,5.0,61.2
US_NAmes,1063,3,1.0,5.0,102.4
US_NAmes,1520,3,1.0,5.0,122.4
US_NAmes,1268,2,1.0,5.0,105.6
US_NAmes,1128,2,1.0,5.0,142.4
US_NAmes,2274,5,2.0,5.0,123.44
US_NAmes,2207,3,2.0,5.0,144.0
US_NAmes,1888,2,2.5,5.0,152.0
US_NAmes,1604,4,2.0,5.0,108.0
US_NAmes,1480,3,2.0,5.0,171.2
US_NAmes,1143,3,1.0,5.0,108.8
US_NAmes,1700,4,1.5,5.0,132.4
US_NAmes,1314,3,1.0,5.0,116.0
US_NAmes,1194,3,1.0,5.0,118.4
US_NAmes,1188,3,1.0,5.0,113.6
US_NAmes,1264,3,1.0,5.0,134.0
US_NAmes,1206,3,1.0,5.0,86.8304
US_NAmes,1580,3,1.5,5.0,127.6
US_NAmes,1337,3,1.0,5.0,86.4
US_NAmes,1064,2,1.0,5.0,108.0
US_NAmes,972,3,1.0,5.0,98.0
US_NAmes,988,2,1.0,5.0,95.2
US_NAmes,1057,3,1.0,5.0,87.2
US_NAmes,985,2,1.0,5.0,84.0
US_NAmes,827,2,1.0,5.0,86.0
US_NAmes,1086,3,1.0,5.0,115.92
US_NAmes,936,2,1.0,5.0,103.2
US_NAmes,1458,3,1.0,5.0,78.0
US_OldTown,1056,0,0.0,5.0,115.2
US_NAmes,1287,3,1.0,5.0,129.6
US_NAmes,2978,5,2.5,5.0,193.6
US_NAmes,1224,3,1.0,5.0,105.6
US_NAmes,1246,3,1.5,5.0,123.2
US_NAmes,1385,4,2.0,5.0,132.8
US_NAmes,900,3,1.0,5.0,107.84
US_NAmes,1116,3,1.5,5.0,128.0
US_NAmes,1175,3,1.5,5.0,118.4
US_NAmes,1395,2,1.0,5.0,153.6
US_NAmes,1839,4,1.5,5.0,124.0
US_OldTown,1844,3,1.0,5.0,64.32
US_OldTown,1140,3,1.0,5.0,77.2
US_OldTown,936,2,1.0,5.0,87.6
US_OldTown,1028,2,1.0,5.0,92.0
US_OldTown,1347,3,1.0,5.0,114.4
US_OldTown,1605,3,2.0,5.0,85.92
US_OldTown,747,2,1.0,5.0,64.0
US_OldTown,804,2,1.0,5.0,95.2
US_OldTown,1316,3,1.0,5.0,104.0
US_OldTown,1251,3,1.0,5.0,95.2
US_OldTown,1633,3,1.0,5.0,103.2
US_OldTown,1245,3,1.0,5.0,80.0
US_OldTown,832,2,1.0,5.0,10.2312
US_OldTown,720,2,1.0,5.0,84.72
US_OldTown,1566,3,2.0,5.0,120.0
US_OldTown,1652,4,2.0,5.0,111.2
US_OldTown,2268,3,3.0,5.0,192.0
US_OldTown,2256,4,2.0,5.0,61.2
US_OldTown,1236,2,1.0,5.0,119.76
US_OldTown,1363,3,1.0,5.0,100.4
US_OldTown,2290,4,2.0,5.0,98.0
US_OldTown,1470,2,1.5,5.0,112.6
US_BrkSide,1612,3,1.5,5.0,102.8
US_BrkSide,2068,3,1.5,5.0,167.6
US_BrkSide,765,2,1.0,5.0,69.6
US_BrkSide,1132,2,1.0,5.0,107.2
US_BrkSide,1196,3,1.5,5.0,102.4
US_BrkSide,1453,3,1.5,5.0,105.6
US_BrkSide,1416,3,1.5,5.0,111.92
US_BrkSide,1040,2,1.0,5.0,99.12
US_BrkSide,1536,4,2.0,5.0,110.72
US_OldTown,1068,2,1.0,5.0,87.6
US_OldTown,1710,3,2.0,5.0,112.0
US_OldTown,1962,4,1.5,5.0,119.6
US_OldTown,1560,3,1.5,5.0,127.92
US_OldTown,1324,3,1.0,5.0,97.6
US_IDOTRR,816,2,1.0,5.0,88.0
US_IDOTRR,1092,3,2.0,5.0,44.0
US_OldTown,1812,4,2.0,5.0,112.0
US_ClearCr,2403,4,2.0,5.0,195.52
US_ClearCr,1675,3,2.0,5.0,138.4
US_ClearCr,1224,3,1.5,5.0,86.0
US_SWISU,1392,3,1.0,5.0,80.0
US_SWISU,919,3,1.0,5.0,76.0
US_SWISU,1884,4,1.5,5.0,74.6952
US_SWISU,1680,2,2.0,5.0,91.92
US_Sawyer,1020,2,1.0,5.0,75.2
US_Sawyer,1832,4,2.0,5.0,108.8
US_Sawyer,1768,4,2.0,5.0,109.2
US_Sawyer,1039,3,1.5,5.0,105.2
US_Sawyer,1392,3,1.5,5.0,97.2
US_Sawyer,912,3,1.0,5.0,100.0
US_Sawyer,1060,3,1.0,5.0,123.2
US_Sawyer,892,3,1.0,5.0,110.32
US_Sawyer,1352,4,1.5,5.0,126.4
US_Sawyer,864,2,1.0,5.0,109.8
US_Sawyer,1373,3,1.0,5.0,128.2
US_Sawyer,1440,4,1.5,5.0,130.4
US_Sawyer,1386,3,2.5,5.0,127.12
US_ClearCr,2260,3,2.5,5.0,262.4
US_ClearCr,1483,1,1.5,5.0,216.0
US_Sawyer,756,2,1.0,5.0,68.0
US_Sawyer,1067,2,2.0,5.0,102.4
US_ClearCr,1524,0,0.5,5.0,208.0
US_ClearCr,1981,4,2.5,5.0,184.0
US_Edwards,1610,4,2.0,5.0,99.2
US_Edwards,835,2,1.0,5.0,66.4
US_Edwards,1074,3,1.0,5.0,115.6
US_Edwards,1144,3,1.0,5.0,103.2
US_Edwards,1531,3,1.0,5.0,101.6
US_Edwards,1172,3,1.0,5.0,102.4
US_Edwards,1212,3,2.0,5.0,148.8
US_Edwards,1508,1,1.0,5.0,246.424
US_Edwards,1298,3,2.0,5.0,91.2
US_Edwards,930,2,1.0,5.0,67.92
US_SawyerW,1732,3,2.5,5.0,142.4
US_SawyerW,1433,1,1.5,5.0,216.0
US_SawyerW,1802,3,2.5,5.0,174.4
US_SawyerW,1949,3,2.5,5.0,188.8
US_SawyerW,996,2,1.0,5.0,117.6
US_CollgCr,1694,3,2.0,5.0,196.28
US_CollgCr,1208,2,2.0,5.0,164.8
US_CollgCr,1226,3,2.0,5.0,159.12
US_CollgCr,1222,2,2.0,5.0,149.6
US_SawyerW,3222,5,3.0,5.0,256.0
US_SawyerW,1445,3,2.0,5.0,110.8
US_ClearCr,1052,3,1.0,5.0,124.0
US_CollgCr,965,2,1.0,5.0,127.2
US_CollgCr,1692,3,2.5,5.0,152.8
US_CollgCr,1682,3,2.5,5.0,160.4
US_CollgCr,1026,3,1.5,5.0,120.0
US_CollgCr,1392,3,1.5,5.0,129.4
US_CollgCr,894,3,1.0,5.0,102.56
US_CollgCr,876,3,1.0,5.0,101.6
US_CollgCr,1978,3,2.5,5.0,254.4
US_CollgCr,1601,3,2.0,5.0,217.6
US_CollgCr,1829,3,2.5,5.0,189.6
US_CollgCr,2098,4,2.5,5.0,192.0
US_CollgCr,1661,3,2.0,5.0,179.92
US_CollgCr,848,1,1.0,5.0,115.0
US_CollgCr,848,1,1.0,5.0,114.4
US_CollgCr,1668,3,2.0,5.0,185.6
US_CollgCr,1484,3,2.0,5.0,170.4
US_CollgCr,1414,3,2.0,5.0,148.4
US_Edwards,640,2,1.0,5.0,67.92
US_Edwards,992,3,1.0,5.0,124.7128
US_Edwards,1664,4,2.0,5.0,80.0
US_Edwards,1196,3,1.0,5.0,115.2
US_Edwards,1120,2,1.0,5.0,51.2
US_Edwards,1096,3,1.0,5.0,100.16
US_Edwards,1117,3,1.0,5.0,85.6
US_Edwards,960,3,1.0,5.0,72.0
US_Edwards,1121,2,2.0,5.0,112.0
US_Edwards,1487,3,1.5,5.0,90.4
US_Edwards,924,2,1.0,5.0,64.0
US_Edwards,1526,4,1.0,5.0,115.6
US_SWISU,1296,2,2.0,5.0,83.2
US_SWISU,1647,4,1.5,5.0,102.4
US_Edwards,864,2,1.0,5.0,46.8
US_SWISU,1691,3,2.0,5.0,101.6
US_SWISU,856,2,1.0,5.0,100.8
US_SWISU,2650,6,3.0,5.0,128.0
US_SWISU,1666,3,1.0,5.0,80.0
US_SWISU,2447,4,2.0,5.0,135.2
US_Crawfor,2133,4,1.5,5.0,206.0
US_Crawfor,2177,5,2.5,5.0,172.0
US_Crawfor,2340,4,2.0,5.0,213.2
US_Crawfor,1902,3,2.0,5.0,268.0
US_Crawfor,1652,3,2.5,5.0,162.508
US_Blueste,1034,1,1.0,5.0,148.0
US_Blueste,1191,2,2.0,5.0,130.0
US_Crawfor,1801,1,2.0,5.0,231.2
US_IDOTRR,1154,3,1.0,5.0,100.4
US_IDOTRR,540,1,1.0,5.0,65.6
US_IDOTRR,1107,2,1.0,5.0,88.0
US_IDOTRR,1128,2,1.0,5.0,54.72
US_IDOTRR,1178,2,1.0,5.0,82.2208
US_IDOTRR,1044,2,1.0,5.0,44.7944
US_IDOTRR,952,3,1.0,5.0,40.1104
US_Crawfor,1646,2,2.0,5.0,196.8
US_Mitchel,1916,3,2.5,5.0,203.92
US_Mitchel,1285,3,2.0,5.0,152.0
US_Mitchel,1560,3,2.0,5.0,160.8
US_Mitchel,1034,3,1.0,5.0,135.92
US_Mitchel,2048,5,3.0,5.0,136.0
US_Timber,1687,3,1.0,5.0,128.0
US_Timber,1346,3,2.0,5.0,176.0
US_Timber,1214,2,2.0,5.0,143.8248
US_Timber,1444,3,2.5,5.0,139.2
US_Timber,1968,4,2.5,5.0,215.6
US_Timber,1894,4,2.5,5.0,171.92
US_Timber,1908,4,2.5,5.0,162.32
US_Timber,2018,3,2.0,5.0,302.8
US_Mitchel,1264,2,1.0,5.0,135.2
US_Mitchel,1430,3,2.0,5.0,138.8
US_Mitchel,1824,4,3.0,5.0,111.2
US_Mitchel,1344,3,2.0,5.0,133.2
US_MeadowV,1092,3,1.5,5.0,66.8
US_MeadowV,945,2,1.0,5.0,95.6
US_MeadowV,1112,3,1.5,5.0,68.0
US_MeadowV,1092,3,1.5,5.0,60.8
US_MeadowV,630,1,1.0,5.0,60.4
US_MeadowV,1092,3,1.5,5.0,70.6
US_MeadowV,1092,3,1.5,5.0,68.4
US_Mitchel,874,3,1.0,5.0,104.0
US_Mitchel,1188,3,1.0,5.0,126.32
US_Mitchel,833,2,1.0,5.0,119.92
US_Mitchel,2432,4,5.0,5.0,127.2
US_Mitchel,1274,3,1.5,5.0,108.8
US_Mitchel,1479,5,2.0,5.0,128.8
US_Mitchel,1803,3,2.5,5.0,228.0
US_Mitchel,1797,3,2.5,5.0,184.8
US_NAmes,882,2,1.0,5.0,99.6
US_NAmes,1434,4,2.0,5.0,125.6
US_NAmes,2704,4,2.5,5.0,276.0
US_Gilbert,1608,3,2.5,5.0,151.6
US_Gilbert,2283,4,2.5,5.0,216.0
US_Gilbert,1628,3,2.5,5.0,151.2
US_Gilbert,1746,3,2.0,5.0,302.0
US_Gilbert,1474,3,2.5,5.0,134.8
US_StoneBr,2522,1,2.0,5.0,300.0
US_StoneBr,1659,2,2.0,5.0,222.4
US_StoneBr,1478,2,2.0,5.0,192.0
US_StoneBr,1734,2,2.0,5.0,191.6
US_Gilbert,1382,3,2.5,5.0,142.0
US_Gilbert,1718,3,2.5,5.0,148.0
US_Gilbert,1636,3,2.5,5.0,152.8
US_Gilbert,1571,3,2.5,5.0,142.4
US_Gilbert,1470,3,2.5,5.0,148.0
US_Gilbert,1516,3,2.5,5.0,145.0528
US_Gilbert,1190,3,2.0,5.0,132.8
US_Gilbert,1593,3,2.5,5.0,142.4
US_Gilbert,1481,3,2.5,5.0,139.2
US_Gilbert,1167,3,2.0,5.0,138.4
US_Gilbert,1983,3,2.5,5.0,180.0
US_Gilbert,1442,3,2.0,5.0,144.4
US_StoneBr,1360,1,1.0,5.0,150.0
US_StoneBr,2234,1,2.0,5.0,401.4696
US_StoneBr,2046,3,2.5,5.0,298.0
US_StoneBr,1530,3,2.0,5.0,208.0
US_Gilbert,1934,3,2.5,5.0,148.0
US_NWAmes,2353,4,2.5,5.0,208.0
US_NWAmes,1586,3,2.0,5.0,144.8
US_NWAmes,1411,3,2.0,5.0,66.0
US_NWAmes,1602,3,2.0,5.0,172.0
US_NWAmes,2050,4,2.5,5.0,123.2
US_NWAmes,1671,3,2.0,5.0,160.0
US_NWAmes,2673,4,2.5,5.0,199.2
US_NWAmes,1472,3,2.0,5.0,150.0
US_NWAmes,1707,3,2.0,5.0,147.2
US_NWAmes,2524,4,2.5,5.0,222.4
US_NWAmes,1601,3,2.0,5.0,125.6
US_NWAmes,1370,3,2.0,5.0,121.6
US_NWAmes,1868,4,2.5,5.0,158.0
US_Somerst,1884,3,2.5,5.0,192.72
US_Somerst,1935,3,2.5,5.0,210.748
US_Somerst,1874,3,2.5,5.0,176.0
US_Somerst,1811,3,2.5,5.0,188.0
US_NWAmes,1621,3,2.0,5.0,170.4
US_NWAmes,1116,3,2.0,5.0,134.32
US_NWAmes,1193,3,2.0,5.0,126.4
US_NWAmes,1350,3,2.0,5.0,132.0
US_NWAmes,2119,3,2.5,5.0,126.4
US_NAmes,1792,4,3.0,5.0,108.8
US_NAmes,1002,3,1.0,5.0,118.8
US_NAmes,1026,3,1.0,5.0,124.8
US_NAmes,1180,2,1.5,5.0,102.4
US_NAmes,1050,3,1.5,5.0,114.4
US_NAmes,864,3,1.0,5.0,61.2
US_NAmes,864,3,1.0,5.0,96.4
US_NAmes,864,3,1.0,5.0,99.6
US_NAmes,864,2,1.0,5.0,77.6
US_NAmes,864,3,1.0,5.0,104.0
US_BrDale,987,2,1.5,5.0,88.8
US_BrDale,1365,3,1.5,5.0,100.0
US_BrDale,1302,3,2.5,5.0,89.6
US_BrDale,987,2,1.5,5.0,77.6
US_BrDale,987,2,1.5,5.0,94.4
US_BrDale,1302,3,2.5,5.0,95.6
US_NPkVill,958,2,2.0,5.0,115.0
US_NPkVill,1548,3,2.5,5.0,116.8
US_NPkVill,1456,3,2.5,5.0,118.8
US_NPkVill,1055,2,2.0,5.0,98.4
US_NPkVill,1322,3,2.5,5.0,117.6
US_NPkVill,1456,3,2.5,5.0,110.32
US_NPkVill,1548,3,2.5,5.0,117.6
US_NPkVill,1441,3,2.5,5.0,118.8
US_NPkVill,1456,3,2.5,5.0,110.4
US_NPkVill,836,2,1.0,5.0,102.8
US_NAmes,892,3,1.0,5.0,80.0
US_NAmes,1120,3,1.0,5.0,119.04
US_NridgHt,1718,3,2.0,5.0,270.0
US_NridgHt,2772,4,3.5,5.0,369.6
US_NridgHt,3140,4,3.5,5.0,388.0
US_NridgHt,2402,2,2.0,5.0,444.0
US_NridgHt,1652,2,2.0,5.0,260.0
US_NridgHt,1600,3,2.0,5.0,205.04
US_NridgHt,2042,3,2.5,5.0,202.6344
US_NridgHt,2690,3,2.5,5.0,319.04
US_NridgHt,2184,3,2.5,5.0,268.0
US_NridgHt,2020,3,2.0,5.0,323.2
US_NridgHt,2020,3,2.5,5.0,322.2888
US_NridgHt,2296,3,2.5,5.0,361.56
US_NridgHt,2674,2,2.5,5.0,488.0
US_NridgHt,2822,4,3.5,5.0,466.3464
US_NridgHt,1736,3,2.0,5.0,288.0
US_NridgHt,1782,3,2.0,5.0,236.8
US_NridgHt,2520,5,2.5,5.0,327.92
US_NridgHt,1717,3,2.0,5.0,204.4
US_NridgHt,1743,3,2.0,5.0,268.0
US_NridgHt,1713,3,2.0,5.0,219.92
US_NridgHt,1531,2,2.0,5.0,240.0
US_NridgHt,1808,3,2.0,5.0,259.2
US_NridgHt,2224,4,2.5,5.0,280.0
US_NridgHt,1836,3,2.0,5.0,224.0
US_NridgHt,1629,3,2.0,5.0,227.2
US_NridgHt,1760,3,2.0,5.0,215.6
US_NridgHt,1502,3,2.0,5.0,186.536
US_NridgHt,2392,3,2.0,5.0,309.0
US_NridgHt,2452,3,2.0,5.0,356.0
US_NridgHt,2400,4,3.5,5.0,232.0
US_NridgHt,1606,3,2.0,5.0,204.72
US_NridgHt,1358,2,2.0,5.0,170.4
US_NridgHt,1306,1,2.0,5.0,156.8
US_NridgHt,1306,1,2.0,5.0,147.6
US_NridgHt,1358,2,2.0,5.0,170.0
US_NridgHt,1314,2,2.0,5.0,184.0
US_NridgHt,2492,2,2.5,5.0,441.6
US_NridgHt,2200,3,2.5,5.0,306.0
US_NridgHt,1884,2,2.0,5.0,256.0
US_NridgHt,1456,2,2.0,5.0,198.8
US_NridgHt,1712,3,2.0,5.0,229.2
US_NridgHt,1324,2,2.0,5.0,203.2
US_NridgHt,1405,2,2.0,5.0,138.4
US_NridgHt,1626,2,2.0,5.0,138.4
US_Gilbert,1456,3,2.5,5.0,147.2
US_Gilbert,1490,3,2.5,5.0,134.24
US_Gilbert,1484,3,2.5,5.0,139.2
US_Gilbert,1560,3,2.5,5.0,139.2
US_Blmngtn,1555,2,2.0,5.0,139.2
US_Blmngtn,1569,1,2.0,5.0,140.72
US_Blmngtn,1555,2,2.0,5.0,154.0
US_Blmngtn,1504,1,2.0,5.0,144.8
US_Blmngtn,1220,2,2.0,5.0,144.0
US_Blmngtn,1145,2,2.0,5.0,128.16
US_Gilbert,1432,3,2.5,5.0,150.8
US_Gilbert,2267,4,2.5,5.0,160.0
US_Gilbert,1374,3,2.5,5.0,136.0
US_Gilbert,1630,3,2.5,5.0,151.6
US_Gilbert,1419,3,2.5,5.0,147.28
US_Gilbert,1594,3,2.5,5.0,156.4
US_Gilbert,1489,3,2.5,5.0,153.6
US_Gilbert,1342,3,2.5,5.0,142.4
US_NridgHt,1314,2,2.0,5.0,166.0
US_Gilbert,2256,4,2.5,5.0,188.8
US_Gilbert,2004,4,2.5,5.0,206.0
US_Gilbert,2054,3,2.5,5.0,195.2
US_Gilbert,1374,3,2.5,5.0,133.6
US_Gilbert,1800,3,2.5,5.0,143.2
US_Gilbert,1514,3,2.5,5.0,152.0
US_Gilbert,1430,3,2.5,5.0,124.8
US_Gilbert,2312,4,2.5,5.0,196.0
US_Gilbert,1675,3,2.5,5.0,144.8
US_Gilbert,2060,3,2.5,5.0,171.2
US_Gilbert,1430,3,2.5,5.0,134.4
US_NoRidge,2365,3,2.5,5.0,269.6
US_NoRidge,2794,4,2.5,5.0,322.4
US_NoRidge,2687,4,2.5,5.0,261.6
US_NoRidge,2450,3,2.5,5.0,272.0
US_NoRidge,2612,4,2.5,5.0,268.8
US_NoRidge,2344,3,2.5,5.0,212.0
US_NoRidge,2063,3,2.0,5.0,252.0
US_NoRidge,2646,4,2.5,5.0,208.0
US_NoRidge,2061,3,2.5,5.0,208.0
US_NoRidge,2232,3,2.5,5.0,210.84
US_NoRidge,2448,4,2.5,5.0,321.6
US_NoRidge,1850,3,2.5,5.0,198.4
US_Somerst,1468,3,2.0,5.0,195.68
US_Somerst,1696,3,2.0,5.0,220.0
US_Somerst,1658,3,2.5,5.0,206.0
US_Somerst,1578,3,2.0,5.0,229.672
US_Somerst,1702,3,2.0,5.0,220.4
US_Somerst,1432,3,2.0,5.0,196.0
US_Somerst,1971,3,2.5,5.0,202.4
US_Somerst,2490,2,2.0,5.0,374.4
US_Somerst,1852,3,2.5,5.0,202.1424
US_Somerst,1590,3,2.5,5.0,168.0
US_Somerst,1218,2,2.0,5.0,166.64
US_Somerst,1436,3,2.0,5.0,180.0
US_Somerst,1314,3,2.0,5.0,183.5648
US_Somerst,1402,3,2.0,5.0,183.84
US_Somerst,1530,3,2.0,5.0,200.0
US_Somerst,1766,2,2.5,5.0,296.7024
US_Somerst,1448,2,2.0,5.0,190.8
US_Somerst,2007,3,2.5,5.0,248.0
US_Somerst,1795,3,2.5,5.0,216.0
US_Somerst,1953,3,2.5,5.0,201.6
US_Somerst,1550,2,2.0,5.0,192.8
US_Somerst,1836,3,2.0,5.0,211.6
US_Somerst,1662,3,2.0,5.0,232.8
US_Somerst,2094,4,2.5,5.0,210.4
US_Somerst,1221,2,2.0,5.0,148.0
US_Somerst,1553,3,2.0,5.0,187.6
US_Somerst,1653,3,2.5,5.0,167.2
US_SawyerW,1218,3,1.5,5.0,127.2
US_SawyerW,1141,3,1.5,5.0,121.6
US_SawyerW,1158,3,1.5,5.0,114.8
US_SawyerW,1812,3,2.5,5.0,154.4
US_SawyerW,1512,3,2.0,5.0,162.4
US_SawyerW,1200,2,2.0,5.0,147.92
US_SawyerW,1114,3,1.5,5.0,127.2
US_SawyerW,1114,3,1.5,5.0,113.6
US_SawyerW,1114,3,2.0,5.0,122.4
US_SawyerW,1450,2,2.0,5.0,179.3944
US_SawyerW,2122,4,2.5,5.0,176.0
US_SawyerW,1844,2,2.0,5.0,205.6
US_SawyerW,1434,3,2.0,5.0,151.2
US_SawyerW,1730,3,2.5,5.0,137.2
US_SawyerW,1217,3,1.5,5.0,96.0
US_SawyerW,1332,2,2.0,5.0,116.0
US_SawyerW,1540,3,2.5,5.0,147.2
US_SawyerW,1400,3,2.5,5.0,129.6
US_SawyerW,1882,4,2.0,5.0,128.0
US_SawyerW,841,2,1.0,5.0,65.6
US_SawyerW,784,2,1.0,5.0,60.8
US_Sawyer,980,3,1.0,5.0,88.0
US_Sawyer,980,3,1.0,5.0,108.0
US_Sawyer,864,3,1.0,5.0,112.8
US_Sawyer,864,2,1.0,5.0,97.6
US_Sawyer,1020,3,2.0,5.0,99.28
US_Sawyer,912,3,1.0,5.0,103.2
US_Sawyer,1144,3,1.0,5.0,105.12
US_Sawyer,864,3,1.0,5.0,49.9064
US_Sawyer,912,3,1.0,5.0,98.4
US_Veenker,2014,2,2.0,5.0,220.0
US_NoRidge,1755,3,2.5,5.0,188.0
US_Somerst,3005,3,2.5,5.0,224.6
US_Somerst,1224,2,2.5,5.0,131.6
US_Somerst,1224,2,2.5,5.0,138.9864
US_Somerst,1726,2,2.5,5.0,177.6
US_Somerst,1256,1,1.5,5.0,156.0
US_Somerst,1471,3,2.5,5.0,138.0
US_Somerst,1512,2,2.5,5.0,144.0
US_Somerst,1452,3,2.5,5.0,124.8
US_Somerst,1739,3,2.5,5.0,138.0
US_Veenker,1694,2,2.0,5.0,255.0
US_Greens,1226,1,1.0,5.0,169.2
US_Veenker,1740,2,1.5,5.0,193.28
US_Veenker,2499,4,2.5,5.0,144.4
US_Sawyer,1620,3,2.0,5.0,120.0
US_NWAmes,1556,4,1.5,5.0,123.2
US_NWAmes,1442,2,2.0,5.0,148.0
US_NWAmes,1489,3,2.0,5.0,148.6
US_NWAmes,2090,3,2.5,5.0,160.0
US_NWAmes,2067,3,2.5,5.0,164.8
US_NWAmes,1395,3,1.5,5.0,129.6
US_NWAmes,2640,5,2.5,5.0,205.52
US_NWAmes,1724,3,1.5,5.0,158.32
US_NWAmes,1336,3,2.0,5.0,130.4
US_NWAmes,1216,3,1.0,5.0,90.4
US_NWAmes,2288,4,2.0,5.0,184.0
US_NWAmes,1334,2,2.0,5.0,134.32
US_NWAmes,1680,3,2.0,5.0,170.6
US_NWAmes,1665,3,2.5,5.0,181.6
US_NAmes,864,2,1.0,5.0,104.0
US_NAmes,1568,3,1.5,5.0,114.4
US_NAmes,925,2,1.0,5.0,94.0
US_NWAmes,2061,4,2.5,5.0,134.8
US_NWAmes,1320,3,2.0,5.0,138.0
US_NWAmes,1342,3,2.0,5.0,129.2
US_NAmes,894,2,1.0,5.0,113.2
US_NAmes,864,3,1.0,5.0,94.4
US_NAmes,864,2,1.0,5.0,102.0
US_NAmes,1362,3,1.0,5.0,112.0
US_NAmes,1728,3,2.0,5.0,142.1
US_NAmes,1776,4,2.0,5.0,88.0
US_NAmes,1516,3,1.5,5.0,133.6
US_NAmes,1313,3,1.5,5.0,122.4
US_NAmes,1292,3,1.5,5.0,116.08
US_NAmes,1154,3,1.5,5.0,123.2
US_NAmes,2140,4,2.5,5.0,142.0
US_NAmes,1445,3,1.5,5.0,126.4
US_NAmes,1041,3,1.0,5.0,99.6
US_NAmes,1576,4,1.0,5.0,139.6
US_NAmes,960,2,1.0,5.0,97.6
US_BrkSide,708,2,1.0,5.0,66.0
US_BrkSide,1203,3,1.0,5.0,88.0
US_NAmes,1505,2,1.0,5.0,119.6
US_NAmes,1691,2,1.0,5.0,140.0
US_NAmes,1644,3,1.0,5.0,133.6
US_NAmes,1050,2,1.0,5.0,103.12
US_NAmes,1668,3,1.5,5.0,112.0
US_NAmes,1113,3,1.0,5.0,117.6
US_NAmes,1584,4,2.0,5.0,99.2
US_NAmes,1453,3,2.0,5.0,150.0
US_NAmes,1394,3,1.5,5.0,127.2
US_NAmes,1567,2,2.0,5.0,204.8
US_NAmes,1986,3,2.5,5.0,164.0
US_NAmes,2142,4,2.5,5.0,154.8
US_NAmes,1392,2,1.0,5.0,88.0
US_NAmes,1738,4,2.0,5.0,83.92
US_NAmes,1144,3,1.0,5.0,120.0
US_NAmes,1478,3,1.5,5.0,125.2
US_NAmes,1329,3,1.5,5.0,140.8
US_NAmes,988,3,2.0,5.0,119.6
US_NAmes,1632,3,2.0,5.0,111.2
US_NAmes,1215,3,1.0,5.0,124.0
US_NAmes,1202,3,1.0,5.0,96.0
US_NAmes,1382,3,1.0,5.0,122.4
US_NAmes,1200,3,1.0,5.0,115.2
US_NAmes,1382,3,1.0,5.0,140.8
US_NAmes,1297,3,1.0,5.0,122.4
US_NAmes,1866,4,2.0,5.0,108.0
US_NAmes,1062,3,1.0,5.0,104.8
US_NAmes,1319,3,1.0,5.0,98.4
US_NAmes,1112,2,1.0,5.0,100.8
US_NAmes,1005,2,1.0,5.0,92.0
US_NAmes,1363,2,1.0,5.0,131.92
US_NAmes,793,2,1.0,5.0,90.4
US_NAmes,1031,2,1.0,5.0,116.4
US_NAmes,1210,2,1.5,5.0,82.32
US_OldTown,1699,3,2.0,5.0,76.0
US_NAmes,1527,3,1.5,5.0,122.0
US_NAmes,1200,3,1.0,5.0,103.92
US_NAmes,972,2,1.0,5.0,105.6
US_OldTown,792,2,1.0,5.0,79.92
US_OldTown,1656,3,2.5,5.0,108.0
US_OldTown,1352,4,2.0,5.0,119.2
US_OldTown,1039,2,1.0,5.0,91.2
US_OldTown,792,2,1.0,5.0,87.6
US_OldTown,1078,3,1.0,5.0,100.0
US_OldTown,2377,3,2.0,5.0,114.32
US_OldTown,1690,4,2.0,5.0,125.2
US_OldTown,599,2,1.0,5.0,47.2
US_OldTown,1374,2,1.0,5.0,84.0
US_OldTown,846,2,1.0,5.0,84.8
US_OldTown,725,1,1.5,5.0,62.8
US_NAmes,2544,6,3.0,5.0,152.0
US_NAmes,1380,3,1.5,5.0,123.2
US_NAmes,1040,3,1.0,5.0,130.4
US_NAmes,2634,6,3.0,5.0,160.0
US_NAmes,951,2,1.0,5.0,114.8
US_NAmes,1105,3,1.0,5.0,108.0
US_NAmes,1306,2,1.0,5.0,122.4
US_NAmes,1478,3,2.0,5.0,126.0
US_NAmes,1142,2,1.0,5.0,90.8
US_NAmes,1268,3,1.0,5.0,106.4
US_NAmes,1040,2,2.0,5.0,74.32
US_NAmes,1133,3,1.0,5.0,102.8
US_NAmes,1040,2,2.0,5.0,72.0
US_NAmes,1904,3,1.5,5.0,110.4
US_NAmes,1041,3,1.0,5.0,102.4
US_NAmes,1339,3,1.0,5.0,111.2
US_NAmes,732,2,1.0,5.0,95.12
US_NAmes,1183,3,1.0,5.0,110.4
US_NAmes,1148,3,1.0,5.0,106.0
US_NAmes,1461,4,2.0,5.0,106.8
US_NAmes,1495,3,1.0,5.0,108.0
US_NAmes,1806,4,1.5,5.0,115.8
US_NAmes,941,2,1.0,5.0,116.0
US_NAmes,1045,3,1.0,5.0,101.6
US_NAmes,894,2,1.0,5.0,87.6
US_OldTown,1224,3,1.0,5.0,92.0
US_OldTown,1230,2,1.5,5.0,88.0
US_OldTown,1378,3,1.0,5.0,103.12
US_OldTown,1944,4,2.0,5.0,82.8
US_OldTown,1131,3,1.5,5.0,53.2
US_OldTown,1306,3,1.5,5.0,104.0
US_OldTown,1464,3,2.0,5.0,103.2
US_OldTown,1558,3,1.5,5.0,120.0
US_OldTown,2372,4,2.0,5.0,86.0
US_OldTown,1701,4,2.0,5.0,75.64
US_OldTown,1960,4,2.0,5.0,99.6
US_OldTown,1389,3,1.5,5.0,108.0
US_OldTown,1447,3,1.0,5.0,82.4
US_OldTown,936,2,1.0,5.0,74.4
US_OldTown,1328,3,1.5,5.0,103.6
US_OldTown,1387,3,2.0,5.0,74.4
US_OldTown,861,2,1.0,5.0,64.0
US_OldTown,612,1,1.0,5.0,36.0
US_OldTown,968,2,1.0,5.0,30.32
US_OldTown,886,2,1.0,5.0,73.04
US_OldTown,792,2,1.0,5.0,79.6
US_OldTown,1452,2,2.0,5.0,90.4
US_OldTown,1510,3,2.0,5.0,70.0
US_OldTown,1284,2,1.5,5.0,88.0
US_OldTown,2138,2,2.0,5.0,84.8
US_OldTown,2640,4,1.5,5.0,212.7832
US_OldTown,2007,3,2.0,5.0,128.0
US_OldTown,1288,3,1.0,5.0,95.2
US_OldTown,1742,4,1.5,5.0,134.4
US_OldTown,816,2,1.0,5.0,46.8
US_OldTown,1482,3,1.0,5.0,114.4
US_OldTown,1022,2,1.0,5.0,68.0
US_OldTown,1869,2,1.0,5.0,99.92
US_OldTown,1480,3,1.0,5.0,95.2
US_OldTown,1521,4,1.0,5.0,117.2
US_IDOTRR,720,2,1.0,5.0,27.92
US_IDOTRR,797,2,1.0,5.0,35.2
US_BrkSide,1576,3,1.5,5.0,178.8
US_BrkSide,1432,3,1.0,5.0,119.2
US_BrkSide,1548,3,2.5,5.0,164.0
US_BrkSide,1654,3,2.0,5.0,109.6
US_BrkSide,952,2,1.0,5.0,96.8
US_BrkSide,1324,3,1.0,5.0,102.4
US_BrkSide,1176,2,1.0,5.0,107.92
US_BrkSide,1348,3,1.0,5.0,93.6
US_BrkSide,1412,4,1.0,5.0,106.0
US_BrkSide,1142,3,1.0,5.0,74.4
US_BrkSide,904,2,1.0,5.0,95.2
US_BrkSide,1301,2,1.0,5.0,80.0
US_BrkSide,1539,3,1.5,5.0,113.2
US_BrkSide,1573,3,1.0,5.0,106.4
US_BrkSide,800,1,1.0,5.0,48.0
US_BrkSide,875,2,1.0,5.0,84.0
US_BrkSide,995,2,1.0,5.0,92.0
US_BrkSide,1582,3,2.0,5.0,120.0
US_BrkSide,1072,2,1.0,5.0,101.2
US_BrkSide,2134,5,2.0,5.0,171.6
US_BrkSide,2019,3,1.0,5.0,134.0
US_OldTown,1768,3,2.0,5.0,124.0
US_OldTown,1826,4,1.5,5.0,124.0
US_OldTown,1944,3,2.0,5.0,143.92
US_OldTown,2229,5,1.0,5.0,83.2
US_OldTown,2128,4,2.0,5.0,50.0
US_IDOTRR,1930,4,2.0,5.0,119.2
US_IDOTRR,1208,2,1.0,5.0,82.4
US_OldTown,1427,3,1.0,5.0,98.4
US_OldTown,1864,6,2.5,5.0,78.0
US_IDOTRR,1666,3,1.0,5.0,108.0
US_IDOTRR,892,1,1.0,5.0,56.0
US_IDOTRR,1403,3,1.5,5.0,92.8
US_Sawyer,704,2,1.0,5.0,71.0
US_Edwards,1200,3,3.0,5.0,143.2
US_Edwards,1200,3,3.0,5.0,143.2
US_Edwards,1152,2,2.0,5.0,127.92
US_Edwards,904,1,0.5,5.0,48.8
US_Edwards,1369,3,2.0,5.0,82.88
US_Edwards,1112,4,2.0,5.0,50.4
US_Sawyer,1464,3,2.0,5.0,140.0
US_Sawyer,1121,3,1.0,5.0,111.2
US_Sawyer,1683,3,2.5,5.0,138.0
US_Sawyer,1052,3,1.5,5.0,90.8
US_Sawyer,899,3,1.0,5.0,104.0
US_Sawyer,1034,3,1.0,5.0,119.92
US_Sawyer,858,2,1.0,5.0,107.92
US_Sawyer,860,2,1.0,5.0,109.6
US_Sawyer,1092,3,1.0,5.0,111.2
US_Sawyer,1774,4,2.0,5.0,132.0
US_Sawyer,1138,3,1.0,5.0,118.4
US_ClearCr,2071,4,1.5,5.0,132.0
US_Sawyer,660,2,1.0,5.0,51.12
US_ClearCr,1788,5,1.0,5.0,129.2
US_ClearCr,1473,1,1.0,5.0,114.4
US_Edwards,1229,3,1.0,5.0,108.0
US_Edwards,861,1,1.0,5.0,66.0
US_ClearCr,1867,2,1.0,5.0,152.0
US_Edwards,1733,4,2.0,5.0,111.68
US_Edwards,1383,2,1.0,5.0,97.6
US_Edwards,1689,3,1.0,5.0,102.0
US_Edwards,1073,2,1.0,5.0,97.2
US_Edwards,1276,3,1.0,5.0,48.0
US_Edwards,1639,3,1.5,5.0,123.52
US_Edwards,672,2,1.0,5.0,90.4
US_Edwards,1089,3,1.0,5.0,100.0
US_Edwards,845,3,1.0,5.0,67.2
US_Edwards,1049,2,2.0,5.0,111.6
US_Edwards,1716,3,1.5,5.0,104.8
US_Edwards,1258,2,1.0,5.0,84.0
US_Edwards,1510,4,1.0,5.0,86.4
US_SawyerW,1061,1,1.5,5.0,129.6
US_SawyerW,1338,2,1.5,5.0,125.2
US_SawyerW,2132,1,1.5,5.0,253.28
US_SawyerW,2196,3,2.0,5.0,217.52
US_SawyerW,1775,3,2.5,5.0,170.4
US_SawyerW,1879,3,2.5,5.0,191.92
US_SawyerW,2020,3,2.5,5.0,191.6
US_SawyerW,2016,4,1.0,5.0,104.8
US_SawyerW,1535,4,2.0,5.0,95.1712
US_SawyerW,1224,2,1.0,5.0,122.6696
US_SawyerW,2228,6,2.0,5.0,118.3864
US_SawyerW,1535,4,2.0,5.0,95.0864
US_SawyerW,1535,4,2.0,5.0,95.0864
US_SawyerW,2240,6,2.0,5.0,114.3624
US_SawyerW,1229,2,1.0,5.0,118.66
US_SawyerW,1513,4,2.0,5.0,90.9776
US_SawyerW,2787,6,5.0,5.0,215.6
US_SawyerW,2787,6,5.0,5.0,215.6
US_SawyerW,2787,6,5.0,5.0,215.6
US_CollgCr,1680,1,1.5,5.0,258.6096
US_CollgCr,1718,3,2.0,5.0,237.6
US_CollgCr,1630,3,2.0,5.0,236.3944
US_CollgCr,1720,3,2.0,5.0,265.6
US_CollgCr,1468,3,2.0,5.0,191.92
US_CollgCr,1768,3,2.5,5.0,169.6
US_CollgCr,1838,3,2.0,5.0,218.0
US_CollgCr,1800,2,2.0,5.0,191.2
US_CollgCr,1604,3,2.5,5.0,176.0
US_CollgCr,1290,2,2.0,5.0,160.0
US_CollgCr,1254,2,2.0,5.0,177.44
US_CollgCr,1232,2,2.0,5.0,155.6
US_CollgCr,1498,3,2.0,5.0,189.6
US_CollgCr,1422,3,2.5,5.0,138.4
US_SawyerW,1644,2,2.0,5.0,220.0
US_ClearCr,1759,3,2.5,5.0,186.8
US_ClearCr,2126,3,2.5,5.0,148.0
US_CollgCr,1040,3,1.0,5.0,121.6
US_CollgCr,990,3,1.0,5.0,114.4
US_CollgCr,1764,3,2.5,5.0,185.2
US_CollgCr,1661,3,2.5,5.0,169.6
US_CollgCr,1463,3,2.0,5.0,165.6
US_CollgCr,1097,3,1.5,5.0,116.0
US_CollgCr,990,3,1.0,5.0,110.4
US_CollgCr,1779,3,2.5,5.0,158.32
US_CollgCr,1501,3,2.0,5.0,163.2
US_CollgCr,1431,3,2.0,5.0,153.6
US_CollgCr,1772,3,2.5,5.0,160.0
US_CollgCr,1660,3,2.5,5.0,156.0
US_CollgCr,1573,3,2.0,5.0,181.6
US_CollgCr,1840,3,2.5,5.0,184.0
US_CollgCr,1430,3,2.0,5.0,149.68
US_CollgCr,1444,3,2.0,5.0,162.4
US_CollgCr,1492,3,2.0,5.0,160.8
US_CollgCr,1040,3,2.0,5.0,99.2
US_CollgCr,907,3,1.0,5.0,112.0
US_CollgCr,914,2,1.0,5.0,107.92
US_CollgCr,1040,3,2.0,5.0,120.4
US_CollgCr,864,3,1.0,5.0,109.2
US_CollgCr,1268,3,1.5,5.0,114.8
US_CollgCr,864,3,1.0,5.0,106.8
US_CollgCr,894,2,1.0,5.0,98.4
US_CollgCr,768,2,1.0,5.0,107.12
US_CollgCr,768,2,1.0,5.0,106.4
US_CollgCr,1611,3,2.0,5.0,200.0
US_CollgCr,2184,4,2.5,5.0,203.8
US_CollgCr,1788,3,2.0,5.0,189.2
US_CollgCr,1872,3,2.5,5.0,209.2
US_CollgCr,2153,3,2.5,5.0,250.4
US_CollgCr,1725,3,2.5,5.0,158.8
US_CollgCr,1870,3,2.5,5.0,168.8
US_CollgCr,1513,2,2.0,5.0,176.0
US_CollgCr,1504,3,2.0,5.0,162.4
US_CollgCr,1828,3,2.0,5.0,223.6
US_CollgCr,1417,3,2.0,5.0,168.0
US_CollgCr,2034,3,2.5,5.0,175.6
US_CollgCr,1716,2,2.5,5.0,152.8
US_CollgCr,1212,3,2.0,5.0,142.4
US_CollgCr,1630,3,2.0,5.0,170.4
US_CollgCr,848,1,1.0,5.0,115.2
US_CollgCr,848,1,1.0,5.0,112.0
US_CollgCr,1602,3,2.0,5.0,234.56
US_CollgCr,1728,3,2.5,5.0,152.0
US_CollgCr,1500,3,2.0,5.0,152.0
US_CollgCr,1476,3,2.5,5.0,138.8
US_CollgCr,1396,3,2.5,5.0,136.0
US_Edwards,1126,2,2.0,5.0,86.4
US_Edwards,1486,3,1.0,5.0,133.6
US_Edwards,816,2,1.0,5.0,80.0
US_Edwards,1922,4,3.0,5.0,158.8
US_Edwards,1426,3,1.5,5.0,127.6
US_Edwards,1149,3,1.0,5.0,101.6
US_Edwards,1125,3,1.0,5.0,100.0
US_Edwards,1698,3,2.0,5.0,256.0
US_Edwards,1072,2,1.0,5.0,116.4
US_Edwards,698,2,1.0,5.0,94.4
US_Edwards,876,3,1.0,5.0,68.0
US_Edwards,1368,3,1.0,5.0,96.0
US_Edwards,1529,4,2.0,5.0,78.4
US_Edwards,864,2,1.0,5.0,79.92
US_Edwards,944,2,1.0,5.0,65.6
US_Edwards,1678,6,2.0,5.0,95.92
US_Edwards,1560,2,1.0,5.0,82.8
US_Edwards,960,3,1.0,5.0,89.6
US_Edwards,1196,3,1.0,5.0,88.0
US_Edwards,1298,3,1.0,5.0,97.6
US_Edwards,1604,3,2.0,5.0,93.6
US_SWISU,1268,3,1.5,5.0,128.0
US_SWISU,1520,3,1.0,5.0,127.5472
US_SWISU,438,1,1.0,5.0,48.0
US_SWISU,1489,3,2.0,5.0,111.6
US_SWISU,3082,5,2.5,5.0,157.6
US_SWISU,1242,3,1.5,5.0,84.0
US_SWISU,1981,4,2.0,5.0,108.0
US_Crawfor,1232,3,1.0,5.0,118.0
US_SWISU,1608,3,2.5,5.0,109.96
US_SWISU,1135,3,1.0,5.0,124.0
US_Crawfor,1913,3,1.5,5.0,141.6
US_SWISU,1477,3,2.0,5.0,116.0
US_Crawfor,1228,3,1.0,5.0,109.6
US_Crawfor,2080,3,1.5,5.0,187.2
US_Crawfor,1567,2,1.5,5.0,164.0
US_Crawfor,1494,3,1.0,5.0,142.0
US_Crawfor,1308,2,1.5,5.0,128.0
US_Crawfor,1273,2,1.0,5.0,124.0
US_Crawfor,964,2,1.0,5.0,130.8
US_Crawfor,1343,3,1.5,5.0,123.92
US_Crawfor,2480,5,2.5,5.0,164.0
US_Crawfor,1112,2,1.0,5.0,115.84
US_Crawfor,1564,3,1.5,5.0,139.6
US_Crawfor,1561,3,2.0,5.0,154.4
US_Crawfor,1523,3,2.0,5.0,126.4
US_Crawfor,1152,3,1.0,5.0,126.8
US_Crawfor,1906,3,1.5,5.0,179.2
US_Blueste,1032,2,1.0,5.0,92.0
US_Blueste,1229,2,1.5,5.0,109.6
US_Blueste,1229,2,1.5,5.0,96.8
US_Blueste,1229,2,1.5,5.0,99.2
US_Crawfor,1982,3,2.5,5.0,166.4
US_Crawfor,2365,3,2.0,5.0,252.0
US_Crawfor,1680,3,2.0,5.0,177.6
US_IDOTRR,1344,3,1.0,5.0,117.6
US_IDOTRR,2168,5,2.0,5.0,98.4
US_IDOTRR,1192,3,1.0,5.0,62.4
US_IDOTRR,1526,2,1.0,5.0,68.0
US_IDOTRR,572,2,1.0,5.0,60.0
US_Crawfor,1648,2,2.0,5.0,184.0
US_IDOTRR,810,1,1.0,5.0,46.1
US_Mitchel,2052,3,2.5,5.0,200.8
US_Mitchel,2149,1,1.5,5.0,191.7488
US_Mitchel,1710,3,2.0,5.0,192.0
US_Mitchel,1961,3,2.5,5.0,172.0
US_Mitchel,926,2,1.0,5.0,125.16
US_Mitchel,1287,2,1.5,5.0,138.4
US_Mitchel,1734,4,2.0,5.0,100.8
US_Mitchel,1217,3,2.0,5.0,138.4
US_Mitchel,1595,2,2.0,5.0,121.6
US_Timber,1344,3,1.0,5.0,110.0
US_Timber,2036,3,2.0,5.0,300.0
US_Timber,1620,2,2.0,5.0,252.4
US_Timber,1692,3,2.5,5.0,179.6
US_Timber,2036,3,2.0,5.0,328.0
US_Timber,1641,3,2.0,5.0,253.2
US_Timber,1466,3,2.0,5.0,160.8
US_Timber,1412,3,2.0,5.0,140.0
US_Timber,2237,3,2.5,5.0,163.2
US_Timber,1479,3,2.5,5.0,170.8
US_Timber,1296,2,2.0,5.0,176.0
US_Timber,2014,3,2.5,5.0,136.0
US_Timber,1838,2,2.0,5.0,252.0
US_Timber,1978,2,2.0,5.0,340.0
US_Mitchel,1008,3,1.0,5.0,111.6
US_Mitchel,1771,3,1.0,5.0,92.0
US_Mitchel,1204,2,2.0,5.0,129.6
US_Mitchel,1224,2,2.0,5.0,132.0
US_MeadowV,988,2,1.0,5.0,72.8
US_Mitchel,874,3,1.0,5.0,104.0
US_MeadowV,630,1,1.0,5.0,68.8
US_Mitchel,1404,3,2.0,5.0,128.0
US_MeadowV,630,1,1.0,5.0,64.0
US_MeadowV,1344,3,1.5,5.0,77.6
US_MeadowV,1092,3,1.5,5.0,70.4
US_Mitchel,796,2,1.0,5.0,105.52
US_Mitchel,1091,2,1.0,5.0,105.0
US_Mitchel,1110,1,1.0,5.0,132.4
US_Mitchel,833,3,1.0,5.0,89.6
US_Mitchel,883,2,1.0,5.0,119.2
US_Mitchel,1362,1,1.5,5.0,114.4
US_Mitchel,1287,3,1.5,5.0,104.0
US_Mitchel,1567,2,2.0,5.0,156.8
US_Mitchel,1632,4,1.5,5.0,138.4
US_NAmes,1414,3,1.0,5.0,141.2
US_NAmes,2117,4,2.5,5.0,190.0
US_NAmes,2112,4,2.5,5.0,165.52
US_Gilbert,1604,3,2.5,5.0,150.0
US_Gilbert,1470,3,2.5,5.0,132.0
US_Gilbert,1604,3,2.5,5.0,156.4
US_Gilbert,1638,3,2.5,5.0,153.6
US_Gilbert,1636,3,2.5,5.0,138.4
US_Gilbert,1384,3,2.0,5.0,142.32
US_Gilbert,1446,3,2.5,5.0,140.0
US_StoneBr,1593,0,1.5,5.0,228.8
US_StoneBr,1682,1,1.5,5.0,198.32
US_StoneBr,1337,2,2.0,5.0,144.0
US_StoneBr,1280,2,2.0,5.0,144.0
US_Gilbert,1604,3,2.5,5.0,144.8
US_Gilbert,1633,3,2.5,5.0,146.4
US_Gilbert,1658,3,2.5,5.0,150.4
US_Gilbert,1895,3,2.5,5.0,155.6
US_Gilbert,1709,3,2.5,5.0,148.0
US_StoneBr,1228,2,2.0,5.0,151.2
US_StoneBr,1337,2,2.0,5.0,150.8
US_StoneBr,2500,5,3.5,5.0,284.0
US_StoneBr,2504,4,2.5,5.0,260.0
US_StoneBr,1884,2,2.0,5.0,309.6
US_Gilbert,1474,3,1.0,5.0,92.0
US_StoneBr,1710,2,2.0,5.0,267.2
US_Gilbert,1488,3,2.5,5.0,106.4
US_NWAmes,2093,3,2.5,5.0,172.0
US_NWAmes,1688,2,2.0,5.0,181.2
US_NWAmes,1422,3,2.0,5.0,140.4
US_NWAmes,1260,3,2.0,5.0,145.52
US_NWAmes,2064,3,2.0,5.0,188.0
US_NWAmes,1782,3,2.0,5.0,176.0
US_NWAmes,2872,4,2.5,5.0,217.6
US_NWAmes,1211,3,2.0,5.0,128.8
US_NWAmes,1126,3,2.0,5.0,140.0
US_NWAmes,2044,3,2.5,5.0,148.0
US_NWAmes,1308,3,1.5,5.0,117.52
US_NWAmes,2840,4,2.5,5.0,234.0
US_NWAmes,1523,3,2.0,5.0,144.0
US_NWAmes,1444,2,2.0,5.0,127.92
US_NWAmes,1964,4,2.5,5.0,164.0
US_NWAmes,1178,3,1.5,5.0,125.6
US_NWAmes,2340,4,2.5,5.0,244.8
US_NAmes,1792,4,3.0,5.0,106.4
US_NAmes,1054,3,1.5,5.0,120.8
US_NAmes,936,2,1.0,5.0,89.52
US_NAmes,864,3,1.0,5.0,98.4
US_NAmes,864,3,1.0,5.0,89.0
US_NAmes,1337,2,2.0,5.0,144.8
US_BrDale,987,2,1.5,5.0,82.72
US_BrDale,987,2,1.5,5.0,80.0
US_BrDale,987,2,1.5,5.0,80.4
US_BrDale,987,2,1.5,5.0,84.8
US_BrDale,987,2,1.5,5.0,68.32
US_BrDale,987,2,1.5,5.0,71.6
US_BrDale,1302,3,2.5,5.0,89.4
US_NPkVill,1069,2,2.0,5.0,112.0
US_NPkVill,1456,4,2.5,5.0,114.4
US_NPkVill,1055,2,2.0,5.0,118.8
US_NAmes,892,3,1.0,5.0,88.0
US_NridgHt,1932,2,2.0,5.0,315.6936
US_NridgHt,2332,3,2.5,5.0,340.8
US_NridgHt,2084,2,2.0,5.0,308.0
US_NridgHt,2713,3,2.5,5.0,357.0088
US_NridgHt,1582,3,2.0,5.0,254.0
US_NridgHt,1710,2,2.0,5.0,297.9216
US_NridgHt,2464,4,2.5,5.0,334.0
US_NridgHt,1950,2,2.0,5.0,306.4
US_NridgHt,2748,4,2.5,5.0,312.0
US_NridgHt,2790,4,2.5,5.0,368.0
US_NridgHt,2331,3,2.5,5.0,303.2
US_NridgHt,2088,4,2.5,5.0,200.0
US_NridgHt,2332,4,2.5,5.0,252.8
US_NridgHt,2470,1,1.5,5.0,492.0
US_NridgHt,2668,3,2.5,5.0,330.0
US_NridgHt,2046,3,2.5,5.0,227.2
US_NridgHt,1575,2,2.0,5.0,227.2
US_NridgHt,2649,4,2.5,5.0,337.0
US_NridgHt,2690,4,2.5,5.0,296.0
US_NridgHt,1866,2,2.0,5.0,269.488
US_NridgHt,1702,1,1.5,5.0,293.8352
US_NridgHt,1367,2,2.0,5.0,153.6
US_NridgHt,1518,1,1.5,5.0,219.2
US_NridgHt,1684,2,2.0,5.0,212.8
US_NridgHt,1800,2,2.0,5.0,296.7736
US_NridgHt,1342,2,2.0,5.0,187.4
US_NridgHt,1342,2,2.0,5.0,175.6
US_NridgHt,1626,2,2.5,5.0,124.0
US_NridgHt,1626,2,2.5,5.0,123.2
US_NridgHt,1358,2,2.0,5.0,165.6
US_Blmngtn,1455,2,2.0,5.0,156.0
US_Blmngtn,1576,2,2.0,5.0,175.992
US_Blmngtn,1504,2,2.0,5.0,152.8
US_Blmngtn,1266,2,2.0,5.0,127.916
US_Blmngtn,1246,2,2.0,5.0,150.1496
US_Gilbert,1515,3,2.5,5.0,143.2
US_Gilbert,1593,3,2.5,5.0,154.4
US_Gilbert,1166,2,2.0,5.0,152.0
US_Gilbert,1456,3,2.5,5.0,140.8
US_Gilbert,1720,3,2.5,5.0,150.4
US_Gilbert,1986,4,2.5,5.0,170.4
US_NridgHt,1358,2,2.0,5.0,173.84
US_Gilbert,1792,3,2.5,5.0,149.2
US_Gilbert,1892,3,2.5,5.0,181.4
US_Gilbert,1490,3,2.5,5.0,147.2
US_Gilbert,1414,3,2.5,5.0,140.8
US_Gilbert,2322,4,2.5,5.0,180.0
US_Gilbert,1651,3,2.5,5.0,148.72
US_NoRidge,2199,3,2.5,5.0,227.6
US_NoRidge,2630,4,2.5,5.0,252.0
US_NoRidge,2198,4,2.5,5.0,200.0
US_NoRidge,2172,4,2.5,5.0,232.8
US_NoRidge,2006,2,2.0,5.0,280.0
US_NoRidge,2125,4,2.5,5.0,223.6
US_NoRidge,2501,4,2.5,5.0,232.0
US_NoRidge,2113,2,2.5,5.0,280.0
US_NoRidge,2418,3,2.5,5.0,272.8
US_NoRidge,2197,4,2.5,5.0,230.0
US_NoRidge,2127,3,2.5,5.0,216.8
US_NoRidge,1987,2,2.0,5.0,241.2
US_Somerst,1580,3,2.0,5.0,188.1024
US_Somerst,1933,4,2.5,5.0,171.2
US_Somerst,1574,3,2.0,5.0,185.6
US_Somerst,1578,3,2.0,5.0,192.0
US_Somerst,1506,2,2.0,5.0,211.3056
US_Somerst,1563,3,2.0,5.0,196.0
US_Somerst,1428,3,2.0,5.0,182.144
US_Somerst,1861,3,3.0,5.0,205.6
US_Somerst,1874,3,2.5,5.0,238.32
US_Somerst,1460,3,2.0,5.0,197.6
US_Somerst,1372,3,2.0,5.0,170.16
US_Somerst,1372,3,2.0,5.0,200.464
US_Somerst,1428,3,2.0,5.0,145.6
US_Somerst,1768,3,2.5,5.0,181.36
US_Somerst,1992,3,2.5,5.0,200.0
US_Somerst,1958,3,2.5,5.0,200.0
US_Somerst,2078,3,2.5,5.0,271.8
US_Somerst,1665,3,2.5,5.0,164.76
US_Somerst,1660,3,2.0,5.0,204.8
US_Somerst,1218,2,2.0,5.0,184.2784
US_Somerst,1728,3,2.5,5.0,166.0
US_SawyerW,1080,3,1.0,5.0,112.8
US_SawyerW,1696,3,2.5,5.0,150.4
US_SawyerW,1663,3,2.5,5.0,154.0
US_SawyerW,1175,3,1.0,5.0,116.8
US_SawyerW,1114,3,1.5,5.0,127.2
US_SawyerW,1114,3,1.0,5.0,124.0
US_SawyerW,1640,3,2.5,5.0,138.4
US_SawyerW,1162,3,2.0,5.0,136.0
US_SawyerW,1609,3,2.5,5.0,145.6
US_SawyerW,1680,3,2.5,5.0,130.4
US_SawyerW,1679,3,2.0,5.0,154.8
US_SawyerW,1657,3,2.5,5.0,151.2
US_SawyerW,1677,3,2.5,5.0,152.4
US_SawyerW,1737,3,2.5,5.0,140.0
US_SawyerW,1294,3,2.0,5.0,143.36
US_SawyerW,1710,3,2.5,5.0,149.6
US_SawyerW,1617,2,2.0,5.0,154.4
US_SawyerW,1199,2,2.0,5.0,123.12
US_Sawyer,984,3,1.0,5.0,102.4
US_Sawyer,912,2,1.0,5.0,115.2
US_Sawyer,864,3,1.0,5.0,108.0
US_Sawyer,890,3,1.0,5.0,92.0
US_Sawyer,864,3,1.0,5.0,95.9328
US_Sawyer,912,3,1.0,5.0,113.6
US_Veenker,1430,3,2.0,5.0,153.6
US_Sawyer,1641,4,2.0,5.0,112.0
US_NoRidge,2683,4,2.5,5.0,232.0
US_NoRidge,2786,4,2.5,5.0,298.0
US_Somerst,1391,2,2.0,5.0,156.8
US_Somerst,1250,2,2.5,5.0,137.52
US_Somerst,1245,1,2.0,5.0,142.4
US_Somerst,1200,2,2.5,5.0,132.0
US_Somerst,1392,2,2.0,5.0,116.8
US_Somerst,1392,2,2.0,5.0,116.8
US_Somerst,1501,3,2.5,5.0,143.52
US_Somerst,1549,3,2.5,5.0,138.32
US_Somerst,1638,2,2.0,5.0,240.0
US_Somerst,1310,1,1.5,5.0,228.0
US_Somerst,1419,2,1.5,5.0,232.0
US_Somerst,1557,2,2.0,5.0,244.0
US_Somerst,1709,2,2.0,5.0,263.12
US_Somerst,1252,2,2.5,5.0,128.0
US_Somerst,1404,3,2.5,5.0,136.0
US_Somerst,1789,3,2.5,5.0,178.4
US_Somerst,1586,3,2.5,5.0,136.0
US_Somerst,1607,3,2.5,5.0,160.0
US_Somerst,2393,2,2.5,5.0,276.0
US_Veenker,1288,1,1.5,5.0,196.4
US_Veenker,1239,1,1.5,5.0,174.0
US_Veenker,1719,1,1.5,5.0,259.2
US_Veenker,1232,3,2.0,5.0,130.0
US_Veenker,2944,3,3.0,5.0,120.0
US_Veenker,1671,3,3.0,5.0,232.0
US_Somerst,1812,3,2.5,5.0,164.0
US_NWAmes,1682,3,2.0,5.0,139.2
US_NWAmes,1427,4,2.0,5.0,146.4
US_NWAmes,1740,4,1.5,5.0,120.0
US_NWAmes,1258,3,2.0,5.0,116.0
US_NWAmes,1620,4,2.0,5.0,172.0
US_NWAmes,1625,4,2.0,5.0,112.4
US_NWAmes,2614,4,2.5,5.0,192.0
US_NAmes,1464,4,1.5,5.0,112.8
US_NAmes,912,2,1.0,5.0,117.6
US_NAmes,925,3,1.0,5.0,108.0
US_NAmes,1728,6,2.0,5.0,116.0
US_NAmes,1728,6,2.0,5.0,114.08
US_NWAmes,1656,4,2.0,5.0,108.0
US_NWAmes,1670,4,1.5,5.0,136.0
US_NWAmes,2715,4,3.5,5.0,239.84
US_NWAmes,1876,4,2.5,5.0,148.0
US_NWAmes,1632,4,1.5,5.0,138.4
US_NAmes,999,3,1.0,5.0,142.72
US_NWAmes,1978,4,2.5,5.0,140.8
US_NAmes,1014,2,1.0,5.0,78.4
US_NAmes,907,3,1.0,5.0,87.2064
US_NAmes,952,2,1.0,5.0,108.6
US_NAmes,1128,3,2.0,5.0,124.0
US_NAmes,1425,3,2.0,5.0,144.4
US_NAmes,1165,3,1.5,5.0,139.92
US_NAmes,1136,3,1.0,5.0,112.0
US_NAmes,1092,3,1.0,5.0,116.0
US_NAmes,1265,3,2.0,5.0,143.92
US_NAmes,1350,3,1.5,5.0,134.8
US_NAmes,1114,3,1.0,5.0,112.0
US_NAmes,1053,3,1.5,5.0,116.4
US_NAmes,1252,3,1.0,5.0,113.6
US_NAmes,1100,3,1.0,5.0,112.8
US_NAmes,1118,3,1.0,5.0,122.4
US_BrkSide,720,2,1.0,5.0,58.0
US_BrkSide,729,2,1.0,5.0,41.6
US_BrkSide,1077,2,1.0,5.0,94.4
US_BrkSide,906,2,1.0,5.0,69.6
US_NAmes,1496,3,2.0,5.0,113.2
US_NAmes,1252,3,1.0,5.0,95.2
US_NAmes,1337,3,1.0,5.0,113.2
US_NAmes,1661,3,1.0,5.0,132.4
US_NAmes,1036,3,1.0,5.0,90.32
US_NAmes,1820,4,2.0,5.0,161.44
US_NAmes,1362,3,1.5,5.0,130.4
US_NAmes,1144,3,1.0,5.0,111.96
US_NAmes,1537,3,1.5,5.0,139.2
US_NAmes,1431,3,1.0,5.0,132.0
US_NAmes,1988,4,2.5,5.0,181.6
US_NAmes,1098,3,1.0,5.0,108.0
US_NAmes,1144,3,1.5,5.0,99.2
US_NAmes,1283,3,1.0,5.0,112.0
US_NAmes,1176,3,1.0,5.0,109.2
US_NAmes,1440,2,2.0,5.0,148.0
US_NAmes,1261,3,1.0,5.0,130.4
US_NAmes,1570,3,1.0,5.0,133.44
US_NAmes,1196,2,1.0,5.0,111.2
US_NAmes,1392,3,1.5,5.0,132.8
US_NAmes,1080,3,1.0,5.0,108.8
US_NAmes,1104,3,1.0,5.0,106.4
US_NAmes,882,2,1.0,5.0,92.8
US_NAmes,1152,3,1.5,5.0,110.0
US_NAmes,950,2,1.0,5.0,104.0
US_NAmes,1790,3,2.0,5.0,144.0
US_NAmes,952,2,1.0,5.0,111.2
US_NAmes,773,2,1.0,5.0,88.0
US_NAmes,1764,4,2.5,5.0,80.0
US_NAmes,1216,2,1.0,5.0,94.8
US_NAmes,1824,5,2.0,5.0,116.8
US_OldTown,869,1,1.0,5.0,71.92
US_OldTown,1159,3,1.0,5.0,91.2
US_NAmes,1558,3,1.5,5.0,112.0
US_OldTown,672,2,1.0,5.0,69.52
US_OldTown,1436,3,1.0,5.0,111.2
US_OldTown,1294,3,2.0,5.0,85.0
US_NAmes,1716,4,1.5,5.0,136.8
US_NAmes,1044,3,1.5,5.0,111.2
US_NAmes,1312,3,1.5,5.0,148.8
US_NAmes,1253,2,1.5,5.0,125.6
US_NAmes,1081,3,1.0,5.0,118.4
US_NAmes,2069,4,2.0,5.0,193.6
US_NAmes,910,3,1.0,5.0,92.8
US_NAmes,876,2,1.0,5.0,75.2
US_NAmes,1048,3,1.0,5.0,78.64
US_NAmes,1507,4,2.0,5.0,101.6
US_NAmes,1256,3,1.5,5.0,127.2
US_NAmes,1027,3,1.0,5.0,100.72
US_NAmes,1269,3,1.5,5.0,124.0
US_NAmes,1320,3,2.0,5.0,110.4
US_NAmes,984,2,1.0,5.0,90.0
US_NAmes,832,2,1.0,5.0,84.4
US_NAmes,1278,4,1.0,5.0,102.0
US_NAmes,1800,6,2.0,5.0,104.0
US_NAmes,1588,3,1.5,5.0,120.0
US_NAmes,825,2,1.0,5.0,87.6
US_NAmes,1796,4,1.5,5.0,112.0
US_NAmes,1611,4,1.5,5.0,134.32
US_NAmes,1117,3,1.0,5.0,109.496
US_OldTown,1133,3,1.0,5.0,114.4
US_OldTown,764,2,1.0,5.0,58.4
US_OldTown,1539,3,2.0,5.0,126.0
US_OldTown,1323,3,1.0,5.0,98.08
US_OldTown,1360,2,1.0,5.0,88.8
US_OldTown,2792,5,2.0,5.0,204.8
US_OldTown,672,2,1.0,5.0,51.2
US_OldTown,1456,4,1.5,5.0,111.6
US_OldTown,1594,3,2.0,5.0,94.4
US_OldTown,2082,3,2.5,5.0,160.0
US_OldTown,1656,2,2.0,5.0,95.3312
US_OldTown,1740,2,1.0,5.0,97.8
US_OldTown,1027,2,1.0,5.0,96.0
US_OldTown,1436,3,2.0,5.0,124.0
US_OldTown,899,2,1.0,5.0,62.4
US_OldTown,1080,3,1.0,5.0,76.0
US_OldTown,789,2,1.0,5.0,92.0
US_OldTown,1122,2,1.0,5.0,117.6
US_OldTown,1499,3,1.0,5.0,112.0
US_OldTown,407,1,1.0,5.0,37.2
US_OldTown,928,3,1.0,5.0,90.0
US_OldTown,901,2,1.0,5.0,86.32
US_OldTown,1588,5,2.0,5.0,52.0
US_OldTown,3493,3,3.0,5.0,236.0
US_OldTown,1627,4,2.0,5.0,111.6
US_OldTown,1416,4,1.5,5.0,123.12
US_OldTown,1450,3,1.0,5.0,105.6
US_OldTown,1344,4,1.0,5.0,78.4
US_OldTown,1017,2,1.0,5.0,91.2
US_OldTown,2350,4,2.0,5.0,104.0
US_OldTown,2058,3,1.5,5.0,103.6
US_OldTown,1540,3,1.5,5.0,103.52
US_OldTown,1378,3,2.0,5.0,128.8
US_OldTown,1912,3,2.0,5.0,130.4
US_OldTown,1484,3,2.0,5.0,102.4
US_OldTown,2358,4,2.0,5.0,97.6
US_OldTown,1111,2,1.0,5.0,93.52
US_OldTown,2775,3,3.5,5.0,260.0
US_OldTown,1086,2,1.0,5.0,44.0
US_OldTown,2495,5,2.0,5.0,147.2
US_OldTown,984,2,1.0,5.0,88.0
US_OldTown,1795,4,2.0,5.0,105.2
US_OldTown,882,2,1.0,5.0,77.6
US_OldTown,1093,2,1.0,5.0,92.4
US_BrkSide,1143,2,1.0,5.0,110.4
US_BrkSide,1668,3,1.5,5.0,86.4
US_BrkSide,935,2,1.0,5.0,63.6
US_BrkSide,1738,3,2.0,5.0,122.4
US_BrkSide,784,2,1.0,5.0,87.6
US_BrkSide,1210,3,1.0,5.0,99.2
US_BrkSide,1290,3,1.5,5.0,85.52
US_BrkSide,1672,3,1.5,5.0,131.92
US_BrkSide,949,2,1.0,5.0,95.2
US_BrkSide,1158,3,1.0,5.0,96.0
US_BrkSide,1497,3,2.0,5.0,125.6
US_BrkSide,1342,2,2.0,5.0,84.0
US_BrkSide,1013,3,1.0,5.0,90.4
US_BrkSide,1216,3,1.0,5.0,92.0
US_BrkSide,896,2,1.0,5.0,63.2
US_BrkSide,1136,2,1.0,5.0,98.4
US_BrkSide,808,1,1.0,5.0,65.04
US_BrkSide,1573,3,2.0,5.0,130.32
US_BrkSide,2009,4,2.0,5.0,120.0
US_OldTown,1902,4,2.0,5.0,98.8
US_OldTown,1774,2,2.0,5.0,103.92
US_BrkSide,1362,3,2.0,5.0,102.4
US_BrkSide,520,1,1.0,5.0,54.8
US_BrkSide,1285,2,1.0,5.0,101.6
US_BrkSide,1848,4,1.5,5.0,165.6
US_BrkSide,1820,4,2.0,5.0,147.2
US_BrkSide,1716,4,2.0,5.0,130.0
US_BrkSide,1505,3,1.0,5.0,116.0
US_BrkSide,838,2,1.0,5.0,104.0
US_OldTown,1984,5,2.0,5.0,128.0
US_OldTown,1666,3,1.0,5.0,128.8
US_OldTown,1609,3,1.0,5.0,102.0
US_IDOTRR,768,1,1.0,5.0,75.08
US_IDOTRR,1536,4,1.5,5.0,108.8
US_IDOTRR,1969,4,2.0,5.0,112.8
US_IDOTRR,1308,2,2.0,5.0,96.0
US_IDOTRR,1040,2,1.0,5.0,102.0
US_IDOTRR,1236,3,2.0,5.0,101.6
US_IDOTRR,1406,3,1.0,5.0,71.6
US_OldTown,825,2,1.0,5.0,100.0
US_OldTown,1198,4,1.0,5.0,63.92
US_IDOTRR,759,1,1.0,5.0,68.0
US_IDOTRR,1344,3,2.0,5.0,65.9
US_IDOTRR,1469,3,1.0,5.0,108.0
US_Sawyer,1054,3,1.0,5.0,99.2
US_Sawyer,1211,3,1.0,5.0,107.2
US_Sawyer,1271,4,2.0,5.0,108.0
US_ClearCr,1588,4,2.0,5.0,107.5456
US_Edwards,1355,4,2.0,5.0,102.0
US_Sawyer,1075,3,1.0,5.0,118.4
US_Sawyer,1040,3,1.0,5.0,103.6
US_Sawyer,1096,3,1.0,5.0,126.0
US_Sawyer,904,3,1.0,5.0,87.92
US_Sawyer,992,3,1.0,5.0,116.0
US_Sawyer,894,3,1.0,5.0,104.0
US_Sawyer,1034,3,1.0,5.0,122.4
US_Sawyer,1073,3,1.0,5.0,96.0
US_Sawyer,1126,2,1.0,5.0,121.6
US_Sawyer,1258,0,1.0,5.0,87.1672
US_Sawyer,1140,3,1.0,5.0,76.4328
US_Sawyer,1006,3,1.0,5.0,64.0
US_Sawyer,1228,3,1.5,5.0,119.48
US_Sawyer,960,3,1.0,5.0,115.92
US_Sawyer,1188,1,1.0,5.0,148.0
US_Sawyer,1383,3,1.0,5.0,132.0
US_ClearCr,1252,1,1.0,5.0,188.0
US_Sawyer,1601,3,1.0,5.0,112.0
US_Sawyer,672,2,1.0,5.0,86.4
US_ClearCr,1721,3,2.0,5.0,116.0
US_Sawyer,1350,2,1.5,5.0,121.92
US_Sawyer,904,3,1.0,5.0,115.2
US_ClearCr,1291,2,1.0,5.0,138.4
US_ClearCr,2022,4,2.5,5.0,153.6
US_ClearCr,1524,3,2.0,5.0,196.0
US_ClearCr,1363,2,1.0,5.0,193.2
US_ClearCr,1663,2,1.0,5.0,204.8
US_Edwards,1357,2,1.0,5.0,141.6
US_Edwards,1079,2,1.0,5.0,100.48
US_Edwards,1094,3,1.0,5.0,124.0
US_ClearCr,2358,5,3.0,5.0,192.0
US_Edwards,1518,2,1.0,5.0,208.0
US_Edwards,1674,4,2.0,5.0,148.0
US_Edwards,2108,4,2.0,5.0,188.0
US_Edwards,1509,3,1.0,5.0,127.92
US_Edwards,864,2,1.0,5.0,79.68
US_Edwards,1269,3,1.5,5.0,107.6
US_Edwards,1367,4,1.0,5.0,95.2
US_Edwards,1347,3,1.0,5.0,86.0
US_Edwards,1164,3,1.0,5.0,100.0
US_Edwards,1096,2,1.0,5.0,63.2
US_Edwards,1111,3,1.0,5.0,76.0
US_SawyerW,2329,4,2.5,5.0,209.824
US_SawyerW,2814,4,2.5,5.0,208.0
US_SawyerW,1626,3,2.5,5.0,181.2
US_SawyerW,2200,4,2.5,5.0,180.0
US_SawyerW,2037,3,2.5,5.0,183.2
US_CollgCr,1356,3,2.5,5.0,141.9512
US_CollgCr,1615,3,2.0,5.0,198.8
US_CollgCr,2276,3,2.0,5.0,380.0
US_CollgCr,1766,3,2.5,5.0,316.0312
US_SawyerW,2097,3,2.5,5.0,182.4
US_SawyerW,1511,3,2.0,5.0,180.0
US_ClearCr,1643,2,2.0,5.0,156.0
US_ClearCr,1688,4,2.5,5.0,160.0
US_CollgCr,990,3,1.0,5.0,124.0
US_CollgCr,1099,3,1.5,5.0,115.2
US_CollgCr,990,3,1.0,5.0,116.0
US_CollgCr,1418,3,2.0,5.0,180.8008
US_CollgCr,1771,3,2.5,5.0,172.56
US_CollgCr,1652,3,2.5,5.0,166.0
US_CollgCr,1790,3,2.5,5.0,154.4
US_CollgCr,1724,3,2.5,5.0,150.4
US_CollgCr,1479,3,2.0,5.0,152.8
US_CollgCr,1494,3,2.0,5.0,176.8
US_CollgCr,1792,3,2.5,5.0,185.2
US_CollgCr,1823,3,2.5,5.0,188.0
US_CollgCr,1786,3,2.5,5.0,178.8
US_CollgCr,938,3,1.0,5.0,104.2
US_CollgCr,985,3,2.0,5.0,119.92
US_CollgCr,1174,3,1.0,5.0,126.4
US_CollgCr,1026,3,1.0,5.0,117.6
US_CollgCr,1076,3,1.5,5.0,114.556
US_CollgCr,1558,2,2.0,5.0,130.4
US_CollgCr,924,3,1.0,5.0,88.0
US_CollgCr,864,3,1.0,5.0,101.6
US_CollgCr,780,2,1.0,5.0,99.92
US_CollgCr,1795,3,2.0,5.0,184.0
US_CollgCr,2031,3,2.5,5.0,189.6
US_CollgCr,1865,3,2.5,5.0,188.0
US_CollgCr,2161,3,2.5,5.0,184.4
US_CollgCr,1852,3,2.5,5.0,184.0
US_CollgCr,2031,3,2.5,5.0,178.0
US_CollgCr,2263,3,2.5,5.0,229.6
US_CollgCr,1947,3,2.5,5.0,219.2
US_CollgCr,1786,3,2.0,5.0,240.0
US_CollgCr,2290,4,2.5,5.0,204.72
US_CollgCr,1768,3,2.5,5.0,179.92
US_CollgCr,2327,4,2.5,5.0,192.0
US_CollgCr,1640,3,2.5,5.0,146.4
US_CollgCr,1764,3,2.5,5.0,165.6
US_CollgCr,1908,4,2.5,5.0,168.0
US_CollgCr,848,1,1.0,5.0,109.2
US_CollgCr,848,1,1.0,5.0,116.0
US_CollgCr,1493,3,2.0,5.0,167.12
US_CollgCr,1838,2,2.0,5.0,148.0
US_CollgCr,1536,3,2.0,5.0,171.2
US_CollgCr,1710,3,2.5,5.0,166.8
US_CollgCr,1445,3,2.0,5.0,149.2
US_CollgCr,1436,3,2.0,5.0,168.0
US_CollgCr,1582,3,2.5,5.0,148.72
US_CollgCr,1234,3,2.0,5.0,143.92
US_CollgCr,1564,3,2.0,5.0,175.0688
US_CollgCr,1361,3,2.0,5.0,154.4
US_CollgCr,1456,3,2.5,5.0,151.2
US_CollgCr,848,1,1.0,5.0,119.44
US_CollgCr,848,1,1.0,5.0,112.8
US_CollgCr,848,1,1.0,5.0,119.2
US_CollgCr,848,1,1.0,5.0,115.6
US_Edwards,796,2,1.0,5.0,68.0
US_Edwards,2200,4,3.0,5.0,116.72
US_Edwards,1092,3,1.0,5.0,98.4
US_Edwards,1256,3,1.5,5.0,118.0
US_Edwards,1033,3,1.0,5.0,132.0
US_Edwards,1127,3,1.5,5.0,108.0
US_Edwards,996,3,1.0,5.0,86.4
US_Edwards,1181,3,2.0,5.0,110.0
US_Edwards,1656,3,2.5,5.0,132.32
US_Edwards,1117,3,1.0,5.0,117.6
US_Edwards,1398,3,1.5,5.0,128.4
US_Edwards,1132,2,1.5,5.0,140.8
US_Edwards,3820,5,3.5,5.0,227.76
US_Edwards,5642,3,2.5,5.0,128.0
US_Edwards,1072,2,1.0,5.0,118.4
US_Edwards,1152,2,2.0,5.0,65.6
US_Edwards,1152,2,2.0,5.0,65.6
US_Edwards,1440,4,2.0,5.0,94.4
US_Edwards,1152,2,2.0,5.0,66.0
US_Edwards,784,2,1.0,5.0,73.52
US_Edwards,1053,2,1.5,5.0,96.0
US_Edwards,1137,4,1.5,5.0,76.8
US_Edwards,930,2,1.0,5.0,79.2
US_Edwards,1200,3,1.0,5.0,104.4
US_Edwards,1470,4,2.0,5.0,108.0
US_Edwards,1393,3,1.5,5.0,108.4
US_Edwards,1204,3,1.0,5.0,80.0
US_Edwards,1292,3,1.5,5.0,86.4
US_Edwards,864,2,1.0,5.0,78.4
US_Edwards,864,2,1.0,5.0,53.6
US_SWISU,1716,6,2.0,5.0,108.72
US_SWISU,1482,4,2.0,5.0,112.0
US_SWISU,2192,4,2.5,5.0,143.6
US_SWISU,1694,4,2.0,5.0,109.2
US_SWISU,1424,2,2.0,5.0,134.4
US_SWISU,1964,4,1.5,5.0,104.0
US_SWISU,2601,4,3.5,5.0,151.2
US_SWISU,1920,4,3.0,5.0,129.52
US_Crawfor,1316,2,1.0,5.0,116.0
US_Crawfor,2555,3,2.0,5.0,152.8
US_Crawfor,1680,4,2.0,5.0,141.6
US_Crawfor,1264,3,1.0,5.0,118.0
US_SWISU,790,2,1.0,5.0,72.8
US_Crawfor,1512,3,2.0,5.0,184.8
US_SWISU,1639,3,1.0,5.0,92.0
US_Crawfor,1603,4,1.0,5.0,110.4
US_Crawfor,1502,3,1.5,5.0,119.2
US_Crawfor,1660,3,1.5,5.0,150.96
US_Crawfor,1938,4,2.0,5.0,158.4
US_Crawfor,1374,3,1.0,5.0,88.0
US_Crawfor,1091,2,1.0,5.0,83.2
US_Crawfor,1873,4,1.5,5.0,205.6608
US_Crawfor,3447,4,3.5,5.0,304.8
US_Crawfor,1954,3,1.5,5.0,249.2
US_Crawfor,2161,3,2.5,5.0,210.72
US_Crawfor,1898,3,2.5,5.0,189.2
US_Crawfor,1640,3,1.0,5.0,179.2
US_Blueste,1032,2,1.0,5.0,93.2
US_Blueste,1556,3,2.5,5.0,120.8
US_IDOTRR,919,2,1.0,5.0,100.8
US_IDOTRR,1090,3,1.0,5.0,96.0
US_IDOTRR,796,2,1.0,5.0,44.0
US_IDOTRR,816,2,1.0,5.0,96.4
US_IDOTRR,778,2,1.0,5.0,96.4
US_IDOTRR,1200,4,1.0,5.0,95.2
US_IDOTRR,1656,3,1.5,5.0,100.8
US_IDOTRR,912,2,1.0,5.0,79.6
US_IDOTRR,1955,4,2.0,5.0,132.4
US_IDOTRR,733,2,1.0,5.0,10.48
US_IDOTRR,1361,2,1.0,5.0,71.2
US_IDOTRR,1317,3,1.0,5.0,32.0
US_IDOTRR,1049,2,1.0,5.0,64.72
US_IDOTRR,894,2,1.0,5.0,64.8
US_IDOTRR,864,3,1.5,5.0,52.0
US_Crawfor,1652,2,2.0,5.0,314.0
US_Crawfor,1648,2,2.0,5.0,235.5712
US_Crawfor,1646,2,2.0,5.0,200.0
US_Crawfor,1646,2,2.0,5.0,220.0
US_Mitchel,2032,3,3.0,5.0,240.0
US_Mitchel,1689,3,2.0,5.0,216.8
US_Mitchel,1820,3,2.5,5.0,170.4
US_Mitchel,1118,3,1.0,5.0,136.8
US_Mitchel,1279,3,2.0,5.0,137.2
US_Mitchel,1872,4,3.0,5.0,80.0
US_Mitchel,1689,3,2.0,5.0,182.8
US_Timber,1786,3,2.0,5.0,183.16
US_Timber,1501,2,2.0,5.0,193.2
US_Timber,2898,2,2.0,5.0,229.6
US_Timber,1537,3,2.0,5.0,235.2
US_Timber,1646,3,2.0,5.0,234.4616
US_Timber,1780,3,2.5,5.0,211.9728
US_Timber,1442,3,2.5,5.0,138.0
US_Timber,1394,3,2.5,5.0,134.0
US_Timber,1612,3,2.5,5.0,174.9512
US_Timber,1495,3,2.0,5.0,120.0
US_Timber,1651,3,2.0,5.0,147.2
US_Timber,1256,3,2.0,5.0,144.0
US_Timber,1509,3,2.0,5.0,140.0
US_Timber,1440,3,2.0,5.0,186.0
US_Timber,1675,3,2.0,5.0,156.0
US_Timber,2262,4,2.5,5.0,244.0
US_Timber,1728,3,2.0,5.0,239.0008
US_Timber,1964,3,2.5,5.0,296.0
US_Mitchel,1344,2,2.0,5.0,167.36
US_Mitchel,1344,2,2.0,5.0,165.04
US_Mitchel,1092,2,1.0,5.0,116.8
US_Mitchel,1189,2,2.0,5.0,128.4
US_Mitchel,1200,3,1.0,5.0,138.4
US_MeadowV,1040,3,1.0,5.0,99.2
US_MeadowV,1304,3,1.5,5.0,92.0
US_MeadowV,1475,4,2.0,5.0,103.6
US_MeadowV,988,2,1.0,5.0,84.0
US_MeadowV,988,1,1.0,5.0,75.92
US_Mitchel,1160,3,1.0,5.0,122.0
US_MeadowV,1092,3,2.5,5.0,78.4
US_MeadowV,630,1,1.0,5.0,64.8
US_Mitchel,988,2,1.0,5.0,90.4
US_Mitchel,816,2,1.0,5.0,102.8
US_Mitchel,923,3,1.0,5.0,95.6
US_Mitchel,816,3,1.0,5.0,104.4
US_Mitchel,816,2,1.0,5.0,110.4
US_Mitchel,845,3,1.0,5.0,107.6
US_Mitchel,1750,4,2.0,5.0,128.0
US_Mitchel,889,3,1.0,5.0,110.0
US_Mitchel,1968,4,2.5,5.0,137.6
US_IDOTRR,1836,4,2.0,5.0,82.4
US_NAmes,1587,3,2.0,5.0,133.84
US_NAmes,1277,2,1.0,5.0,133.6
US_NAmes,2223,3,2.0,5.0,195.2
US_NAmes,2217,4,2.0,5.0,214.4
US_Gilbert,1733,3,2.5,5.0,180.0
US_Gilbert,1572,3,2.5,5.0,134.4
US_Gilbert,1470,3,2.0,5.0,141.6
US_Gilbert,1600,3,2.5,5.0,135.2
US_Gilbert,1384,3,2.5,5.0,129.2
US_StoneBr,1652,2,2.0,5.0,200.8
US_Gilbert,1694,3,2.5,5.0,128.0
US_Gilbert,1714,3,2.5,5.0,144.0
US_Gilbert,1553,3,2.5,5.0,143.0
US_Gilbert,1253,3,2.0,5.0,140.8
US_Gilbert,2299,5,3.5,5.0,163.2
US_Gilbert,1187,3,2.0,5.0,128.0
US_Gilbert,1472,3,2.5,5.0,128.0
US_Gilbert,1482,3,2.5,5.0,131.12
US_Gilbert,1642,3,2.5,5.0,134.4
US_Gilbert,1128,3,1.0,5.0,123.3632
US_StoneBr,1088,2,1.5,5.0,136.0
US_StoneBr,2090,3,2.0,5.0,166.0
US_StoneBr,1179,2,2.0,5.0,145.6
US_StoneBr,1321,1,1.0,5.0,169.6
US_StoneBr,1922,3,2.0,5.0,301.9408
US_StoneBr,2541,4,3.5,5.0,279.412
US_StoneBr,2338,4,2.5,5.0,473.2696
US_Gilbert,1424,3,1.5,5.0,124.0
US_StoneBr,1612,2,2.0,5.0,255.92
US_StoneBr,1419,2,2.0,5.0,313.6
US_StoneBr,2234,1,1.5,5.0,353.5432
US_StoneBr,2042,3,2.0,5.0,364.0
US_NWAmes,1440,3,2.0,5.0,146.32
US_NWAmes,1284,3,2.0,5.0,139.2
US_NWAmes,1868,3,3.5,5.0,142.4
US_NWAmes,1479,3,2.5,5.0,140.8
US_NWAmes,1664,3,2.0,5.0,170.4
US_NWAmes,1930,4,2.5,5.0,153.6
US_NWAmes,1969,3,2.5,5.0,152.0
US_NWAmes,2030,4,2.5,5.0,156.0
US_NWAmes,1032,3,2.0,5.0,118.4
US_NWAmes,1177,3,2.0,5.0,121.2
US_NWAmes,1725,3,2.5,5.0,157.6
US_NWAmes,1353,2,2.0,5.0,153.88
US_NWAmes,1620,4,2.5,5.0,121.6
US_NWAmes,1220,2,2.0,5.0,136.0
US_NWAmes,1484,3,2.0,5.0,140.0
US_NWAmes,1743,3,2.0,5.0,140.0
US_NWAmes,1935,3,2.5,5.0,158.32
US_NWAmes,1324,3,2.0,5.0,139.2
US_NWAmes,1877,4,2.5,5.0,143.12
US_NAmes,1109,3,1.0,5.0,111.2
US_NAmes,981,3,1.5,5.0,114.6
US_NAmes,1479,4,1.5,5.0,147.2
US_NAmes,1422,3,1.0,5.0,124.0
US_NAmes,914,3,1.0,5.0,106.4
US_NAmes,950,3,1.0,5.0,95.6
US_NAmes,872,3,1.0,5.0,98.4
US_NAmes,858,2,1.0,5.0,88.0
US_NAmes,914,2,1.0,5.0,102.4
US_NAmes,864,3,1.0,5.0,96.4
US_NAmes,767,1,1.0,5.0,106.4
US_NAmes,1337,2,2.0,5.0,124.0
US_NAmes,1337,2,2.0,5.0,141.6
US_BrDale,1092,3,1.5,5.0,90.8
US_BrDale,1218,3,1.5,5.0,90.4
US_BrDale,1218,4,1.5,5.0,90.96
US_BrDale,1302,3,2.5,5.0,84.8
US_BrDale,1365,2,1.5,5.0,98.0
US_NPkVill,958,2,2.0,5.0,102.4
US_NPkVill,1548,3,2.5,5.0,124.0
US_NPkVill,1055,2,2.0,5.0,114.0
US_NAmes,988,3,1.0,5.0,103.4
US_NridgHt,1816,3,2.0,5.0,284.8
US_NridgHt,1828,3,2.0,5.0,251.8504
US_NridgHt,1694,3,2.0,5.0,254.4
US_NridgHt,1694,3,2.0,5.0,257.92
US_NridgHt,1734,3,2.0,5.0,254.4
US_NridgHt,2122,2,2.5,5.0,276.3792
US_NridgHt,2121,3,2.5,5.0,332.2384
US_NridgHt,2656,3,2.5,5.0,393.6
US_NridgHt,2550,4,2.5,5.0,271.1448
US_NridgHt,2046,2,2.5,5.0,360.0
US_NridgHt,2172,3,2.5,5.0,224.0
US_NridgHt,2552,3,2.0,5.0,383.2552
US_NridgHt,1973,3,2.0,5.0,316.0
US_NridgHt,2643,3,2.5,5.0,304.0
US_NridgHt,1634,3,2.0,5.0,200.0
US_NridgHt,1976,2,2.0,5.0,352.0
US_NridgHt,2758,4,2.5,5.0,334.4
US_NridgHt,2290,2,2.5,5.0,400.0536
US_NridgHt,2152,3,2.5,5.0,208.0928
US_NridgHt,2473,4,2.5,5.0,253.6
US_NridgHt,2100,3,2.5,5.0,255.6
US_NridgHt,2161,3,1.5,5.0,260.4992
US_NridgHt,1802,3,2.5,5.0,297.6
US_NridgHt,2956,5,2.5,5.0,273.6
US_NridgHt,2468,4,2.5,5.0,283.2
US_NridgHt,2385,3,2.5,5.0,280.0
US_NridgHt,2374,4,2.5,5.0,228.0
US_NridgHt,1818,3,2.5,5.0,225.2
US_NridgHt,1614,3,2.0,5.0,196.56
US_NridgHt,1721,3,2.0,5.0,186.1584
US_NridgHt,1828,3,2.5,5.0,200.0
US_NridgHt,1362,2,2.0,5.0,155.76
US_NridgHt,1302,1,1.5,5.0,163.2
US_NridgHt,1302,1,1.5,5.0,160.0
US_NridgHt,1362,2,2.0,5.0,165.6
US_NridgHt,1554,2,2.0,5.0,167.6
US_NridgHt,1554,2,2.0,5.0,167.6
US_NridgHt,1370,2,2.0,5.0,162.0
US_NridgHt,1577,2,2.0,5.0,224.0
US_NridgHt,1561,2,2.0,5.0,222.0
US_NridgHt,1869,2,2.0,5.0,254.4488
US_NridgHt,1324,2,2.0,5.0,177.096
US_NridgHt,1405,2,2.0,5.0,160.0
US_Gilbert,1496,3,3.0,5.0,145.404
US_Gilbert,1536,3,2.5,5.0,140.8
US_Gilbert,1484,3,2.5,5.0,143.12
US_Gilbert,1458,3,2.0,5.0,134.532
US_Gilbert,1495,3,2.5,5.0,137.54
US_Gilbert,1746,3,2.5,5.0,158.7552
US_Gilbert,1326,3,2.0,5.0,162.4
US_Gilbert,1456,3,2.5,5.0,143.632
US_Gilbert,1302,3,2.0,5.0,141.188
US_Gilbert,1340,3,2.0,5.0,144.9072
US_Gilbert,1412,3,2.5,5.0,125.5456
US_Gilbert,1504,3,2.5,5.0,132.8
US_Gilbert,1456,3,2.5,5.0,142.0752
US_Gilbert,1258,3,2.0,5.0,138.8
US_Blmngtn,1258,2,2.0,5.0,138.0
US_Blmngtn,1402,2,1.0,5.0,155.3608
US_Blmngtn,1589,2,2.0,5.0,181.2
US_Blmngtn,1266,2,2.0,5.0,148.388
US_Gilbert,1530,3,2.0,5.0,207.2
US_Gilbert,1119,2,2.0,5.0,150.8
US_Gilbert,1374,3,2.5,5.0,140.0
US_Gilbert,1959,4,2.5,5.0,172.0
US_Gilbert,1525,3,2.5,5.0,165.264
US_Gilbert,1720,3,2.5,5.0,146.8
US_Gilbert,1394,3,2.5,5.0,132.4
US_Gilbert,1948,4,2.5,5.0,168.8
US_Gilbert,1690,3,2.5,5.0,144.8
US_Gilbert,1995,4,2.5,5.0,175.6
US_Gilbert,1647,3,2.5,5.0,140.0
US_Gilbert,1430,3,2.5,5.0,136.0
US_Gilbert,1320,3,2.5,5.0,129.6
US_Gilbert,1690,3,2.5,5.0,149.6
US_Gilbert,1644,3,2.5,5.0,148.0
US_NoRidge,4476,4,3.5,5.0,596.0
US_NoRidge,2551,4,2.5,5.0,307.6
US_NoRidge,2285,4,2.5,5.0,198.4
US_NoRidge,2633,2,2.5,5.0,373.2
US_NoRidge,3078,4,2.5,5.0,328.0
US_NoRidge,2582,4,2.5,5.0,258.0
US_NoRidge,2385,4,2.5,5.0,201.6
US_NoRidge,4316,4,3.5,5.0,604.0
US_NoRidge,2013,3,2.5,5.0,215.832
US_NoRidge,2398,3,2.5,5.0,252.6
US_NoRidge,2520,4,2.5,5.0,232.0
US_NoRidge,2531,4,2.5,5.0,232.0
US_NoRidge,3228,4,3.0,5.0,344.0
US_NoRidge,2202,4,2.5,5.0,210.4
US_NoRidge,2538,4,2.5,5.0,264.0
US_Somerst,1369,3,2.0,5.0,170.5064
US_Somerst,1542,3,2.0,5.0,208.2088
US_Somerst,1905,3,2.0,5.0,256.0
US_Somerst,1464,3,2.0,5.0,226.3376
US_Somerst,1534,3,2.0,5.0,172.0
US_Somerst,1966,1,2.0,5.0,335.204
US_Somerst,1636,3,2.0,5.0,204.0
US_Somerst,1795,2,2.0,5.0,117.6
US_Somerst,1528,3,4.0,5.0,188.7008
US_Somerst,1726,3,2.0,5.0,249.4976
US_Somerst,1689,3,2.0,5.0,198.6624
US_Somerst,1588,3,2.0,5.0,181.6
US_Somerst,1538,3,2.0,5.0,208.0
US_Somerst,1496,3,2.0,5.0,180.0
US_Somerst,1506,3,2.0,5.0,199.2
US_Somerst,1694,3,2.0,5.0,245.6
US_Somerst,1977,3,2.5,5.0,200.0
US_Somerst,1830,3,2.5,5.0,177.04
US_Somerst,1338,3,2.0,5.0,167.12
US_Somerst,1335,3,2.0,5.0,168.32
US_Somerst,1792,3,2.5,5.0,204.0
US_Somerst,1588,3,3.0,5.0,169.6872
US_Somerst,1959,3,2.5,5.0,216.0
US_Somerst,2610,4,2.5,5.0,242.7816
US_Somerst,1880,3,2.5,5.0,248.0104
US_Somerst,1656,3,2.0,5.0,199.76
US_Somerst,1761,3,3.0,5.0,182.3
US_Somerst,1584,2,2.0,5.0,209.0632
US_Somerst,1685,2,2.0,5.0,202.4
US_Somerst,2443,4,2.5,5.0,212.0
US_Somerst,2466,4,3.0,5.0,272.0
US_SawyerW,1100,3,1.5,5.0,116.8
US_SawyerW,1143,3,1.5,5.0,117.6
US_SawyerW,1094,3,1.0,5.0,119.2
US_SawyerW,1486,3,2.0,5.0,144.8
US_SawyerW,1721,3,2.5,5.0,160.8
US_SawyerW,1820,3,2.5,5.0,153.4
US_SawyerW,1349,3,2.0,5.0,143.2
US_SawyerW,1494,3,2.0,5.0,172.0
US_SawyerW,1575,2,2.0,5.0,143.36
US_SawyerW,1266,2,1.5,5.0,102.4
US_SawyerW,884,2,1.0,5.0,115.2
US_SawyerW,2020,4,2.0,5.0,115.2
US_Sawyer,894,2,1.0,5.0,96.6
US_Sawyer,970,2,1.0,5.0,106.0
US_Sawyer,1057,3,1.0,5.0,105.6
US_Sawyer,999,3,1.0,5.0,106.0
US_Sawyer,1120,3,1.5,5.0,103.2
US_Sawyer,1696,3,1.5,5.0,115.12
US_Sawyer,1040,3,1.5,5.0,116.0
US_Sawyer,988,3,1.0,5.0,102.8
US_Sawyer,902,3,1.0,5.0,100.4
US_Veenker,2503,3,2.5,5.0,240.0
US_Veenker,2167,3,2.5,5.0,235.2
US_Sawyer,1037,2,1.0,5.0,103.2
US_Sawyer,1701,3,2.0,5.0,136.8
US_Sawyer,1055,2,1.0,5.0,117.6
US_NoRidge,2810,4,2.5,5.0,241.6
US_NoRidge,2872,4,2.5,5.0,228.0
US_Somerst,1378,2,2.0,5.0,171.2
US_Somerst,1151,2,2.0,5.0,132.8
US_Somerst,1565,2,2.0,5.0,155.04
US_Somerst,1352,2,2.0,5.0,167.12
US_Somerst,1352,2,2.0,5.0,155.2
US_Somerst,1550,2,2.5,5.0,166.0
US_Somerst,1241,1,1.5,5.0,159.92
US_Somerst,1250,2,2.5,5.0,131.76
US_Somerst,1501,3,2.5,5.0,141.2
US_Somerst,1458,2,2.5,5.0,140.8
US_Somerst,1512,2,2.5,5.0,134.8
US_Somerst,1573,3,2.5,5.0,141.6
US_Somerst,1525,3,2.5,5.0,141.6
US_Somerst,1102,2,2.5,5.0,119.04
US_Somerst,1441,2,2.5,5.0,139.2
US_Somerst,1950,3,2.5,5.0,191.2
US_Somerst,1358,3,2.0,5.0,163.2
US_Somerst,2048,3,2.5,5.0,240.8
US_Somerst,2362,3,2.5,5.0,250.0
US_Veenker,1494,1,1.5,5.0,223.76
US_Veenker,2362,3,2.5,5.0,204.0
US_Veenker,1432,2,1.5,5.0,155.2
US_Veenker,1437,3,2.0,5.0,174.4
US_Greens,1295,1,1.0,5.0,171.0
US_Veenker,1855,3,2.5,5.0,149.6
US_Veenker,1262,3,2.0,5.0,145.2
US_Veenker,2497,2,2.0,5.0,298.4
US_Sawyer,2620,4,3.0,5.0,152.0
US_Somerst,1929,3,2.5,5.0,180.8
US_NWAmes,1152,3,1.5,5.0,114.76
US_NWAmes,2411,4,2.5,5.0,192.04
US_NWAmes,1082,3,1.0,5.0,130.0
US_NWAmes,1295,3,1.5,5.0,131.2
US_NWAmes,1610,3,2.0,5.0,148.0
US_NWAmes,1594,2,2.0,5.0,150.8
US_NWAmes,2075,3,2.5,5.0,204.0
US_NWAmes,1680,4,2.0,5.0,109.524
US_NWAmes,1093,3,2.0,5.0,126.8
US_NWAmes,1242,3,1.5,5.0,140.4
US_NWAmes,1052,3,1.0,5.0,101.6
US_NAmes,1107,3,1.0,5.0,101.6
US_NAmes,1214,3,2.0,5.0,114.4
US_NAmes,1073,3,1.5,5.0,124.8
US_NAmes,1344,2,1.0,5.0,115.2
US_NAmes,1728,6,2.0,5.0,95.2
US_NAmes,1224,2,2.0,5.0,82.4
US_NAmes,1422,3,1.0,5.0,111.92
US_NAmes,958,2,1.0,5.0,121.2
US_NAmes,1065,3,1.5,5.0,101.2
US_NAmes,1138,3,1.0,5.0,116.0
US_NAmes,912,2,1.0,5.0,96.0
US_NAmes,1074,2,1.0,5.0,99.2
US_NAmes,882,3,1.0,5.0,85.2
US_NAmes,1187,2,1.0,5.0,112.4
US_NAmes,964,3,1.0,5.0,110.0
US_NAmes,894,3,1.0,5.0,94.08
US_NAmes,1200,3,2.0,5.0,130.8
US_NAmes,1042,3,2.0,5.0,128.8
US_NAmes,1302,3,2.0,5.0,126.4
US_NAmes,2154,5,2.5,5.0,179.6
US_NAmes,1374,3,1.0,5.0,117.6
US_NAmes,1652,3,1.5,5.0,160.0
US_NAmes,1429,3,1.0,5.0,145.52
US_NAmes,1327,3,1.0,5.0,120.6
US_NAmes,1224,2,2.0,5.0,81.44
US_NAmes,932,2,1.0,5.0,99.2
US_NAmes,908,2,1.0,5.0,110.8
US_BrkSide,334,1,1.0,5.0,31.44
US_BrkSide,666,2,1.0,5.0,51.6
US_BrkSide,670,2,1.0,5.0,51.2
US_BrkSide,808,2,1.0,5.0,89.6
US_NAmes,1977,4,1.5,5.0,132.0
US_NAmes,1150,2,1.0,5.0,115.2
US_NAmes,1920,4,2.0,5.0,109.6
US_NAmes,1376,3,1.0,5.0,84.0
US_NAmes,1644,3,1.5,5.0,117.2
US_NAmes,1560,4,2.0,5.0,100.8
US_NAmes,1280,3,2.0,5.0,140.0
US_NAmes,1254,3,1.0,5.0,126.8
US_NAmes,912,2,1.0,5.0,91.6
US_NAmes,1524,3,1.5,5.0,115.2
US_NAmes,2380,3,2.5,5.0,103.2
US_NAmes,936,2,1.0,5.0,112.8
US_NAmes,1008,3,1.0,5.0,104.8
US_NAmes,1053,3,1.0,5.0,113.68
US_NAmes,1056,3,1.0,5.0,111.2
US_NAmes,1442,4,1.5,5.0,126.32
US_NAmes,1056,3,1.0,5.0,111.52
US_NAmes,1244,3,1.5,5.0,120.0
US_NAmes,1144,3,1.0,5.0,96.0
US_NAmes,1721,4,1.0,5.0,139.88
US_NAmes,922,2,1.0,5.0,92.8
US_NAmes,1048,3,1.0,5.0,108.0
US_NAmes,1657,3,2.0,5.0,130.8
US_NAmes,1411,3,1.0,5.0,104.0
US_NAmes,1216,3,1.0,5.0,103.6
US_NAmes,1154,3,1.5,5.0,113.6
US_NAmes,1560,4,2.0,5.0,102.88
US_NAmes,948,2,1.0,5.0,100.0
US_NAmes,1040,3,1.0,5.0,108.8
US_NAmes,1008,2,1.0,5.0,107.6
US_NAmes,925,3,1.0,5.0,101.6
US_NAmes,1360,3,1.0,5.0,104.0
US_NAmes,1540,4,1.0,5.0,92.0
US_NAmes,925,3,1.0,5.0,93.52
US_NAmes,928,2,1.0,5.0,105.6
US_NAmes,1647,3,1.0,5.0,122.4
US_OldTown,924,2,1.0,5.0,90.0
US_OldTown,1544,3,2.0,5.0,110.4
US_NAmes,893,2,1.0,5.0,108.0
US_NAmes,1728,3,1.0,5.0,124.8
US_NAmes,3086,4,3.5,5.0,241.28
US_OldTown,1034,2,1.0,5.0,87.2
US_OldTown,882,1,1.0,5.0,82.56
US_OldTown,1281,1,2.0,5.0,102.8
US_OldTown,968,4,2.0,5.0,51.6
US_OldTown,1534,3,1.5,5.0,118.4
US_OldTown,691,2,1.0,5.0,68.8
US_NAmes,1651,4,2.0,5.0,137.6
US_NAmes,888,3,1.0,5.0,96.0
US_NAmes,952,3,1.0,5.0,102.8
US_NAmes,2080,5,2.0,5.0,108.0
US_NAmes,924,3,1.0,5.0,98.32
US_NAmes,1082,2,1.0,5.0,95.36
US_NAmes,1846,3,2.0,5.0,114.4
US_NAmes,988,3,1.0,5.0,95.2
US_NAmes,1238,3,1.5,5.0,81.6
US_NAmes,864,3,1.0,5.0,103.2
US_NAmes,1134,2,1.0,5.0,108.0
US_NAmes,1040,3,1.0,5.0,121.6
US_NAmes,1170,3,1.0,5.0,112.0
US_NAmes,1242,3,1.5,5.0,121.6
US_NAmes,1377,3,1.0,5.0,125.2
US_NAmes,1800,6,2.0,5.0,112.8
US_NAmes,925,3,1.0,5.0,79.2
US_NAmes,1851,3,2.5,5.0,149.6
US_NAmes,1812,4,2.0,5.0,135.6
US_NAmes,864,2,1.0,5.0,100.4
US_NAmes,936,3,1.0,5.0,104.0
US_OldTown,960,2,1.0,5.0,82.4
US_OldTown,1432,2,2.0,5.0,105.6
US_OldTown,1296,3,1.0,5.0,102.0
US_OldTown,1022,2,1.0,5.0,71.6
US_OldTown,936,2,1.0,5.0,112.0
US_OldTown,967,2,1.0,5.0,79.92
US_OldTown,1047,2,1.0,5.0,80.0
US_OldTown,1072,2,1.0,5.0,104.0
US_OldTown,1174,2,1.0,5.0,108.0
US_OldTown,1183,2,1.5,5.0,96.0
US_OldTown,1131,2,1.0,5.0,71.5768
US_OldTown,1141,3,1.0,5.0,68.0
US_OldTown,960,2,1.0,5.0,86.8
US_OldTown,1798,4,2.5,5.0,109.6
US_OldTown,866,2,1.0,5.0,88.4
US_OldTown,968,2,1.0,5.0,80.0
US_OldTown,1772,3,2.5,5.0,147.92
US_OldTown,1642,4,1.5,5.0,116.0
US_OldTown,1472,3,1.0,5.0,100.0
US_OldTown,1232,3,1.0,5.0,91.2
US_OldTown,2337,5,2.0,5.0,72.0
US_OldTown,1650,3,2.0,5.0,115.28
US_OldTown,2210,5,2.0,5.0,94.0
US_OldTown,1358,3,1.5,5.0,99.6
US_OldTown,2454,3,2.0,5.0,148.0
US_OldTown,2291,4,2.0,5.0,107.12
US_OldTown,1616,3,2.0,5.0,121.6
US_OldTown,1559,2,1.0,5.0,122.8
US_OldTown,2554,3,1.5,5.0,127.6
US_OldTown,1248,2,1.0,5.0,69.6
US_OldTown,968,2,1.0,5.0,83.6
US_OldTown,1382,1,2.0,5.0,88.0
US_BrkSide,1060,1,1.0,5.0,109.2
US_BrkSide,1435,3,1.0,5.0,102.6
US_BrkSide,1167,3,1.0,5.0,115.2
US_BrkSide,1635,3,1.5,5.0,168.0
US_BrkSide,1274,3,2.0,5.0,108.0
US_BrkSide,1232,3,1.5,5.0,102.4
US_BrkSide,1218,3,1.0,5.0,104.8
US_BrkSide,884,2,1.0,5.0,90.4
US_BrkSide,1409,3,1.5,5.0,100.8
US_BrkSide,1322,4,1.0,5.0,105.6
US_BrkSide,1426,3,1.0,5.0,105.4
US_BrkSide,1281,2,1.0,5.0,106.0
US_BrkSide,1513,4,1.5,5.0,110.0
US_BrkSide,854,2,1.0,5.0,105.6
US_BrkSide,1367,3,1.0,5.0,102.0
US_BrkSide,986,2,1.0,5.0,81.6
US_OldTown,2264,4,2.5,5.0,160.0
US_BrkSide,1824,3,1.0,5.0,144.4
US_BrkSide,1376,3,1.0,5.0,132.0
US_BrkSide,1316,4,1.0,5.0,72.0
US_BrkSide,1396,3,1.0,5.0,122.86
US_OldTown,1344,3,1.5,5.0,112.0
US_OldTown,2526,5,2.0,5.0,108.8
US_OldTown,1173,3,2.0,5.0,90.4
US_OldTown,1214,2,1.0,5.0,93.6
US_IDOTRR,1818,4,1.5,5.0,135.6
US_IDOTRR,1108,3,1.0,5.0,111.52
US_IDOTRR,2294,5,3.0,5.0,162.0
US_IDOTRR,1355,3,1.5,5.0,101.6
US_IDOTRR,1375,3,1.5,5.0,112.8
US_IDOTRR,1952,4,1.5,5.0,169.84
US_IDOTRR,2180,3,1.5,5.0,128.8
US_IDOTRR,1315,3,2.0,5.0,79.6
US_IDOTRR,1111,3,1.0,5.0,80.8
US_IDOTRR,1196,2,1.0,5.0,87.92
US_OldTown,1382,2,1.5,5.0,102.8
US_OldTown,1889,4,1.5,5.0,97.6
US_OldTown,840,3,1.0,5.0,69.6
US_IDOTRR,1484,3,2.0,5.0,40.0
US_Sawyer,2267,3,1.5,5.0,175.2
US_ClearCr,3086,3,3.0,5.0,160.4
US_Edwards,1134,3,1.5,5.0,100.8
US_SWISU,1282,2,1.0,5.0,86.8
US_Sawyer,999,3,1.0,5.0,104.0
US_Sawyer,1452,2,1.0,5.0,126.76
US_Sawyer,1005,3,1.0,5.0,92.32
US_Sawyer,1029,3,1.0,5.0,94.8
US_Sawyer,1020,3,2.0,5.0,132.0
US_Sawyer,1040,3,1.0,5.0,98.4
US_Sawyer,913,3,1.0,5.0,103.2
US_Sawyer,894,3,1.0,5.0,100.0
US_Sawyer,948,3,1.0,5.0,86.4
US_Sawyer,868,2,1.0,5.0,95.92
US_Sawyer,897,3,1.0,5.0,92.0
US_Sawyer,943,2,1.0,5.0,107.6
US_Sawyer,955,3,1.0,5.0,101.6
US_Sawyer,894,3,1.0,5.0,103.2
US_Sawyer,1285,3,1.5,5.0,114.8
US_Sawyer,912,3,1.0,5.0,103.2
US_Sawyer,1375,3,1.0,5.0,149.6
US_Sawyer,2654,4,3.0,5.0,126.4
US_Sawyer,1416,3,2.0,5.0,89.6
US_Sawyer,1302,2,1.5,5.0,132.2
US_Sawyer,1299,3,1.0,5.0,120.0
US_Sawyer,1176,3,1.0,5.0,109.6
US_Sawyer,998,3,1.0,5.0,71.6
US_ClearCr,1824,2,2.0,5.0,241.6
US_ClearCr,1522,3,2.0,5.0,145.6
US_ClearCr,2060,4,2.5,5.0,168.8
US_Edwards,1325,3,2.0,5.0,172.8
US_Edwards,1630,3,2.0,5.0,104.0
US_Edwards,1242,2,1.0,5.0,87.92
US_ClearCr,2422,4,3.0,5.0,204.0
US_Edwards,2158,4,2.0,5.0,194.4
US_Edwards,1626,3,1.5,5.0,123.2
US_SWISU,864,3,1.0,5.0,94.4
US_Edwards,943,3,1.0,5.0,64.0
US_Edwards,1440,4,2.0,5.0,120.0
US_Edwards,605,2,1.0,5.0,68.8
US_Edwards,1038,2,2.0,5.0,104.0
US_Edwards,1342,4,1.0,5.0,100.0
US_Edwards,1480,4,1.0,5.0,109.2
US_Edwards,1362,4,2.0,5.0,76.8
US_Edwards,1340,3,1.0,5.0,96.0
US_SawyerW,1822,4,2.0,5.0,182.8
US_SawyerW,1442,3,2.0,5.0,143.92
US_SawyerW,2243,4,2.5,5.0,180.0
US_SawyerW,2730,4,2.5,5.0,240.8
US_SawyerW,2127,4,2.5,5.0,190.4
US_SawyerW,1982,3,2.5,5.0,182.8
US_SawyerW,1958,3,2.5,5.0,176.0
US_CollgCr,2696,4,2.5,5.0,307.176
US_CollgCr,2828,4,3.0,5.0,339.896
US_CollgCr,1651,3,2.0,5.0,200.0
US_CollgCr,2140,3,2.5,5.0,288.0
US_CollgCr,1494,3,2.0,5.0,223.6
US_CollgCr,1316,3,2.0,5.0,160.1128
US_CollgCr,1651,3,2.0,5.0,197.2
US_CollgCr,2574,3,2.5,5.0,220.8
US_CollgCr,1274,3,2.0,5.0,162.4
US_CollgCr,1456,3,2.5,5.0,124.668
US_CollgCr,1240,2,2.0,5.0,155.2
US_CollgCr,1208,2,2.0,5.0,156.32
US_CollgCr,1546,3,2.0,5.0,173.6
US_CollgCr,1500,3,2.0,5.0,170.3992
US_CollgCr,1270,2,2.0,5.0,140.72
US_CollgCr,1795,3,2.5,5.0,152.8
US_CollgCr,1314,3,2.0,5.0,141.1456
US_SawyerW,2062,3,2.5,5.0,221.6
US_SawyerW,1873,3,2.5,5.0,165.6
US_ClearCr,2144,4,2.0,5.0,221.6
US_ClearCr,1953,3,2.5,5.0,192.0
US_ClearCr,2087,5,2.5,5.0,150.0
US_ClearCr,1743,0,0.5,5.0,223.2
US_CollgCr,1022,3,1.0,5.0,111.6
US_CollgCr,990,3,1.0,5.0,100.8
US_CollgCr,1200,3,2.0,5.0,142.0
US_CollgCr,1308,3,2.5,5.0,140.0
US_CollgCr,1796,3,2.5,5.0,168.8
US_CollgCr,990,3,1.0,5.0,116.8
US_CollgCr,1097,3,1.5,5.0,118.32
US_CollgCr,990,3,1.0,5.0,98.88
US_CollgCr,1786,3,2.5,5.0,163.8
US_CollgCr,1873,3,2.5,5.0,188.4
US_CollgCr,1753,3,2.5,5.0,173.6
US_CollgCr,1690,3,2.5,5.0,152.44
US_CollgCr,1842,3,2.5,5.0,174.0
US_CollgCr,1479,3,2.0,5.0,180.8
US_CollgCr,1668,3,2.5,5.0,144.0
US_CollgCr,894,3,1.0,5.0,104.8
US_CollgCr,1025,3,2.0,5.0,122.8
US_CollgCr,1009,3,2.0,5.0,128.0
US_CollgCr,1040,3,1.5,5.0,107.92
US_CollgCr,907,3,1.0,5.0,104.0
US_CollgCr,879,3,1.0,5.0,96.0
US_CollgCr,882,3,1.0,5.0,90.0
US_CollgCr,969,3,1.5,5.0,97.6
US_CollgCr,864,3,1.0,5.0,101.6
US_CollgCr,875,3,1.0,5.0,93.6
US_CollgCr,2000,3,2.0,5.0,244.72
US_CollgCr,2169,3,2.5,5.0,182.8
US_CollgCr,1673,3,2.0,5.0,216.0
US_CollgCr,1459,3,2.0,5.0,153.6
US_CollgCr,1932,3,2.5,5.0,170.4
US_CollgCr,1729,3,2.5,5.0,160.0
US_CollgCr,2452,4,2.5,5.0,213.6
US_CollgCr,1592,3,2.0,5.0,182.4
US_CollgCr,2439,4,2.5,5.0,220.0
US_CollgCr,1992,3,2.5,5.0,168.8
US_CollgCr,1668,3,2.0,5.0,228.0
US_CollgCr,2090,3,2.5,5.0,192.0
US_CollgCr,848,1,1.0,5.0,105.2
US_CollgCr,1341,1,1.5,5.0,197.52
US_CollgCr,1928,4,2.5,5.0,175.6
US_CollgCr,1337,3,2.0,5.0,148.0
US_CollgCr,1476,3,2.5,5.0,143.52
US_CollgCr,1797,3,2.5,5.0,170.8
US_CollgCr,1422,3,2.0,5.0,143.68
US_CollgCr,1190,2,2.0,5.0,138.8
US_CollgCr,1330,3,2.0,5.0,134.272
US_CollgCr,1491,3,2.5,5.0,134.94
US_CollgCr,1536,3,2.5,5.0,133.6
US_Edwards,1214,2,1.0,5.0,112.0
US_Edwards,936,2,1.0,5.0,94.8
US_Edwards,1088,2,1.0,5.0,88.0
US_Edwards,960,3,1.0,5.0,75.8
US_Edwards,1351,3,1.0,5.0,97.6
US_Edwards,1179,2,1.0,5.0,88.0
US_Edwards,816,3,1.0,5.0,94.8
US_Edwards,1044,3,1.0,5.0,106.8
US_Edwards,1113,3,1.5,5.0,118.4
US_Edwards,2233,5,2.5,5.0,112.8
US_Edwards,1125,2,1.5,5.0,124.0
US_Edwards,1090,2,1.5,5.0,125.6
US_Edwards,1408,3,2.5,5.0,137.2
US_Edwards,5095,2,2.5,5.0,147.08
US_Edwards,4676,3,3.5,5.0,147.8
US_Edwards,1072,2,1.0,5.0,112.0
US_Edwards,960,2,1.0,5.0,105.4
US_Edwards,1152,2,2.0,5.0,49.2
US_Edwards,948,3,1.0,5.0,88.8
US_Edwards,1195,4,2.0,5.0,78.8
US_Edwards,774,3,1.0,5.0,63.2
US_Edwards,865,2,1.0,5.0,86.8
US_Edwards,894,3,1.0,5.0,88.0
US_Edwards,1346,2,1.5,5.0,89.6
US_Edwards,768,2,1.0,5.0,100.0
US_Edwards,864,3,1.0,5.0,63.42
US_Edwards,948,3,1.0,5.0,95.2
US_SWISU,3395,8,2.0,5.0,160.0
US_SWISU,2592,6,2.0,5.0,120.0
US_Crawfor,1502,3,1.5,5.0,132.0
US_Crawfor,789,2,1.0,5.0,77.2
US_Crawfor,1422,3,1.0,5.0,109.2
US_Crawfor,1298,2,2.0,5.0,117.2
US_SWISU,1768,3,1.5,5.0,140.0
US_Crawfor,1098,2,1.0,5.0,118.8
US_Crawfor,1436,3,1.0,5.0,113.2
US_Crawfor,1426,3,1.5,5.0,151.96
US_Crawfor,1461,3,1.0,5.0,108.0
US_Crawfor,1646,4,2.0,5.0,131.2
US_Crawfor,694,2,1.0,5.0,72.28
US_Crawfor,1250,3,2.0,5.0,111.2
US_Crawfor,954,2,1.0,5.0,95.8
US_Crawfor,1958,4,2.0,5.0,116.0
US_Crawfor,2002,4,2.0,5.0,116.0
US_Crawfor,1718,4,2.5,5.0,190.4
US_Crawfor,1226,2,1.5,5.0,122.8
US_Crawfor,2624,4,2.5,5.0,191.2
US_Crawfor,3194,4,2.5,5.0,287.28
US_Crawfor,1755,4,2.0,5.0,150.4
US_Crawfor,1991,3,1.5,5.0,176.0
US_Crawfor,1355,3,2.0,5.0,112.0
US_Crawfor,2727,3,2.5,5.0,252.0
US_Crawfor,2320,3,2.5,5.0,207.6
US_Crawfor,1839,3,2.0,5.0,206.0
US_Crawfor,1740,3,1.5,5.0,175.6
US_Crawfor,2259,3,2.0,5.0,173.6
US_Crawfor,1560,3,1.5,5.0,160.8
US_Crawfor,1488,3,2.0,5.0,172.0
US_Blueste,1045,2,1.0,5.0,99.12
US_Crawfor,1680,4,2.0,5.0,136.0
US_Blueste,1020,1,1.0,5.0,160.0
US_Crawfor,1696,3,2.0,5.0,158.4
US_Crawfor,2515,4,3.0,5.0,160.4992
US_Crawfor,2726,2,2.5,5.0,252.0
US_IDOTRR,1517,3,2.0,5.0,92.0
US_IDOTRR,1215,3,1.0,5.0,112.8
US_IDOTRR,803,2,1.0,5.0,69.6
US_IDOTRR,1601,3,2.0,5.0,103.88
US_IDOTRR,1123,3,1.0,5.0,80.0
US_IDOTRR,1828,3,2.0,5.0,120.7272
US_IDOTRR,816,2,1.0,5.0,60.16
US_IDOTRR,1012,2,1.0,5.0,94.72
US_IDOTRR,1077,2,1.0,5.0,53.6
US_IDOTRR,1558,4,1.5,5.0,121.6
US_IDOTRR,845,1,1.0,5.0,54.4832
US_IDOTRR,1991,4,2.0,5.0,95.68
US_IDOTRR,1073,3,1.0,5.0,112.0
US_IDOTRR,1001,2,1.0,5.0,99.92
US_Crawfor,1625,2,2.0,5.0,300.0
US_Crawfor,1625,2,2.0,5.0,188.0
US_Mitchel,1299,2,2.0,5.0,146.8
US_Mitchel,912,2,1.0,5.0,124.8
US_Mitchel,1080,3,1.5,5.0,107.2
US_Mitchel,1392,3,2.0,5.0,172.0
US_Mitchel,1409,1,1.5,5.0,196.0
US_Mitchel,1478,3,2.0,5.0,168.0
US_Mitchel,918,3,1.0,5.0,118.4
US_Mitchel,1026,2,1.0,5.0,114.4
US_Timber,1501,2,2.0,5.0,195.2
US_GrnHill,1502,1,1.5,5.0,264.0
US_Timber,1328,2,1.5,5.0,136.0
US_Timber,2279,4,2.5,5.0,205.6
US_Timber,1689,3,2.0,5.0,185.3704
US_Timber,1564,2,2.0,5.0,213.84
US_Timber,1484,2,2.0,5.0,212.72
US_Timber,1571,3,2.0,5.0,191.2
US_Timber,1646,3,2.0,5.0,199.12
US_Timber,1240,3,2.0,5.0,139.2
US_Timber,1717,3,2.5,5.0,150.0
US_Timber,1756,3,2.5,5.0,163.2
US_Timber,1312,2,2.0,5.0,144.4
US_Timber,1146,3,2.0,5.0,150.0
US_Timber,1922,2,2.0,5.0,225.6
US_Timber,1491,3,2.0,5.0,142.4
US_Timber,1629,3,2.0,5.0,216.0
US_Timber,2486,5,3.5,5.0,223.92
US_Timber,1572,3,1.5,5.0,149.36
US_Timber,1776,3,2.0,5.0,226.7704
US_Timber,1824,3,2.0,5.0,313.6
US_Timber,2482,4,2.5,5.0,224.9704
US_Mitchel,1120,3,1.0,5.0,117.6
US_Mitchel,2034,2,1.0,5.0,104.0
US_Mitchel,936,0,0.5,5.0,112.0
US_Mitchel,1040,3,1.0,5.0,105.8
US_Mitchel,1632,4,2.0,5.0,114.4
US_Mitchel,1622,3,1.0,5.0,134.4
US_MeadowV,1060,3,1.0,5.0,103.92
US_MeadowV,1142,3,1.5,5.0,107.2
US_MeadowV,1092,3,1.5,5.0,68.4
US_MeadowV,992,2,1.0,5.0,85.2
US_MeadowV,1092,3,1.5,5.0,75.12
US_MeadowV,1092,3,1.5,5.0,60.0
US_MeadowV,630,1,1.0,5.0,67.6
US_MeadowV,1092,3,1.5,5.0,60.152
US_Mitchel,1062,3,1.0,5.0,117.44
US_Mitchel,1008,1,1.0,5.0,122.8
US_Mitchel,1356,3,2.0,5.0,150.4
US_Mitchel,1676,3,1.5,5.0,156.8
US_Mitchel,1432,3,1.5,5.0,125.6
US_Mitchel,796,2,1.0,5.0,110.4
US_Mitchel,768,2,1.0,5.0,103.6
US_Mitchel,1608,3,1.0,5.0,64.0
US_Mitchel,845,2,1.0,5.0,103.6
US_Mitchel,1178,3,1.5,5.0,108.0
US_Mitchel,816,2,1.0,5.0,99.6
US_Mitchel,816,2,1.0,5.0,111.2
US_Mitchel,974,3,1.0,5.0,74.8
US_Mitchel,887,3,1.0,5.0,99.6
US_NAmes,1293,2,2.0,5.0,119.92
US_NAmes,1024,2,1.0,5.0,126.0
US_NAmes,1797,3,1.5,5.0,135.2
US_NAmes,1390,1,1.5,5.0,201.6
US_NAmes,1851,3,2.0,5.0,153.68
US_Gilbert,1525,3,2.5,5.0,146.8
US_Gilbert,2236,4,2.5,5.0,177.6
US_Gilbert,1671,3,2.5,5.0,136.0
US_Gilbert,1498,3,2.5,5.0,150.0
US_Gilbert,1776,3,2.5,5.0,161.6
US_Gilbert,1511,3,2.5,5.0,148.0
US_Gilbert,2462,4,2.5,5.0,256.0
US_Gilbert,1670,3,2.0,5.0,192.0
US_Gilbert,2064,4,2.5,5.0,200.0
US_Gilbert,1801,3,2.5,5.0,191.92
US_Gilbert,2212,3,2.5,5.0,247.2
US_Gilbert,2021,3,2.5,5.0,219.78
US_StoneBr,2687,4,2.5,5.0,216.0
US_Gilbert,1169,3,2.0,5.0,146.8
US_Gilbert,1501,3,2.5,5.0,132.48
US_Gilbert,1632,3,2.5,5.0,141.2
US_StoneBr,1204,2,2.0,5.0,104.0
US_StoneBr,1767,2,2.0,5.0,191.2
US_StoneBr,1742,2,2.0,5.0,220.0
US_StoneBr,2798,3,3.5,5.0,365.8776
US_StoneBr,3390,5,3.5,5.0,436.1792
US_StoneBr,2473,4,2.5,5.0,285.1064
US_StoneBr,2868,4,3.5,5.0,445.2648
US_StoneBr,2576,4,2.5,5.0,289.5352
US_StoneBr,2698,4,2.5,5.0,428.0
US_StoneBr,2795,4,3.5,5.0,320.9432
US_StoneBr,2945,3,3.5,5.0,351.024
US_Gilbert,2320,2,2.0,5.0,135.2
US_Gilbert,1056,3,1.0,5.0,116.0
US_StoneBr,1714,2,2.0,5.0,254.4
US_StoneBr,1826,3,2.0,5.0,255.2
US_StoneBr,2000,3,2.5,5.0,376.0
US_NWAmes,1621,3,2.0,5.0,162.0
US_NWAmes,2183,4,2.5,5.0,183.2
US_NWAmes,2263,3,2.5,5.0,188.0
US_NWAmes,1574,3,2.5,5.0,152.0
US_NWAmes,1102,2,1.0,5.0,135.2
US_NWAmes,1872,3,2.0,5.0,193.2
US_NWAmes,1857,4,2.5,5.0,151.12
US_NWAmes,1686,3,2.0,5.0,166.0
US_NWAmes,2784,5,3.5,5.0,200.0
US_NWAmes,1552,3,2.5,5.0,143.92
US_NWAmes,1083,2,1.0,5.0,137.6
US_Somerst,2318,3,2.5,5.0,235.4584
US_NWAmes,1875,3,3.0,5.0,147.6
US_NWAmes,1074,3,1.5,5.0,122.8
US_NWAmes,1664,4,2.5,5.0,130.32
US_NWAmes,1309,3,1.5,5.0,144.8
US_NWAmes,1103,3,2.0,5.0,124.0
US_NAmes,1096,3,1.0,5.0,111.04
US_NAmes,864,3,1.0,5.0,92.84
US_NAmes,858,3,1.0,5.0,70.4
US_NAmes,874,3,1.0,5.0,78.0
US_NAmes,1419,2,2.0,5.0,152.0
US_BrDale,1092,3,1.5,5.0,84.4
US_BrDale,1365,3,1.5,5.0,100.4
US_BrDale,987,2,1.5,5.0,66.4
US_BrDale,1030,3,1.5,5.0,92.8
US_BrDale,1218,3,1.5,5.0,73.2
US_BrDale,1218,3,1.5,5.0,94.4
US_BrDale,948,2,1.5,5.0,71.2
US_BrDale,1092,3,1.5,5.0,86.4
US_BrDale,987,2,1.5,5.0,75.6
US_NPkVill,1069,2,2.0,5.0,117.04
US_NAmes,1387,3,1.0,5.0,116.0
US_NAmes,900,3,1.0,5.0,98.4
US_NPkVill,1055,2,2.0,5.0,110.0
US_NPkVill,1456,3,2.5,5.0,115.2
US_NridgHt,1980,3,2.0,5.0,252.0
US_NridgHt,2589,4,2.5,5.0,329.6664
US_NridgHt,2596,4,3.5,5.0,274.1144
US_NridgHt,1618,2,2.0,5.0,201.6
US_NridgHt,2076,2,2.5,5.0,372.0
US_NridgHt,1740,4,2.0,5.0,234.4
US_NridgHt,1868,2,2.0,5.0,332.0
US_NridgHt,1850,3,2.0,5.0,260.8
US_NridgHt,2376,4,3.5,5.0,260.24
US_NridgHt,2452,4,3.5,5.0,247.2
US_NridgHt,2206,4,2.5,5.0,240.0
US_NridgHt,2098,3,2.5,5.0,220.4
US_NridgHt,2091,3,2.5,5.0,270.8
US_NridgHt,2324,4,3.0,5.0,276.0
US_NridgHt,2253,3,2.5,5.0,275.3064
US_NridgHt,2389,4,2.5,5.0,238.5888
US_NridgHt,2358,4,2.5,5.0,263.92
US_NridgHt,1944,3,2.0,5.0,288.0
US_NridgHt,1970,3,2.5,5.0,224.8
US_NridgHt,1792,2,2.0,5.0,297.9176
US_NridgHt,1780,2,2.0,5.0,302.4
US_NridgHt,1792,2,2.0,5.0,299.2
US_NridgHt,2728,4,2.5,5.0,349.7232
US_NridgHt,1904,3,2.5,5.0,220.0
US_NridgHt,1914,3,2.5,5.0,223.2
US_NridgHt,1364,2,2.0,5.0,148.68
US_NridgHt,1565,2,2.0,5.0,226.0
US_NridgHt,1368,2,2.0,5.0,162.0
US_NridgHt,1368,2,2.0,5.0,162.132
US_NridgHt,1686,1,2.0,5.0,265.76
US_NridgHt,1666,2,2.0,5.0,248.072
US_NridgHt,1405,2,2.0,5.0,137.4
US_Gilbert,1316,3,2.0,5.0,135.992
US_Gilbert,1456,3,2.5,5.0,136.352
US_Gilbert,1492,3,2.5,5.0,135.988
US_Gilbert,1496,3,2.5,5.0,143.732
US_Gilbert,1863,4,2.5,5.0,175.368
US_Gilbert,1326,3,2.0,5.0,139.352
US_Gilbert,1456,3,2.5,5.0,138.228
US_Gilbert,2373,4,2.5,5.0,206.4
US_Gilbert,1492,3,2.5,5.0,148.0808
US_Blmngtn,1364,2,2.0,5.0,168.2
US_Blmngtn,1557,2,2.0,5.0,187.2
US_Blmngtn,1456,2,2.0,5.0,172.0
US_Blmngtn,1511,2,2.0,5.0,197.592
US_Blmngtn,1414,2,2.0,5.0,142.992
US_Blmngtn,1548,2,2.0,5.0,180.0
US_Blmngtn,1248,2,2.0,5.0,133.792
US_Blmngtn,1142,2,2.0,5.0,125.456
US_Blmngtn,1506,2,2.0,5.0,170.792
US_Blmngtn,1567,1,2.0,5.0,211.6488
US_Blmngtn,1500,2,2.0,5.0,197.2624
US_Gilbert,1838,4,2.5,5.0,153.712
US_Gilbert,1509,3,2.5,5.0,146.56
US_Gilbert,1414,3,2.5,5.0,142.4
US_Gilbert,1598,3,2.5,5.0,161.192
US_Gilbert,1936,3,2.5,5.0,184.4
US_Gilbert,1509,3,2.5,5.0,144.0
US_Gilbert,1664,3,2.5,5.0,137.92
US_Gilbert,1889,3,2.5,5.0,172.0
US_Gilbert,1886,4,2.5,5.0,159.92
US_Gilbert,1671,3,2.5,5.0,138.4
US_Gilbert,2322,4,3.5,5.0,230.0816
US_Gilbert,2291,4,2.5,5.0,184.0
US_NoRidge,2392,3,2.5,5.0,278.4
US_NoRidge,1976,3,2.5,5.0,228.8
US_NoRidge,2234,3,2.5,5.0,240.0
US_NoRidge,3627,4,3.5,5.0,500.0
US_NoRidge,2855,4,2.5,5.0,324.0
US_NoRidge,1924,3,2.5,5.0,224.0
US_NoRidge,2263,4,2.5,5.0,206.4
US_NoRidge,2726,4,2.5,5.0,280.0
US_NoRidge,3500,4,3.5,5.0,467.6
US_NoRidge,2494,4,2.5,5.0,256.8
US_NoRidge,2526,4,2.5,5.0,232.0
US_NoRidge,2799,3,2.5,5.0,252.0
US_Somerst,1964,3,2.5,5.0,201.6
US_Somerst,1670,2,2.5,5.0,269.456
US_Somerst,2097,1,1.5,5.0,338.4
US_Somerst,1660,3,2.0,5.0,232.0
US_Somerst,1616,3,2.0,5.0,185.6
US_Somerst,1504,3,2.0,5.0,159.2
US_Somerst,1278,2,2.0,5.0,158.88
US_Somerst,2640,3,3.5,5.0,324.5992
US_Somerst,1489,3,2.0,5.0,186.08
US_Somerst,1939,3,2.5,5.0,212.8
US_Somerst,1553,3,2.5,5.0,149.2
US_Somerst,1716,3,2.5,5.0,160.66
US_Somerst,1576,3,2.5,5.0,157.6
US_Somerst,1262,2,2.0,5.0,148.0
US_Somerst,1266,3,2.0,5.0,140.8
US_Somerst,1301,2,2.0,5.0,150.2
US_SawyerW,1142,3,1.5,5.0,111.6
US_SawyerW,1400,3,2.0,5.0,149.44
US_SawyerW,1131,3,1.5,5.0,105.6
US_SawyerW,1141,3,1.5,5.0,114.0
US_SawyerW,1158,3,1.5,5.0,126.4
US_SawyerW,1686,3,2.5,5.0,147.2
US_SawyerW,1585,3,2.5,5.0,147.92
US_SawyerW,1837,3,2.5,5.0,149.6
US_SawyerW,1603,3,2.5,5.0,140.72
US_SawyerW,1731,3,2.5,5.0,198.8
US_SawyerW,1398,2,2.0,5.0,137.6
US_SawyerW,1217,2,2.0,5.0,120.8
US_SawyerW,1320,3,2.5,5.0,120.0
US_SawyerW,1056,2,1.0,5.0,85.6
US_SawyerW,965,3,1.0,5.0,95.92
US_Sawyer,988,3,1.0,5.0,103.6
US_Sawyer,1728,6,2.0,5.0,100.0
US_Sawyer,1654,4,2.0,5.0,95.6
US_Sawyer,1211,2,1.0,5.0,115.2
US_Sawyer,1212,3,1.0,5.0,120.8
US_Sawyer,984,3,1.0,5.0,100.8
US_Sawyer,909,3,1.0,5.0,92.8
US_Sawyer,925,2,1.0,5.0,106.8
US_Sawyer,1024,3,1.5,5.0,96.7
US_Sawyer,935,3,1.0,5.0,109.6
US_Sawyer,912,3,1.0,5.0,99.2
US_Sawyer,1236,3,1.0,5.0,108.0
US_Sawyer,941,3,1.0,5.0,103.36
US_Veenker,2646,3,2.0,5.0,208.0
US_NoRidge,2417,4,2.5,5.0,208.0
US_NoRidge,2826,3,2.5,5.0,267.2
US_NoRidge,2520,5,2.5,5.0,248.0
US_NoRidge,2295,4,2.5,5.0,214.4
US_NoRidge,1624,2,2.0,5.0,209.6
US_Somerst,1143,1,1.5,5.0,141.12
US_Somerst,1247,1,1.5,5.0,157.6
US_Somerst,1200,2,2.5,5.0,120.8
US_Somerst,1223,2,2.5,5.0,117.92
US_Somerst,1223,2,2.5,5.0,119.92
US_Somerst,1200,2,2.5,5.0,115.3216
US_Somerst,1524,2,2.5,5.0,132.8
US_Somerst,1452,3,2.5,5.0,147.12
US_Somerst,1382,3,2.5,5.0,132.0
US_Somerst,1080,2,2.5,5.0,111.2
US_Somerst,1694,3,2.5,5.0,160.0
US_Somerst,1568,3,2.0,5.0,176.8
US_Veenker,1494,2,1.5,5.0,216.0
US_Veenker,1208,3,1.5,5.0,132.0
US_Greens,1235,1,1.0,5.0,171.2
US_Greens,1036,1,1.0,5.0,150.4
US_Greens,1226,1,1.0,5.0,152.0
US_Greens,1226,1,1.0,5.0,136.0
US_Veenker,1842,0,0.5,5.0,308.0
US_NWAmes,1193,2,2.0,5.0,117.2
US_NWAmes,1920,4,3.0,5.0,136.0
US_NWAmes,2156,3,2.0,5.0,210.0
US_NWAmes,1416,3,2.5,5.0,143.92
US_NWAmes,2654,4,2.5,5.0,200.0
US_NWAmes,1790,4,2.0,5.0,132.12
US_NWAmes,1334,3,2.0,5.0,131.6
US_NWAmes,1164,3,1.5,5.0,112.0
US_NAmes,980,3,2.0,5.0,108.4
US_NAmes,1051,3,1.0,5.0,113.6
US_NAmes,1770,4,1.5,5.0,124.0
US_NAmes,976,2,1.0,5.0,126.0
US_NAmes,1052,3,1.5,5.0,110.8
US_NAmes,898,3,1.0,5.0,112.0
US_NAmes,1051,3,1.0,5.0,99.52
US_NAmes,1141,3,1.0,5.0,126.4
US_NAmes,1200,1,1.5,5.0,116.8
US_NWAmes,1993,4,2.5,5.0,152.0
US_NAmes,1050,3,1.0,5.0,109.2
US_NAmes,864,3,1.0,5.0,103.92
US_NAmes,1712,4,2.0,5.0,116.0
US_NAmes,1565,3,2.0,5.0,148.72
US_NAmes,1251,3,1.0,5.0,128.0
US_NAmes,1488,3,1.5,5.0,133.6
US_NAmes,1440,4,1.5,5.0,126.0
US_NAmes,1095,2,1.0,5.0,112.0
US_NAmes,1053,3,1.5,5.0,120.0
US_NAmes,1248,3,1.0,5.0,121.2
US_NAmes,816,2,1.0,5.0,103.84
US_NAmes,1008,2,1.0,5.0,109.6
US_NAmes,1043,2,1.0,5.0,109.6
US_BrkSide,1230,3,1.5,5.0,97.28
US_BrkSide,869,2,1.0,5.0,68.4
US_BrkSide,747,1,1.0,5.0,63.92
US_BrkSide,1252,3,1.0,5.0,101.6
US_NAmes,1433,3,1.0,5.0,128.8
US_NAmes,1624,2,1.0,5.0,117.2
US_NAmes,1216,3,1.0,5.0,108.0
US_NAmes,2136,4,2.0,5.0,110.32
US_NAmes,1578,3,1.0,5.0,106.4
US_NAmes,1728,3,1.5,5.0,109.6
US_NAmes,936,2,1.0,5.0,96.8
US_NAmes,1584,4,2.0,5.0,95.2
US_NAmes,1246,3,1.0,5.0,137.6
US_NAmes,1235,2,1.0,5.0,78.88
US_NAmes,2157,4,2.5,5.0,180.8
US_NAmes,1128,2,1.0,5.0,94.4
US_NAmes,3112,4,2.0,5.0,188.0
US_NAmes,1008,2,1.0,5.0,108.0
US_NAmes,1190,3,1.0,5.0,106.0
US_NAmes,1144,3,1.0,5.0,114.4
US_NAmes,1364,3,1.5,5.0,105.6
US_NAmes,1383,3,1.5,5.0,116.2
US_NAmes,1336,3,1.5,5.0,129.6
US_NAmes,1370,3,1.0,5.0,118.4
US_NAmes,1092,2,1.0,5.0,112.8
US_NAmes,1124,3,1.0,5.0,122.4
US_NAmes,1236,2,1.0,5.0,107.56
US_NAmes,943,2,1.0,5.0,108.768
US_NAmes,1050,3,1.0,5.0,124.8
US_NAmes,1375,2,1.0,5.0,112.0
US_NAmes,1008,2,1.0,5.0,111.6
US_NAmes,1575,2,1.5,5.0,124.0
US_NAmes,1145,3,1.0,5.0,101.6
US_NAmes,1005,2,1.0,5.0,106.8
US_NAmes,1056,3,1.5,5.0,100.0
US_NAmes,884,2,1.0,5.0,113.6
US_NAmes,2039,3,1.5,5.0,133.6
US_NAmes,1384,2,1.0,5.0,127.2
US_OldTown,2640,5,2.5,5.0,144.0
US_NAmes,1312,3,1.5,5.0,101.6
US_OldTown,1310,2,2.0,5.0,89.6
US_OldTown,713,2,1.0,5.0,79.84
US_OldTown,833,2,1.0,5.0,93.6
US_OldTown,1073,2,1.0,5.0,86.784
US_NAmes,715,2,1.0,5.0,54.4
US_OldTown,720,1,1.0,5.0,69.52
US_OldTown,1130,2,1.0,5.0,96.0
US_OldTown,1595,3,2.0,5.0,124.4
US_OldTown,1760,4,1.5,5.0,64.0
US_OldTown,1214,3,1.0,5.0,84.0
US_OldTown,2414,3,2.0,5.0,128.0
US_OldTown,1466,3,2.0,5.0,136.0
US_NAmes,1324,3,2.0,5.0,128.0
US_NAmes,1086,3,1.0,5.0,127.96
US_NAmes,1146,3,1.0,5.0,132.0
US_NAmes,1734,3,1.5,5.0,127.2
US_NAmes,1207,3,1.5,5.0,117.6
US_NAmes,912,2,1.0,5.0,92.0
US_NAmes,1194,3,1.0,5.0,127.6
US_NAmes,864,2,1.0,5.0,96.0
US_NAmes,816,2,1.0,5.0,103.92
US_NAmes,1773,3,2.0,5.0,146.4
US_NAmes,1472,2,2.0,5.0,126.0
US_NAmes,2448,3,3.0,5.0,222.0
US_NAmes,1600,2,1.0,5.0,166.0
US_NAmes,1521,3,1.5,5.0,118.0
US_NAmes,1192,4,1.5,5.0,108.0
US_NAmes,1040,2,1.0,5.0,87.6
US_NAmes,1040,2,1.0,5.0,87.92
US_NAmes,1040,3,1.0,5.0,106.96
US_NAmes,1040,2,2.0,5.0,65.12
US_NAmes,1040,2,2.0,5.0,70.0
US_NAmes,1040,2,2.0,5.0,74.8
US_NAmes,1556,4,2.0,5.0,95.2
US_NAmes,1150,3,1.0,5.0,112.8
US_NAmes,1150,3,1.0,5.0,116.8
US_NAmes,1348,3,1.5,5.0,124.0
US_NAmes,999,3,1.0,5.0,107.6
US_NAmes,1045,3,1.0,5.0,96.0
US_NAmes,864,3,1.0,5.0,84.0
US_NAmes,1025,3,1.0,5.0,99.2
US_OldTown,2014,5,2.0,5.0,135.2
US_OldTown,1328,3,1.0,5.0,85.6
US_OldTown,1668,3,1.0,5.0,108.0
US_OldTown,1657,4,1.0,5.0,89.2
US_OldTown,1416,3,1.0,5.0,125.2
US_OldTown,1641,3,1.5,5.0,142.4
US_OldTown,1428,4,1.0,5.0,111.92
US_OldTown,1004,2,1.0,5.0,84.0
US_OldTown,813,2,1.0,5.0,88.0
US_OldTown,1951,4,2.0,5.0,89.2
US_OldTown,1032,2,1.0,5.0,86.4
US_OldTown,844,2,1.0,5.0,89.2
US_OldTown,1750,3,1.0,5.0,99.2
US_OldTown,864,2,1.0,5.0,84.0
US_OldTown,1118,2,1.0,5.0,92.8
US_OldTown,1376,2,1.0,5.0,77.52
US_OldTown,960,3,1.0,5.0,108.4
US_OldTown,1566,5,1.5,5.0,111.2
US_OldTown,492,1,1.0,5.0,49.2
US_OldTown,1182,3,1.5,5.0,96.0
US_OldTown,1163,3,1.0,5.0,100.94
US_OldTown,840,2,1.0,5.0,51.2
US_OldTown,1928,4,2.0,5.0,109.6
US_OldTown,1774,4,2.0,5.0,69.6
US_OldTown,1768,2,1.5,5.0,130.4
US_OldTown,2104,5,2.0,5.0,124.0
US_OldTown,1440,3,1.0,5.0,63.2
US_OldTown,1690,3,1.0,5.0,115.2
US_OldTown,1368,3,1.0,5.0,91.6032
US_OldTown,1762,4,1.5,5.0,125.6
US_OldTown,1200,4,1.0,5.0,100.0
US_OldTown,3608,4,2.5,5.0,380.0
US_OldTown,1248,2,2.0,5.0,74.8
US_OldTown,960,3,1.0,5.0,100.0
US_IDOTRR,1020,2,1.0,5.0,51.6
US_BrkSide,788,2,1.0,5.0,80.0
US_BrkSide,1577,3,1.0,5.0,112.16
US_BrkSide,1827,2,1.0,5.0,162.0
US_BrkSide,1664,3,2.0,5.0,127.2
US_OldTown,1118,3,1.0,5.0,95.92
US_BrkSide,1176,3,1.0,5.0,91.6
US_BrkSide,1344,3,1.0,5.0,92.0
US_BrkSide,1162,3,1.0,5.0,60.0
US_BrkSide,1015,3,1.0,5.0,70.4
US_BrkSide,912,2,1.0,5.0,64.4
US_BrkSide,1576,3,1.0,5.0,119.2
US_BrkSide,1324,3,1.0,5.0,88.0
US_OldTown,1103,2,1.0,5.0,88.4
US_BrkSide,616,2,1.0,5.0,71.2
US_BrkSide,1048,2,1.0,5.0,90.4
US_BrkSide,816,2,1.0,5.0,87.2
US_OldTown,2486,5,2.0,5.0,176.0
US_BrkSide,960,3,1.0,5.0,103.2
US_OldTown,1635,2,1.0,5.0,93.6
US_OldTown,693,2,1.0,5.0,42.0
US_IDOTRR,1430,3,2.0,5.0,85.6
US_IDOTRR,1330,3,1.0,5.0,93.2
US_IDOTRR,819,2,1.0,5.0,57.6
US_IDOTRR,1376,3,2.0,5.0,95.6
US_IDOTRR,1360,2,1.5,5.0,100.4
US_IDOTRR,1077,3,1.0,5.0,72.8
US_IDOTRR,754,2,1.0,5.0,67.6
US_IDOTRR,984,3,1.0,5.0,72.0
US_Sawyer,1422,3,1.0,5.0,110.0
US_Sawyer,1921,4,2.0,5.0,120.0
US_Sawyer,1640,3,1.0,5.0,104.8
US_ClearCr,1352,3,1.0,5.0,104.0
US_Edwards,1032,2,1.0,5.0,100.0
US_SWISU,879,2,1.0,5.0,64.0
US_SWISU,1073,2,2.0,5.0,125.6
US_Sawyer,1382,3,1.5,5.0,118.4
US_Sawyer,1296,2,2.0,5.0,72.0
US_Sawyer,1068,3,1.0,5.0,123.6
US_Sawyer,1064,3,1.0,5.0,122.88
US_Sawyer,1320,3,1.0,5.0,131.6
US_Sawyer,934,2,1.0,5.0,105.6
US_Sawyer,1059,3,1.0,5.0,114.0
US_Sawyer,1159,3,1.5,5.0,126.4
US_Sawyer,1400,3,1.5,5.0,119.6
US_Sawyer,1458,3,1.5,5.0,132.0
US_Sawyer,1721,3,2.5,5.0,144.0
US_Sawyer,1040,3,1.0,5.0,128.4
US_Sawyer,1967,6,2.0,5.0,125.2
US_Sawyer,1949,6,2.0,5.0,125.6
US_Sawyer,1920,4,2.0,5.0,138.0
US_Sawyer,1803,3,2.0,5.0,124.0
US_Sawyer,1779,3,1.5,5.0,136.0
US_Sawyer,872,2,1.0,5.0,84.0
US_Sawyer,960,0,0.0,5.0,116.0
US_Sawyer,1437,3,1.5,5.0,134.4
US_ClearCr,1830,2,1.0,5.0,222.4
US_ClearCr,1000,1,1.0,5.0,131.2
US_ClearCr,2287,3,2.0,5.0,180.0
US_Sawyer,810,2,1.0,5.0,104.0
US_Sawyer,894,3,1.0,5.0,114.0
US_ClearCr,1700,2,2.5,5.0,118.72
US_ClearCr,1453,2,1.5,5.0,152.0
US_Edwards,1350,3,1.5,5.0,116.8
US_Edwards,1150,3,1.0,5.0,102.4
US_Edwards,2008,3,3.0,5.0,180.0
US_Edwards,2201,4,2.0,5.0,219.976
US_Edwards,2009,4,2.0,5.0,188.0
US_Edwards,3672,5,3.5,5.0,332.0
US_Edwards,1560,3,2.0,5.0,145.6
US_Edwards,1488,3,1.0,5.0,108.0
US_Edwards,1057,3,1.0,5.0,109.6
US_Edwards,1855,4,2.0,5.0,109.52
US_Edwards,1609,5,1.5,5.0,119.92
US_Edwards,1148,2,1.0,5.0,98.8
US_Edwards,1124,3,1.0,5.0,74.4
US_Edwards,1456,4,1.0,5.0,73.2
US_SawyerW,1298,3,2.0,5.0,144.0
US_SawyerW,2559,4,2.5,5.0,167.2
US_SawyerW,1911,3,2.5,5.0,172.0
US_SawyerW,1440,2,2.0,5.0,179.6
US_CollgCr,1876,3,2.5,5.0,183.84
US_CollgCr,1208,2,2.0,5.0,146.88
US_CollgCr,1220,2,2.0,5.0,155.2
US_CollgCr,1294,2,2.0,5.0,155.1032
US_CollgCr,1614,3,2.0,5.0,177.2
US_CollgCr,1498,2,2.0,5.0,163.92
US_CollgCr,1962,3,2.5,5.0,191.8392
US_CollgCr,1846,3,2.0,5.0,186.844
US_CollgCr,1734,3,2.0,5.0,208.0
US_CollgCr,1590,2,2.5,5.0,235.92
US_CollgCr,1809,3,2.5,5.0,167.76
US_CollgCr,1614,3,2.0,5.0,180.0
US_CollgCr,1596,3,2.5,5.0,144.8
US_SawyerW,1915,3,2.5,5.0,176.0
US_ClearCr,1582,4,2.0,5.0,152.0
US_ClearCr,988,1,1.0,5.0,144.0
US_ClearCr,1533,2,2.0,5.0,224.0
US_ClearCr,1388,3,2.0,5.0,127.12
US_CollgCr,914,2,1.0,5.0,118.4
US_CollgCr,1100,3,1.5,5.0,116.0
US_CollgCr,1499,3,2.5,5.0,149.6
US_CollgCr,1425,3,2.0,5.0,154.4
US_CollgCr,990,3,1.0,5.0,124.8
US_CollgCr,1525,3,2.0,5.0,188.0
US_CollgCr,1494,3,2.0,5.0,173.6
US_CollgCr,1588,3,2.0,5.0,171.2
US_CollgCr,1749,3,2.5,5.0,156.8
US_CollgCr,1779,3,2.5,5.0,173.6
US_CollgCr,1861,3,2.5,5.0,160.0
US_CollgCr,1776,3,2.5,5.0,154.0
US_CollgCr,1541,3,2.0,5.0,164.0
US_CollgCr,954,3,1.0,5.0,106.0
US_CollgCr,1388,3,1.5,5.0,126.0
US_CollgCr,1282,3,2.0,5.0,139.2
US_CollgCr,971,3,1.5,5.0,102.8
US_CollgCr,864,3,1.0,5.0,102.8
US_CollgCr,894,3,1.0,5.0,119.92
US_CollgCr,864,3,1.0,5.0,95.92
US_Landmrk,1320,3,2.5,5.0,109.6
US_CollgCr,1989,3,2.5,5.0,204.0
US_CollgCr,1762,3,2.5,5.0,177.6
US_CollgCr,1755,3,2.5,5.0,171.2
US_CollgCr,1358,1,1.5,5.0,176.0
US_CollgCr,1787,3,2.0,5.0,220.0
US_CollgCr,1909,4,2.5,5.0,157.6
US_CollgCr,1654,3,2.0,5.0,184.0
US_CollgCr,2214,3,2.5,5.0,214.8
US_CollgCr,2049,4,2.5,5.0,168.72
US_CollgCr,1939,3,2.5,5.0,181.6
US_CollgCr,1995,4,2.5,5.0,189.6
US_CollgCr,2097,3,2.5,5.0,219.44
US_CollgCr,1836,3,2.0,5.0,173.4696
US_CollgCr,848,1,1.0,5.0,106.4
US_CollgCr,848,1,1.0,5.0,124.72
US_CollgCr,1919,3,2.5,5.0,186.584
US_CollgCr,1390,3,2.0,5.0,165.6
US_CollgCr,1948,4,2.5,5.0,156.0
US_CollgCr,1700,3,2.0,5.0,160.0
US_CollgCr,1737,3,2.5,5.0,162.528
US_CollgCr,1611,3,2.5,5.0,156.64
US_CollgCr,1552,3,2.0,5.0,170.32
US_CollgCr,1720,3,2.5,5.0,157.2
US_CollgCr,1336,3,2.0,5.0,158.4
US_CollgCr,1500,3,2.5,5.0,139.12
US_CollgCr,1456,3,2.5,5.0,131.192
US_CollgCr,1310,3,2.0,5.0,131.992
US_Edwards,1436,3,2.0,5.0,78.4
US_Edwards,1466,3,1.5,5.0,119.92
US_Edwards,1220,2,1.0,5.0,81.6
US_Edwards,1012,4,2.0,5.0,102.0
US_Edwards,980,4,2.0,5.0,102.0
US_Edwards,1176,2,1.0,5.0,95.92
US_Edwards,1724,3,2.5,5.0,157.2
US_Edwards,914,2,1.0,5.0,93.8
US_Edwards,2314,3,2.5,5.0,183.2
US_Edwards,1072,2,1.0,5.0,116.0
US_Edwards,1072,2,2.0,5.0,112.0
US_Edwards,1072,2,1.0,5.0,114.0
US_Edwards,1709,3,2.0,5.0,107.2
US_Edwards,1709,3,2.0,5.0,104.0
US_Edwards,1709,3,2.0,5.0,104.0
US_Edwards,1709,3,2.0,5.0,110.0
US_Edwards,1708,3,2.0,5.0,104.0
US_Edwards,936,3,1.0,5.0,78.32
US_Edwards,1338,3,2.0,5.0,73.6
US_Edwards,1669,4,1.5,5.0,85.6
US_Edwards,1184,5,1.0,5.0,64.8
US_Edwards,1221,4,1.0,5.0,83.92
US_Edwards,864,2,1.0,5.0,92.0
US_Edwards,1482,3,2.0,5.0,100.0
US_Edwards,1250,3,1.5,5.0,92.8
US_Edwards,1414,3,1.0,5.0,66.4
US_SWISU,2230,5,1.0,5.0,94.8
US_Edwards,498,1,1.0,5.0,28.0
US_Edwards,1273,3,1.0,5.0,96.8
US_SWISU,1928,5,2.0,5.0,128.0
US_SWISU,1595,2,1.0,5.0,112.0
US_SWISU,1551,3,2.0,5.0,109.6
US_SWISU,1340,3,1.0,5.0,102.4
US_SWISU,1479,3,1.0,5.0,128.0
US_Crawfor,1784,4,1.5,5.0,111.1096
US_SWISU,1510,3,1.0,5.0,119.2
US_SWISU,1522,4,2.0,5.0,81.6
US_Crawfor,1636,4,1.5,5.0,133.6
US_Crawfor,1802,4,1.5,5.0,160.08
US_SWISU,1465,3,2.0,5.0,104.8
US_SWISU,1288,4,1.0,5.0,89.6
US_Crawfor,1717,3,1.0,5.0,112.0
US_Crawfor,1550,3,1.5,5.0,156.0
US_Crawfor,1517,3,1.0,5.0,184.0
US_Crawfor,1717,2,1.5,5.0,155.2
US_Crawfor,1180,2,1.0,5.0,110.0
US_Crawfor,2057,3,1.5,5.0,200.0
US_Crawfor,1671,4,2.0,5.0,174.4
US_Crawfor,2345,4,2.5,5.0,191.2
US_Crawfor,1609,3,1.5,5.0,159.6
US_Crawfor,1801,3,1.5,5.0,168.0
US_Crawfor,1811,2,1.0,5.0,184.0
US_Crawfor,1647,3,2.0,5.0,174.0
US_Crawfor,2315,4,2.0,5.0,205.6
US_Crawfor,1336,2,1.0,5.0,125.6
US_Crawfor,1844,3,2.0,5.0,178.4
US_IDOTRR,976,2,1.0,5.0,81.6
US_IDOTRR,1285,3,1.0,5.0,116.32
US_IDOTRR,672,2,1.0,5.0,57.6
US_IDOTRR,641,2,1.0,5.0,68.0
US_IDOTRR,951,2,1.0,5.0,85.2
US_IDOTRR,1638,4,2.0,5.0,111.2
US_IDOTRR,1336,3,1.5,5.0,86.4
US_IDOTRR,729,2,1.0,5.0,41.3512
US_IDOTRR,480,1,0.0,5.0,28.2488
US_IDOTRR,1396,4,2.0,5.0,92.0
US_IDOTRR,936,2,1.0,5.0,62.4
US_Crawfor,1778,2,2.0,5.0,300.0
US_Crawfor,1646,2,2.0,5.0,240.0
US_Mitchel,1625,3,2.0,5.0,194.0
US_Mitchel,1664,4,2.0,5.0,116.0
US_Mitchel,1491,3,2.0,5.0,167.2
US_Mitchel,1004,2,1.0,5.0,108.0
US_Mitchel,1210,3,2.0,5.0,118.4
US_Mitchel,1959,5,3.0,5.0,136.8
US_Timber,2519,4,2.5,5.0,268.0
US_GrnHill,1295,2,2.0,5.0,184.0
US_Timber,1650,2,1.0,5.0,200.6112
US_Timber,1707,2,2.5,5.0,182.4
US_Timber,1137,2,2.0,5.0,140.8
US_Timber,1339,2,2.0,5.0,144.0
US_Timber,2514,4,2.5,5.0,200.0
US_Timber,1403,2,2.0,5.0,161.6
US_Timber,1800,3,2.0,5.0,250.0
US_Timber,1960,3,2.0,5.0,256.0
US_Timber,2028,2,2.0,5.0,295.92
US_Timber,1838,3,2.0,5.0,287.92
US_Mitchel,1600,3,1.5,5.0,65.2
US_Mitchel,1368,2,2.0,5.0,172.0
US_Mitchel,1216,2,2.0,5.0,131.2
US_Mitchel,1337,2,2.0,5.0,122.8
US_Mitchel,1140,3,1.0,5.0,67.6
US_MeadowV,1304,3,1.5,5.0,83.6
US_MeadowV,1475,4,2.0,5.0,101.6
US_MeadowV,2521,5,2.5,5.0,121.12
US_Mitchel,874,3,1.0,5.0,101.2
US_Mitchel,1652,4,2.0,5.0,117.2
US_MeadowV,630,1,1.0,5.0,58.4
US_MeadowV,1092,3,1.5,5.0,63.52
US_Mitchel,1360,3,1.0,5.0,112.0
US_MeadowV,630,1,1.0,5.0,73.6
US_MeadowV,1092,3,1.5,5.0,70.04
US_MeadowV,1092,3,1.5,5.0,63.6
US_MeadowV,1092,3,1.5,5.0,72.4
US_MeadowV,1092,3,1.5,5.0,56.8
US_Mitchel,1728,4,2.0,5.0,120.72
US_Mitchel,1728,4,2.0,5.0,150.4
US_Mitchel,1126,3,2.0,5.0,128.0
US_Mitchel,1224,4,1.0,5.0,104.8
US_Mitchel,1003,3,1.0,5.0,114.0
US_Mitchel,902,2,1.0,5.0,104.8
US_Mitchel,970,3,1.0,5.0,105.6
US_Mitchel,1389,2,1.0,5.0,136.0
US_Mitchel,2000,3,2.5,5.0,150.4
